ISO-10303-21;
HEADER;
FILE_DESCRIPTION(('CATIA V5 STEP Exchange','CAx-IF Rec.Pracs.--- Model Styling and Organization---1.5--- 2016-08-15','CAx-IF Rec.Pracs.---Supplemental Geometry---1.0---2011-11-01','CAx-IF Rec.Pracs.---Representation and Presentation of Product Manufacturing Information (PMI)---4.0---2014-10-13','CAx-IF Rec.Pracs.--- Composite Materials ---3.4---2017-06-13','CAx-IF Rec.Pracs.---Tessellated 3D Geometry---1.0---2015-12-17'),'2;1');

FILE_NAME('C:\\Users\\robert.tshavhungwe\\Downloads\\Piston.stp','2025-10-12T07:33:20+00:00',('none'),('none'),'CATIA Version 5-6 Release 2024','CATIA V5 STEP AP242 v3','none');

FILE_SCHEMA(('AP242_MANAGED_MODEL_BASED_3D_ENGINEERING_MIM_LF  {1 0 10303 442 1 1 4}'));

ENDSEC;
DATA;
#5=PRODUCT('Part18','','',(#2)) ;
#2=PRODUCT_CONTEXT(' ',#1,'mechanical') ;
#1=APPLICATION_CONTEXT('managed model based 3d engineering') ;
#10=PRODUCT_DEFINITION('',' ',#6,#3) ;
#3=PRODUCT_DEFINITION_CONTEXT('part definition',#1,' ') ;
#11=PRODUCT_DEFINITION_SHAPE(' ',' ',#10) ;
#2353=MECHANICAL_DESIGN_GEOMETRIC_PRESENTATION_REPRESENTATION(' ',(#29),#16) ;
#7=PRODUCT_CATEGORY('part','specification') ;
#19=SHAPE_REPRESENTATION(' ',(#18),#16) ;
#17=CARTESIAN_POINT(' ',(0.,0.,0.)) ;
#31=CARTESIAN_POINT('Axis2P3D Location',(10.,0.,-3.)) ;
#36=CARTESIAN_POINT('Line Origine',(10.,-7.5,-3.)) ;
#40=CARTESIAN_POINT('Vertex',(10.,-7.5,-3.)) ;
#42=CARTESIAN_POINT('Vertex',(29.0473750966,-7.5,-3.)) ;
#46=CARTESIAN_POINT('Control Point',(29.0473750966,7.5,-3.)) ;
#47=CARTESIAN_POINT('Control Point',(29.0473750956,7.5,-4.42064962422)) ;
#48=CARTESIAN_POINT('Control Point',(29.1342272753,7.1636257742,-5.84130227169)) ;
#49=CARTESIAN_POINT('Control Point',(29.3087872043,6.49218041563,-7.14459713886)) ;
#50=CARTESIAN_POINT('Control Point',(29.6047224328,5.06891453719,-8.79609681579)) ;
#51=CARTESIAN_POINT('Control Point',(29.8398153509,3.19670772115,-9.84182800948)) ;
#52=CARTESIAN_POINT('Control Point',(29.9056987971,2.52526737573,-10.1174618393)) ;
#53=CARTESIAN_POINT('Control Point',(30.0226755711,0.791459013127,-10.5947669208)) ;
#54=CARTESIAN_POINT('Control Point',(30.0123112858,-1.02596009711,-10.5462389693)) ;
#55=CARTESIAN_POINT('Control Point',(29.9535785133,-2.09270708664,-10.3213090082)) ;
#56=CARTESIAN_POINT('Control Point',(29.7118795838,-4.51762659764,-9.33467545756)) ;
#57=CARTESIAN_POINT('Control Point',(29.3474299872,-6.34402393423,-7.4215517695)) ;
#58=CARTESIAN_POINT('Control Point',(29.1470653411,-7.11390134319,-6.04407079823)) ;
#59=CARTESIAN_POINT('Control Point',(29.0473750966,-7.5,-4.52203545978)) ;
#60=CARTESIAN_POINT('Control Point',(29.0473750966,-7.5,-3.)) ;
#61=CARTESIAN_POINT('Vertex',(29.0473750966,7.5,-3.)) ;
#64=CARTESIAN_POINT('Line Origine',(10.,7.5,-3.)) ;
#68=CARTESIAN_POINT('Vertex',(10.,7.5,-3.)) ;
#71=CARTESIAN_POINT('Axis2P3D Location',(10.,0.,-3.)) ;
#84=CARTESIAN_POINT('Control Point',(29.0473750966,-7.5,-3.)) ;
#85=CARTESIAN_POINT('Control Point',(29.0473750966,-7.5,-1.58067500513)) ;
#86=CARTESIAN_POINT('Control Point',(29.1340646612,-7.16425275982,-0.161350115771)) ;
#87=CARTESIAN_POINT('Control Point',(29.3083000342,-6.49404939234,1.14095647171)) ;
#88=CARTESIAN_POINT('Control Point',(29.6039626292,-5.07280844883,2.79232278307)) ;
#89=CARTESIAN_POINT('Control Point',(29.8391668521,-3.20267457005,3.83903931162)) ;
#90=CARTESIAN_POINT('Control Point',(29.9051693423,-2.53146035876,4.11526388716)) ;
#91=CARTESIAN_POINT('Control Point',(30.0224910791,-0.798074431298,4.59407397106)) ;
#92=CARTESIAN_POINT('Control Point',(30.0125381355,1.01940100843,4.54712610093)) ;
#93=CARTESIAN_POINT('Control Point',(29.9540380619,2.08634924378,4.32312539206)) ;
#94=CARTESIAN_POINT('Control Point',(29.7126415652,4.51338009356,3.3380830554)) ;
#95=CARTESIAN_POINT('Control Point',(29.3479455225,6.34204894428,1.42510014421)) ;
#96=CARTESIAN_POINT('Control Point',(29.147237783,7.11323673246,0.0466862719101)) ;
#97=CARTESIAN_POINT('Control Point',(29.0473750975,7.5,-1.47665512597)) ;
#98=CARTESIAN_POINT('Control Point',(29.0473750966,7.5,-3.)) ;
#100=CARTESIAN_POINT('Axis2P3D Location',(10.,0.,-3.)) ;
#112=CARTESIAN_POINT('Axis2P3D Location',(10.,-12.5,-20.5)) ;
#117=CARTESIAN_POINT('Line Origine',(12.,-12.5,-0.25)) ;
#121=CARTESIAN_POINT('Vertex',(12.,-12.5,7.5)) ;
#123=CARTESIAN_POINT('Vertex',(12.,-12.5,-8.)) ;
#126=CARTESIAN_POINT('Line Origine',(16.7906209275,-12.5,-8.)) ;
#130=CARTESIAN_POINT('Vertex',(21.5812422709,-12.5,-8.)) ;
#133=CARTESIAN_POINT('Line Origine',(21.5812418549,-12.5,-0.25)) ;
#137=CARTESIAN_POINT('Vertex',(21.5812418549,-12.5,7.5)) ;
#140=CARTESIAN_POINT('Line Origine',(16.7906209275,-12.5,7.5)) ;
#152=CARTESIAN_POINT('Axis2P3D Location',(12.,-10.5,-5.5)) ;
#157=CARTESIAN_POINT('Line Origine',(10.,-10.5,-5.5)) ;
#161=CARTESIAN_POINT('Vertex',(10.,-10.5,7.5)) ;
#163=CARTESIAN_POINT('Vertex',(10.,-10.5,-8.)) ;
#166=CARTESIAN_POINT('Axis2P3D Location',(12.,-10.5,-8.)) ;
#171=CARTESIAN_POINT('Axis2P3D Location',(12.,-10.5,7.5)) ;
#183=CARTESIAN_POINT('Axis2P3D Location',(12.,-10.5,7.5)) ;
#188=CARTESIAN_POINT('Axis2P3D Location',(12.,-10.5,9.5)) ;
#192=CARTESIAN_POINT('Vertex',(12.,-14.5,9.5)) ;
#194=CARTESIAN_POINT('Vertex',(8.,-10.5,9.5)) ;
#197=CARTESIAN_POINT('Axis2P3D Location',(8.,-10.5,7.5)) ;
#202=CARTESIAN_POINT('Axis2P3D Location',(12.,-14.5,7.5)) ;
#214=CARTESIAN_POINT('Axis2P3D Location',(21.5812418549,-14.5,-12.75)) ;
#219=CARTESIAN_POINT('Line Origine',(23.2413373822,-15.6153846154,-12.75)) ;
#223=CARTESIAN_POINT('Vertex',(23.2413364992,-15.6153859295,-8.00000053427)) ;
#225=CARTESIAN_POINT('Vertex',(23.2413373822,-15.6153846154,7.5)) ;
#228=CARTESIAN_POINT('Axis2P3D Location',(21.5812418549,-14.5,7.5)) ;
#233=CARTESIAN_POINT('Axis2P3D Location',(21.5812418549,-14.5,-8.)) ;
#245=CARTESIAN_POINT('Axis2P3D Location',(21.5812418549,-14.5,7.5)) ;
#251=CARTESIAN_POINT('Control Point',(21.5812418549,-14.5,9.5)) ;
#252=CARTESIAN_POINT('Control Point',(21.6597816712,-14.5527693144,9.5)) ;
#253=CARTESIAN_POINT('Control Point',(21.7383214876,-14.6055386288,9.49440431044)) ;
#254=CARTESIAN_POINT('Control Point',(21.8162448006,-14.6587577277,9.48310198044)) ;
#255=CARTESIAN_POINT('Control Point',(21.9698070377,-14.7602050884,9.45012134922)) ;
#256=CARTESIAN_POINT('Control Point',(22.1165938745,-14.860556197,9.39638943888)) ;
#257=CARTESIAN_POINT('Control Point',(22.1877363785,-14.9089364959,9.3646673138)) ;
#258=CARTESIAN_POINT('Control Point',(22.3254257025,-14.9985569892,9.2936973737)) ;
#259=CARTESIAN_POINT('Control Point',(22.4514075385,-15.0860918165,9.2061485135)) ;
#260=CARTESIAN_POINT('Control Point',(22.5113228663,-15.1265295667,9.15922805031)) ;
#261=CARTESIAN_POINT('Control Point',(22.625728504,-15.2001425159,9.0608049297)) ;
#262=CARTESIAN_POINT('Control Point',(22.7261152803,-15.2708442462,8.95092033382)) ;
#263=CARTESIAN_POINT('Control Point',(22.7732515799,-15.302358231,8.89447422088)) ;
#264=CARTESIAN_POINT('Control Point',(22.8621461214,-15.3591426741,8.77909052381)) ;
#265=CARTESIAN_POINT('Control Point',(22.9369530702,-15.4123459521,8.65687420482)) ;
#266=CARTESIAN_POINT('Control Point',(22.9717293141,-15.4353585443,8.59530783774)) ;
#267=CARTESIAN_POINT('Control Point',(23.0362107348,-15.4764460308,8.47089245233)) ;
#268=CARTESIAN_POINT('Control Point',(23.0878594172,-15.5133840123,8.34304919347)) ;
#269=CARTESIAN_POINT('Control Point',(23.1114850923,-15.5288406527,8.27911876961)) ;
#270=CARTESIAN_POINT('Control Point',(23.1751481112,-15.5695110523,8.08635654366)) ;
#271=CARTESIAN_POINT('Control Point',(23.213723498,-15.5996360655,7.89055514837)) ;
#272=CARTESIAN_POINT('Control Point',(23.2325181856,-15.6094591755,7.76076719564)) ;
#273=CARTESIAN_POINT('Control Point',(23.2413373822,-15.6153846154,7.63038359782)) ;
#274=CARTESIAN_POINT('Control Point',(23.2413373822,-15.6153846154,7.5)) ;
#275=CARTESIAN_POINT('Vertex',(21.5812418549,-14.5,9.5)) ;
#278=CARTESIAN_POINT('Axis2P3D Location',(21.5812418549,-14.5,7.5)) ;
#289=CARTESIAN_POINT('Axis2P3D Location',(0.608392187724,-14.5,7.5)) ;
#294=CARTESIAN_POINT('Line Origine',(0.608392187724,-14.5,9.5)) ;
#306=CARTESIAN_POINT('Axis2P3D Location',(19.,-5.3290705182E-15,-8.)) ;
#311=CARTESIAN_POINT('Axis2P3D Location',(12.,-5.3290705182E-15,-8.)) ;
#315=CARTESIAN_POINT('Vertex',(12.,-6.67058819582E-15,-20.5)) ;
#318=CARTESIAN_POINT('Line Origine',(19.,-6.67058819582E-15,-20.5)) ;
#322=CARTESIAN_POINT('Vertex',(26.,1.9880749453E-14,-20.5)) ;
#326=CARTESIAN_POINT('Control Point',(26.,-7.54951656745E-15,-20.5)) ;
#327=CARTESIAN_POINT('Control Point',(26.,-1.14938750572,-20.5)) ;
#328=CARTESIAN_POINT('Control Point',(25.9145355332,-2.29877492258,-20.3678908362)) ;
#329=CARTESIAN_POINT('Control Point',(25.7436160863,-3.42088956701,-20.1037345133)) ;
#330=CARTESIAN_POINT('Control Point',(25.3062052131,-5.35335595245,-19.4098255703)) ;
#331=CARTESIAN_POINT('Control Point',(24.6937070006,-7.08187331231,-18.3586544849)) ;
#332=CARTESIAN_POINT('Control Point',(24.3959409857,-7.80311380207,-17.8261786117)) ;
#333=CARTESIAN_POINT('Control Point',(23.7676596615,-9.14905572958,-16.6351404098)) ;
#334=CARTESIAN_POINT('Control Point',(23.1274494732,-10.2678915233,-15.2151704326)) ;
#335=CARTESIAN_POINT('Control Point',(22.8144586708,-10.7687881415,-14.4464570143)) ;
#336=CARTESIAN_POINT('Control Point',(22.2309527871,-11.6423997478,-12.7899767335)) ;
#337=CARTESIAN_POINT('Control Point',(21.8110910319,-12.2052762103,-10.9504077025)) ;
#338=CARTESIAN_POINT('Control Point',(21.6577365601,-12.401850153,-9.98178709392)) ;
#339=CARTESIAN_POINT('Control Point',(21.5812412403,-12.5,-8.99070604601)) ;
#340=CARTESIAN_POINT('Control Point',(21.5812422709,-12.5,-8.)) ;
#349=CARTESIAN_POINT('Axis2P3D Location',(12.,-3.5527136788E-15,-8.)) ;
#354=CARTESIAN_POINT('Axis2P3D Location',(10.,-3.5527136788E-15,-8.)) ;
#358=CARTESIAN_POINT('Vertex',(10.,-1.80387842852E-14,-18.5)) ;
#361=CARTESIAN_POINT('Axis2P3D Location',(10.,-3.5527136788E-15,-8.)) ;
#365=CARTESIAN_POINT('Vertex',(10.,10.5,-8.)) ;
#368=CARTESIAN_POINT('Axis2P3D Location',(12.,10.5,-8.)) ;
#372=CARTESIAN_POINT('Vertex',(12.,12.5,-8.)) ;
#375=CARTESIAN_POINT('Axis2P3D Location',(12.,-3.5527136788E-15,-8.)) ;
#390=CARTESIAN_POINT('Control Point',(26.,-7.54951656745E-15,-20.5)) ;
#391=CARTESIAN_POINT('Control Point',(26.3141592654,-8.881784197E-15,-20.5)) ;
#392=CARTESIAN_POINT('Control Point',(26.628323508,-9.32587340685E-15,-20.5616711859)) ;
#393=CARTESIAN_POINT('Control Point',(26.9263171548,-1.06581410364E-14,-20.6851062576)) ;
#394=CARTESIAN_POINT('Control Point',(27.4578216761,-1.24344978758E-14,-21.0421783239)) ;
#395=CARTESIAN_POINT('Control Point',(27.8148937424,-1.33226762955E-14,-21.5736828452)) ;
#396=CARTESIAN_POINT('Control Point',(27.9383288141,-1.50990331349E-14,-21.871676492)) ;
#397=CARTESIAN_POINT('Control Point',(28.,-1.42108547152E-14,-22.1858407346)) ;
#398=CARTESIAN_POINT('Control Point',(28.,-1.59872115546E-14,-22.5)) ;
#399=CARTESIAN_POINT('Control Point',(26.,-1.14938750572,-20.5)) ;
#400=CARTESIAN_POINT('Control Point',(26.3141592654,-1.16549770771,-20.5)) ;
#401=CARTESIAN_POINT('Control Point',(26.628323508,-1.18727889219,-20.5616711859)) ;
#402=CARTESIAN_POINT('Control Point',(26.9263171548,-1.21391009369,-20.6851062576)) ;
#403=CARTESIAN_POINT('Control Point',(27.4578216761,-1.27399897361,-21.0421783239)) ;
#404=CARTESIAN_POINT('Control Point',(27.8148937424,-1.34118213221,-21.5736828452)) ;
#405=CARTESIAN_POINT('Control Point',(27.9383288141,-1.37491274178,-21.871676492)) ;
#406=CARTESIAN_POINT('Control Point',(28.,-1.40696297916,-22.1858407346)) ;
#407=CARTESIAN_POINT('Control Point',(28.,-1.43585023791,-22.5)) ;
#408=CARTESIAN_POINT('Control Point',(25.9145355332,-2.29877492258,-20.3678908362)) ;
#409=CARTESIAN_POINT('Control Point',(26.2300212147,-2.33099752077,-20.36418652)) ;
#410=CARTESIAN_POINT('Control Point',(26.5455121168,-2.37456058556,-20.4224262506)) ;
#411=CARTESIAN_POINT('Control Point',(26.8445205872,-2.42782281401,-20.5428972572)) ;
#412=CARTESIAN_POINT('Control Point',(27.3768173528,-2.54799933625,-20.8950870612)) ;
#413=CARTESIAN_POINT('Control Point',(27.7316076504,-2.68236395864,-21.4235133207)) ;
#414=CARTESIAN_POINT('Control Point',(27.8529776335,-2.74982454995,-21.720351896)) ;
#415=CARTESIAN_POINT('Control Point',(27.9116663156,-2.81392487317,-22.0335552254)) ;
#416=CARTESIAN_POINT('Control Point',(27.9079613435,-2.8717000806,-22.34675337)) ;
#417=CARTESIAN_POINT('Control Point',(25.7436160863,-3.42088956701,-20.1037345133)) ;
#418=CARTESIAN_POINT('Control Point',(26.0617467241,-3.4677299998,-20.092625509)) ;
#419=CARTESIAN_POINT('Control Point',(26.3798830676,-3.53188005501,-20.1440110943)) ;
#420=CARTESIAN_POINT('Control Point',(26.6809148424,-3.61089019532,-20.2585626816)) ;
#421=CARTESIAN_POINT('Control Point',(27.2147894914,-3.78987671063,-20.6009992525)) ;
#422=CARTESIAN_POINT('Control Point',(27.5650224128,-3.99072230097,-21.1232664192)) ;
#423=CARTESIAN_POINT('Control Point',(27.6822686965,-4.09160805961,-21.4177895576)) ;
#424=CARTESIAN_POINT('Control Point',(27.7350010249,-4.1873713747,-21.7290636961)) ;
#425=CARTESIAN_POINT('Control Point',(27.7238940714,-4.27348023305,-22.0403322344)) ;
#426=CARTESIAN_POINT('Control Point',(25.3062052131,-5.35335595245,-19.4098255703)) ;
#427=CARTESIAN_POINT('Control Point',(25.6315071765,-5.42141478945,-19.3803949477)) ;
#428=CARTESIAN_POINT('Control Point',(25.9568162691,-5.51858014241,-19.4144658216)) ;
#429=CARTESIAN_POINT('Control Point',(26.2633465772,-5.64101159315,-19.5137917079)) ;
#430=CARTESIAN_POINT('Control Point',(26.8015797452,-5.92176876513,-19.830705503)) ;
#431=CARTESIAN_POINT('Control Point',(27.1398247645,-6.24029089608,-20.3360917012)) ;
#432=CARTESIAN_POINT('Control Point',(27.2461889147,-6.40051942291,-20.6240589514)) ;
#433=CARTESIAN_POINT('Control Point',(27.2832581197,-6.55216554792,-20.9297316102)) ;
#434=CARTESIAN_POINT('Control Point',(27.2528365237,-6.68757719219,-21.2353975023)) ;
#435=CARTESIAN_POINT('Control Point',(24.6937070006,-7.08187331231,-18.3586544849)) ;
#436=CARTESIAN_POINT('Control Point',(25.030622793,-7.15968976016,-18.3065576793)) ;
#437=CARTESIAN_POINT('Control Point',(25.3675485139,-7.28041927182,-18.3178486431)) ;
#438=CARTESIAN_POINT('Control Point',(25.6830323017,-7.43921465619,-18.3959503458)) ;
#439=CARTESIAN_POINT('Control Point',(26.2286357269,-7.81166584144,-18.6751386654)) ;
#440=CARTESIAN_POINT('Control Point',(26.548854397,-8.24291393239,-19.1516325184)) ;
#441=CARTESIAN_POINT('Control Point',(26.6387098688,-8.46056891509,-19.4272537854)) ;
#442=CARTESIAN_POINT('Control Point',(26.6522091175,-8.66569952188,-19.7216509233)) ;
#443=CARTESIAN_POINT('Control Point',(26.5932228115,-8.84689387135,-20.0160393298)) ;
#444=CARTESIAN_POINT('Control Point',(24.3959409857,-7.80311380207,-17.8261786117)) ;
#445=CARTESIAN_POINT('Control Point',(24.7389094834,-7.88264514988,-17.7638785475)) ;
#446=CARTESIAN_POINT('Control Point',(25.081889483,-8.01165143511,-17.7645142914)) ;
#447=CARTESIAN_POINT('Control Point',(25.4020505297,-8.18495155525,-17.8323473366)) ;
#448=CARTESIAN_POINT('Control Point',(25.9515657762,-8.59578004311,-18.0926877439)) ;
#449=CARTESIAN_POINT('Control Point',(26.2627018765,-9.07597759811,-18.5537037071)) ;
#450=CARTESIAN_POINT('Control Point',(26.3442037547,-9.31872710791,-18.8224493872)) ;
#451=CARTESIAN_POINT('Control Point',(26.345821017,-9.54710684121,-19.110413239)) ;
#452=CARTESIAN_POINT('Control Point',(26.2725517011,-9.74788965742,-19.3983673426)) ;
#453=CARTESIAN_POINT('Control Point',(23.7676596615,-9.14905572958,-16.6351404098)) ;
#454=CARTESIAN_POINT('Control Point',(24.1246603903,-9.22643907073,-16.5539205867)) ;
#455=CARTESIAN_POINT('Control Point',(24.4816766277,-9.36722090103,-16.5334954977)) ;
#456=CARTESIAN_POINT('Control Point',(24.8127138757,-9.5659053345,-16.5799140931)) ;
#457=CARTESIAN_POINT('Control Point',(25.3715088039,-10.048371864,-16.7990006198)) ;
#458=CARTESIAN_POINT('Control Point',(25.662502235,-10.6242784907,-17.2227887964)) ;
#459=CARTESIAN_POINT('Control Point',(25.725366435,-10.9165303114,-17.4741970147)) ;
#460=CARTESIAN_POINT('Control Point',(25.7006001901,-11.1905887781,-17.7454858843)) ;
#461=CARTESIAN_POINT('Control Point',(25.5959413051,-11.429282129,-18.0167627205)) ;
#462=CARTESIAN_POINT('Control Point',(23.1274494732,-10.2678915233,-15.2151704326)) ;
#463=CARTESIAN_POINT('Control Point',(23.5018258368,-10.3327416862,-15.1228236735)) ;
#464=CARTESIAN_POINT('Control Point',(23.8762235618,-10.4756675971,-15.0858835778)) ;
#465=CARTESIAN_POINT('Control Point',(24.2208024165,-10.6917277989,-15.1118923877)) ;
#466=CARTESIAN_POINT('Control Point',(24.7915682416,-11.2332653446,-15.2852056371)) ;
#467=CARTESIAN_POINT('Control Point',(25.0596731002,-11.8975196838,-15.6567624497)) ;
#468=CARTESIAN_POINT('Control Point',(25.1010896889,-12.236498356,-15.8813463056)) ;
#469=CARTESIAN_POINT('Control Point',(25.0462392718,-12.5535098948,-16.1254791546)) ;
#470=CARTESIAN_POINT('Control Point',(24.9064839154,-12.8269658216,-16.3695978584)) ;
#471=CARTESIAN_POINT('Control Point',(22.8144544704,-10.7687893888,-14.4464541669)) ;
#472=CARTESIAN_POINT('Control Point',(23.198307276,-10.8249262569,-14.3515430337)) ;
#473=CARTESIAN_POINT('Control Point',(23.5821848821,-10.9665363018,-14.3083186261)) ;
#474=CARTESIAN_POINT('Control Point',(23.9341689111,-11.1892136573,-14.3248934163)) ;
#475=CARTESIAN_POINT('Control Point',(24.5115922195,-11.7569280373,-14.474545389)) ;
#476=CARTESIAN_POINT('Control Point',(24.7677577475,-12.463278737,-14.8154255817)) ;
#477=CARTESIAN_POINT('Control Point',(24.7979075006,-12.8248393386,-15.0235767979)) ;
#478=CARTESIAN_POINT('Control Point',(24.7273286161,-13.1626132014,-15.2507394526)) ;
#479=CARTESIAN_POINT('Control Point',(24.5694123917,-13.4527028122,-15.4778870863)) ;
#480=CARTESIAN_POINT('Control Point',(22.2309570716,-11.6423984755,-12.789979638)) ;
#481=CARTESIAN_POINT('Control Point',(22.6348378035,-11.677444347,-12.6994085434)) ;
#482=CARTESIAN_POINT('Control Point',(23.0387512197,-11.8122328056,-12.650574781)) ;
#483=CARTESIAN_POINT('Control Point',(23.406428466,-12.0439724831,-12.6518679963)) ;
#484=CARTESIAN_POINT('Control Point',(23.9982045856,-12.6564083368,-12.7543199938)) ;
#485=CARTESIAN_POINT('Control Point',(24.2303235759,-13.4410186895,-13.0220928016)) ;
#486=CARTESIAN_POINT('Control Point',(24.237597999,-13.8452875478,-13.1890582367)) ;
#487=CARTESIAN_POINT('Control Point',(24.1352471229,-14.2224900374,-13.3727249005)) ;
#488=CARTESIAN_POINT('Control Point',(23.9410308097,-14.5440426477,-13.5563761223)) ;
#489=CARTESIAN_POINT('Control Point',(21.8110866614,-12.2052775081,-10.9504047396)) ;
#490=CARTESIAN_POINT('Control Point',(22.2326106606,-12.2190121623,-10.8852751492)) ;
#491=CARTESIAN_POINT('Control Point',(22.6541750688,-12.343378874,-10.8472355059)) ;
#492=CARTESIAN_POINT('Control Point',(23.0357287578,-12.5775773251,-10.8426752947)) ;
#493=CARTESIAN_POINT('Control Point',(23.6404922506,-13.2173945722,-10.9014026278)) ;
#494=CARTESIAN_POINT('Control Point',(23.8528662854,-14.058769275,-11.0731602043)) ;
#495=CARTESIAN_POINT('Control Point',(23.8411231099,-14.4949902226,-11.1818974714)) ;
#496=CARTESIAN_POINT('Control Point',(23.7125584158,-14.9019645337,-11.3021895913)) ;
#497=CARTESIAN_POINT('Control Point',(23.4888624388,-15.2472079607,-11.422469761)) ;
#498=CARTESIAN_POINT('Control Point',(21.6577032226,-12.4018654733,-9.98200239632)) ;
#499=CARTESIAN_POINT('Control Point',(22.0865400191,-12.4064257512,-9.93586045944)) ;
#500=CARTESIAN_POINT('Control Point',(22.5154206204,-12.5257432705,-9.90824132007)) ;
#501=CARTESIAN_POINT('Control Point',(22.9027370042,-12.759962169,-9.90376921406)) ;
#502=CARTESIAN_POINT('Control Point',(23.512958882,-13.408893907,-9.94204720055)) ;
#503=CARTESIAN_POINT('Control Point',(23.717466518,-14.2715157087,-10.0591860876)) ;
#504=CARTESIAN_POINT('Control Point',(23.6980912552,-14.7199393442,-10.1337688213)) ;
#505=CARTESIAN_POINT('Control Point',(23.559052553,-15.1383832625,-10.216450174)) ;
#506=CARTESIAN_POINT('Control Point',(23.3236804292,-15.4927920181,-10.299122805)) ;
#507=CARTESIAN_POINT('Control Point',(21.5812412403,-12.4999965793,-8.99070540295)) ;
#508=CARTESIAN_POINT('Control Point',(22.0137213186,-12.4999963783,-8.96767551782)) ;
#509=CARTESIAN_POINT('Control Point',(22.4462468944,-12.6168070282,-8.95390121711)) ;
#510=CARTESIAN_POINT('Control Point',(22.8364342651,-12.851042215,-8.95168809978)) ;
#511=CARTESIAN_POINT('Control Point',(23.4493754505,-13.5045232717,-8.97084109697)) ;
#512=CARTESIAN_POINT('Control Point',(23.6499634902,-14.3777349672,-9.02936724903)) ;
#513=CARTESIAN_POINT('Control Point',(23.6267854369,-14.8322402059,-9.06662394292)) ;
#514=CARTESIAN_POINT('Control Point',(23.4825276943,-15.2564014082,-9.1079232614)) ;
#515=CARTESIAN_POINT('Control Point',(23.2413367162,-15.6153803328,-9.14921823712)) ;
#516=CARTESIAN_POINT('Control Point',(21.5812422709,-12.5000020017,-8.00000042683)) ;
#517=CARTESIAN_POINT('Control Point',(22.0137220037,-12.5000021262,-8.00000042493)) ;
#518=CARTESIAN_POINT('Control Point',(22.4462472339,-12.6168130716,-8.00000042733)) ;
#519=CARTESIAN_POINT('Control Point',(22.8364343224,-12.8510484912,-8.00000043424)) ;
#520=CARTESIAN_POINT('Control Point',(23.4493751915,-13.5045298753,-8.00000045562)) ;
#521=CARTESIAN_POINT('Control Point',(23.6499634689,-14.3777416859,-8.00000048689)) ;
#522=CARTESIAN_POINT('Control Point',(23.62678569,-14.8322469435,-8.00000050373)) ;
#523=CARTESIAN_POINT('Control Point',(23.4825283467,-15.25640816,-8.00000051999)) ;
#524=CARTESIAN_POINT('Control Point',(23.24133783,-15.6153871153,-8.00000053427)) ;
#526=CARTESIAN_POINT('Control Point',(28.,-1.5273500255E-14,-22.5)) ;
#527=CARTESIAN_POINT('Control Point',(28.,-1.43585023791,-22.5)) ;
#528=CARTESIAN_POINT('Control Point',(27.9079613435,-2.8717000806,-22.34675337)) ;
#529=CARTESIAN_POINT('Control Point',(27.7238940714,-4.27348023305,-22.0403322344)) ;
#530=CARTESIAN_POINT('Control Point',(27.2528365237,-6.68757719219,-21.2353975023)) ;
#531=CARTESIAN_POINT('Control Point',(26.5932228115,-8.84689387135,-20.0160393298)) ;
#532=CARTESIAN_POINT('Control Point',(26.2725517011,-9.74788965742,-19.3983673426)) ;
#533=CARTESIAN_POINT('Control Point',(25.5959413051,-11.429282129,-18.0167627205)) ;
#534=CARTESIAN_POINT('Control Point',(24.9064839154,-12.8269658216,-16.3695978584)) ;
#535=CARTESIAN_POINT('Control Point',(24.5694169153,-13.4527012562,-15.4778903449)) ;
#536=CARTESIAN_POINT('Control Point',(23.9895124464,-14.4598368655,-13.7046359393)) ;
#537=CARTESIAN_POINT('Control Point',(23.5596929958,-15.136384146,-11.7505095521)) ;
#538=CARTESIAN_POINT('Control Point',(23.403747833,-15.3725870275,-10.8108196247)) ;
#539=CARTESIAN_POINT('Control Point',(23.2848196869,-15.5506171497,-9.67442532917)) ;
#540=CARTESIAN_POINT('Control Point',(23.2471081656,-15.6067956157,-8.52675029972)) ;
#541=CARTESIAN_POINT('Control Point',(23.2432609415,-15.6125223862,-8.35121531208)) ;
#542=CARTESIAN_POINT('Control Point',(23.2413376598,-15.6153860789,-8.17560284089)) ;
#543=CARTESIAN_POINT('Control Point',(23.24133783,-15.6153871153,-8.00000053427)) ;
#544=CARTESIAN_POINT('Vertex',(28.,1.47390120531E-14,-22.5)) ;
#548=CARTESIAN_POINT('Control Point',(26.,-7.6252832666E-15,-20.5)) ;
#549=CARTESIAN_POINT('Control Point',(26.6283185307,-9.79720101372E-15,-20.5)) ;
#550=CARTESIAN_POINT('Control Point',(27.2572232867,-1.20615351328E-14,-20.7460300081)) ;
#551=CARTESIAN_POINT('Control Point',(27.7539699919,-1.39611484276E-14,-21.2427767133)) ;
#552=CARTESIAN_POINT('Control Point',(28.,-1.50426597717E-14,-21.8716814693)) ;
#553=CARTESIAN_POINT('Control Point',(28.,-1.5273500255E-14,-22.5)) ;
#562=CARTESIAN_POINT('Axis2P3D Location',(10.,-12.5,-20.5)) ;
#567=CARTESIAN_POINT('Line Origine',(10.,3.5527136788E-15,7.5)) ;
#571=CARTESIAN_POINT('Vertex',(10.,10.5,7.5)) ;
#574=CARTESIAN_POINT('Line Origine',(10.,10.5,-0.25)) ;
#591=CARTESIAN_POINT('Axis2P3D Location',(8.,7.1054273576E-15,7.5)) ;
#596=CARTESIAN_POINT('Line Origine',(8.,7.1054273576E-15,9.5)) ;
#600=CARTESIAN_POINT('Vertex',(8.,10.5,9.5)) ;
#603=CARTESIAN_POINT('Axis2P3D Location',(8.,10.5,7.5)) ;
#615=CARTESIAN_POINT('Axis2P3D Location',(12.,10.5,7.5)) ;
#620=CARTESIAN_POINT('Axis2P3D Location',(12.,10.5,9.5)) ;
#624=CARTESIAN_POINT('Vertex',(12.,14.5,9.5)) ;
#627=CARTESIAN_POINT('Axis2P3D Location',(12.,14.5,7.5)) ;
#631=CARTESIAN_POINT('Vertex',(12.,12.5,7.5)) ;
#634=CARTESIAN_POINT('Axis2P3D Location',(12.,10.5,7.5)) ;
#646=CARTESIAN_POINT('Axis2P3D Location',(12.,10.5,-5.5)) ;
#651=CARTESIAN_POINT('Line Origine',(12.,12.5,-5.5)) ;
#663=CARTESIAN_POINT('Axis2P3D Location',(19.,-7.1054273576E-15,-8.)) ;
#668=CARTESIAN_POINT('Line Origine',(19.,12.5,-8.)) ;
#672=CARTESIAN_POINT('Vertex',(21.5812418549,12.5,-8.)) ;
#676=CARTESIAN_POINT('Control Point',(21.5812418549,12.5,-8.)) ;
#677=CARTESIAN_POINT('Control Point',(21.5812418549,12.5,-9.02620846541)) ;
#678=CARTESIAN_POINT('Control Point',(21.6633187172,12.3946896186,-10.0524167518)) ;
#679=CARTESIAN_POINT('Control Point',(21.8276402174,12.1840635804,-11.0531537723)) ;
#680=CARTESIAN_POINT('Control Point',(22.2455408556,11.6218929378,-12.8241569769)) ;
#681=CARTESIAN_POINT('Control Point',(22.8098390314,10.7724169814,-14.4209909909)) ;
#682=CARTESIAN_POINT('Control Point',(23.0883507237,10.3272528798,-15.1131222505)) ;
#683=CARTESIAN_POINT('Control Point',(23.7520328739,9.18147885037,-16.6128238405)) ;
#684=CARTESIAN_POINT('Control Point',(24.4134570393,7.78430789459,-17.8664252108)) ;
#685=CARTESIAN_POINT('Control Point',(24.768274757,6.91690706386,-18.4939651878)) ;
#686=CARTESIAN_POINT('Control Point',(25.3818873073,5.10222376662,-19.5312095527)) ;
#687=CARTESIAN_POINT('Control Point',(25.7919744167,3.08615324708,-20.1784753935)) ;
#688=CARTESIAN_POINT('Control Point',(25.9306537042,2.07069112913,-20.3928059637)) ;
#689=CARTESIAN_POINT('Control Point',(26.,1.03534552852,-20.5)) ;
#690=CARTESIAN_POINT('Control Point',(26.,8.881784197E-15,-20.5)) ;
#700=CARTESIAN_POINT('Control Point',(21.5812418549,12.5,-8.)) ;
#701=CARTESIAN_POINT('Control Point',(22.0137217208,12.5,-8.)) ;
#702=CARTESIAN_POINT('Control Point',(22.4462470842,12.6168108333,-8.)) ;
#703=CARTESIAN_POINT('Control Point',(22.8364342814,12.8510461657,-8.)) ;
#704=CARTESIAN_POINT('Control Point',(23.4493752724,13.5045274296,-8.)) ;
#705=CARTESIAN_POINT('Control Point',(23.6499634584,14.3777392026,-8.)) ;
#706=CARTESIAN_POINT('Control Point',(23.6267855737,14.8322444561,-8.)) ;
#707=CARTESIAN_POINT('Control Point',(23.4825280767,15.2564056699,-8.)) ;
#708=CARTESIAN_POINT('Control Point',(23.2413373822,15.6153846154,-8.)) ;
#709=CARTESIAN_POINT('Control Point',(21.5812418549,12.5,-9.02620846541)) ;
#710=CARTESIAN_POINT('Control Point',(22.0137217208,12.5,-9.00235326639)) ;
#711=CARTESIAN_POINT('Control Point',(22.4462470842,12.6168108333,-8.98808533906)) ;
#712=CARTESIAN_POINT('Control Point',(22.8364342814,12.8510461657,-8.98579290795)) ;
#713=CARTESIAN_POINT('Control Point',(23.4493752724,13.5045274296,-9.00563227657)) ;
#714=CARTESIAN_POINT('Control Point',(23.6499634584,14.3777392026,-9.06625579838)) ;
#715=CARTESIAN_POINT('Control Point',(23.6267855737,14.8322444561,-9.10484764068)) ;
#716=CARTESIAN_POINT('Control Point',(23.4825280767,15.2564056699,-9.14762698026)) ;
#717=CARTESIAN_POINT('Control Point',(23.2413373822,15.6153846154,-9.19040181987)) ;
#718=CARTESIAN_POINT('Control Point',(21.6633187172,12.3946896186,-10.0524167518)) ;
#719=CARTESIAN_POINT('Control Point',(22.091887184,12.3995858127,-10.0046254549)) ;
#720=CARTESIAN_POINT('Control Point',(22.5204993302,12.5190888207,-9.97601586821)) ;
#721=CARTESIAN_POINT('Control Point',(22.9076042775,12.7533079962,-9.97137825566)) ;
#722=CARTESIAN_POINT('Control Point',(23.5176259308,13.401908164,-10.0110102007)) ;
#723=CARTESIAN_POINT('Control Point',(23.7224221076,14.2637535748,-10.1323181806)) ;
#724=CARTESIAN_POINT('Control Point',(23.70332675,14.7117308341,-10.2095575162)) ;
#725=CARTESIAN_POINT('Control Point',(23.564672044,15.129754806,-10.2951848235)) ;
#726=CARTESIAN_POINT('Control Point',(23.3297278493,15.4838276465,-10.380803113)) ;
#727=CARTESIAN_POINT('Control Point',(21.8276402174,12.1840635804,-11.0531537723)) ;
#728=CARTESIAN_POINT('Control Point',(22.2483803783,12.1987819664,-10.9860393421)) ;
#729=CARTESIAN_POINT('Control Point',(22.6691605854,12.3236879117,-10.9469202799)) ;
#730=CARTESIAN_POINT('Control Point',(23.0500966575,12.5578803957,-10.9423688727)) ;
#731=CARTESIAN_POINT('Control Point',(23.6542755553,13.1967113717,-11.0032812941)) ;
#732=CARTESIAN_POINT('Control Point',(23.8674946295,14.0357986019,-11.1808117406)) ;
#733=CARTESIAN_POINT('Control Point',(23.8565709579,14.4707070849,-11.293153168)) ;
#734=CARTESIAN_POINT('Control Point',(23.7291311339,14.8764485459,-11.4174117868)) ;
#735=CARTESIAN_POINT('Control Point',(23.5066895948,15.2207073853,-11.5416581471)) ;
#736=CARTESIAN_POINT('Control Point',(22.2455408556,11.6218929378,-12.8241569769)) ;
#737=CARTESIAN_POINT('Control Point',(22.6488934154,11.6575410119,-12.7336595418)) ;
#738=CARTESIAN_POINT('Control Point',(23.0522784468,11.7925680699,-12.6850866903)) ;
#739=CARTESIAN_POINT('Control Point',(23.4195413772,12.0241348413,-12.6867965508)) ;
#740=CARTESIAN_POINT('Control Point',(24.0109360503,12.6355296042,-12.790309551)) ;
#741=CARTESIAN_POINT('Control Point',(24.2436770379,13.4182149293,-13.0594690904)) ;
#742=CARTESIAN_POINT('Control Point',(24.2515451427,13.8214240135,-13.2271756927)) ;
#743=CARTESIAN_POINT('Control Point',(24.1500170838,14.1976484565,-13.4116066893)) ;
#744=CARTESIAN_POINT('Control Point',(23.9567361956,14.5184260284,-13.5960222876)) ;
#745=CARTESIAN_POINT('Control Point',(22.8098390314,10.7724169814,-14.4209909909)) ;
#746=CARTESIAN_POINT('Control Point',(23.1939761883,10.8281265558,-14.3266127479)) ;
#747=CARTESIAN_POINT('Control Point',(23.5781382864,10.969447913,-14.2836771039)) ;
#748=CARTESIAN_POINT('Control Point',(23.930347147,11.1920207619,-14.3002557225)) ;
#749=CARTESIAN_POINT('Control Point',(24.507987576,11.7598682165,-14.4493613678)) ;
#750=CARTESIAN_POINT('Control Point',(24.7638675807,12.4668229381,-14.7887866485)) ;
#751=CARTESIAN_POINT('Control Point',(24.7937366389,12.8287520751,-14.996031594)) ;
#752=CARTESIAN_POINT('Control Point',(24.7227757837,13.1668743728,-15.2221979592)) ;
#753=CARTESIAN_POINT('Control Point',(24.5644421275,13.4572349443,-15.4483493844)) ;
#754=CARTESIAN_POINT('Control Point',(23.0883507237,10.3272528798,-15.1131222505)) ;
#755=CARTESIAN_POINT('Control Point',(23.4639866485,10.3908250767,-15.020698604)) ;
#756=CARTESIAN_POINT('Control Point',(23.8396444099,10.5334134438,-14.9831303116)) ;
#757=CARTESIAN_POINT('Control Point',(24.1852088833,10.7501637409,-15.0080143853)) ;
#758=CARTESIAN_POINT('Control Point',(24.7568684956,11.2947787782,-15.1782779996)) ;
#759=CARTESIAN_POINT('Control Point',(25.023424185,11.9642232387,-15.5455778632)) ;
#760=CARTESIAN_POINT('Control Point',(25.0633731252,12.3060109967,-15.7678312236)) ;
#761=CARTESIAN_POINT('Control Point',(25.0064792876,12.6256068807,-16.0095335646)) ;
#762=CARTESIAN_POINT('Control Point',(24.8643778091,12.9011222264,-16.2512216833)) ;
#763=CARTESIAN_POINT('Control Point',(23.7520328739,9.18147885037,-16.6128238405)) ;
#764=CARTESIAN_POINT('Control Point',(24.1093045959,9.2589130853,-16.5308452921)) ;
#765=CARTESIAN_POINT('Control Point',(24.4665918775,9.40006733166,-16.5097055428)) ;
#766=CARTESIAN_POINT('Control Point',(24.7978372358,9.59941877516,-16.5555224943)) ;
#767=CARTESIAN_POINT('Control Point',(25.3567986734,10.083645839,-16.7736897113)) ;
#768=CARTESIAN_POINT('Control Point',(25.6473499586,10.6617726353,-17.1970652829)) ;
#769=CARTESIAN_POINT('Control Point',(25.7098122996,10.9551514828,-17.4483806403)) ;
#770=CARTESIAN_POINT('Control Point',(25.6844707536,11.2302407898,-17.7196342989)) ;
#771=CARTESIAN_POINT('Control Point',(25.5791121857,11.4697856673,-17.990875822)) ;
#772=CARTESIAN_POINT('Control Point',(24.4134570393,7.78430789459,-17.8664252108)) ;
#773=CARTESIAN_POINT('Control Point',(24.7558978977,7.86451771271,-17.8043768049)) ;
#774=CARTESIAN_POINT('Control Point',(25.0983500718,7.99380462546,-17.8054496683)) ;
#775=CARTESIAN_POINT('Control Point',(25.4180989236,8.16695443711,-17.8738529694)) ;
#776=CARTESIAN_POINT('Control Point',(25.9672444492,8.576779926,-18.1354988448)) ;
#777=CARTESIAN_POINT('Control Point',(26.2790479848,9.05511147232,-18.5980312147)) ;
#778=CARTESIAN_POINT('Control Point',(26.3611789528,9.29684529894,-18.8675564042)) ;
#779=CARTESIAN_POINT('Control Point',(26.3636738923,9.52430871278,-19.1563095409)) ;
#780=CARTESIAN_POINT('Control Point',(26.291415457,9.72439722752,-19.4450530252)) ;
#781=CARTESIAN_POINT('Control Point',(24.768274757,6.91690706386,-18.4939651878)) ;
#782=CARTESIAN_POINT('Control Point',(25.1036347605,6.99466468006,-18.4443509852)) ;
#783=CARTESIAN_POINT('Control Point',(25.4390042783,7.11371870486,-18.4582757556)) ;
#784=CARTESIAN_POINT('Control Point',(25.7532848141,7.26928812282,-18.5389480489)) ;
#785=CARTESIAN_POINT('Control Point',(26.2978763042,7.63294057501,-18.8229069559)) ;
#786=CARTESIAN_POINT('Control Point',(26.6204010496,8.05272240698,-19.3034054362)) ;
#787=CARTESIAN_POINT('Control Point',(26.7123808559,8.26447922982,-19.5808253904)) ;
#788=CARTESIAN_POINT('Control Point',(26.7288974404,8.46416348713,-19.8769166484)) ;
#789=CARTESIAN_POINT('Control Point',(26.6735268121,8.64081337921,-20.1729994465)) ;
#790=CARTESIAN_POINT('Control Point',(25.3818873073,5.10222376662,-19.5312095527)) ;
#791=CARTESIAN_POINT('Control Point',(25.7059179692,5.16801319033,-19.5049017192)) ;
#792=CARTESIAN_POINT('Control Point',(26.0299554998,5.26118957833,-19.5419512945)) ;
#793=CARTESIAN_POINT('Control Point',(26.3355101576,5.37809259433,-19.6439171898)) ;
#794=CARTESIAN_POINT('Control Point',(26.8729649903,5.64556483719,-19.965288793)) ;
#795=CARTESIAN_POINT('Control Point',(27.2133088456,5.94840125678,-20.473679019)) ;
#796=CARTESIAN_POINT('Control Point',(27.3215807664,6.10069794179,-20.7628274316)) ;
#797=CARTESIAN_POINT('Control Point',(27.3613917594,6.24491397613,-21.0695186183)) ;
#798=CARTESIAN_POINT('Control Point',(27.3343400346,6.37385468715,-21.3762032431)) ;
#799=CARTESIAN_POINT('Control Point',(25.7919744167,3.08615324708,-20.1784753935)) ;
#800=CARTESIAN_POINT('Control Point',(26.1093571662,3.12860178016,-20.1694617612)) ;
#801=CARTESIAN_POINT('Control Point',(26.4267454845,3.18659090134,-20.2227867021)) ;
#802=CARTESIAN_POINT('Control Point',(26.7272051565,3.25791251384,-20.3390130093)) ;
#803=CARTESIAN_POINT('Control Point',(27.2606336995,3.41935881648,-20.6842088691)) ;
#804=CARTESIAN_POINT('Control Point',(27.6121556881,3.60039796165,-21.208218492)) ;
#805=CARTESIAN_POINT('Control Point',(27.7305683564,3.69132713261,-21.5033967427)) ;
#806=CARTESIAN_POINT('Control Point',(27.7849855494,3.77765636384,-21.8152167605)) ;
#807=CARTESIAN_POINT('Control Point',(27.7759725835,3.85531781565,-22.1270313033)) ;
#808=CARTESIAN_POINT('Control Point',(25.9306537042,2.07069112913,-20.3928059637)) ;
#809=CARTESIAN_POINT('Control Point',(26.2458889916,2.09971582569,-20.389800396)) ;
#810=CARTESIAN_POINT('Control Point',(26.5611294536,2.13895637225,-20.4486875567)) ;
#811=CARTESIAN_POINT('Control Point',(26.8599463427,2.18693406551,-20.5697178388)) ;
#812=CARTESIAN_POINT('Control Point',(27.3920935027,2.2951872871,-20.9228287297)) ;
#813=CARTESIAN_POINT('Control Point',(27.7473143226,2.41622100266,-21.4518353633)) ;
#814=CARTESIAN_POINT('Control Point',(27.869073967,2.4769884326,-21.7488915541)) ;
#815=CARTESIAN_POINT('Control Point',(27.9283253865,2.53472880468,-22.0622758088)) ;
#816=CARTESIAN_POINT('Control Point',(27.9253193737,2.58677130272,-22.3756549179)) ;
#817=CARTESIAN_POINT('Control Point',(26.,1.03534552852,-20.5)) ;
#818=CARTESIAN_POINT('Control Point',(26.3141592654,1.0498572798,-20.5)) ;
#819=CARTESIAN_POINT('Control Point',(26.628323508,1.06947733991,-20.5616711859)) ;
#820=CARTESIAN_POINT('Control Point',(26.9263171548,1.09346619941,-20.6851062576)) ;
#821=CARTESIAN_POINT('Control Point',(27.4578216761,1.1475930738,-21.0421783239)) ;
#822=CARTESIAN_POINT('Control Point',(27.8148937424,1.20811033408,-21.5736828452)) ;
#823=CARTESIAN_POINT('Control Point',(27.9383288141,1.23849419994,-21.871676492)) ;
#824=CARTESIAN_POINT('Control Point',(28.,1.26736441977,-22.1858407346)) ;
#825=CARTESIAN_POINT('Control Point',(28.,1.29338549102,-22.5)) ;
#826=CARTESIAN_POINT('Control Point',(26.,-2.26485497024E-14,-20.5)) ;
#827=CARTESIAN_POINT('Control Point',(26.3141592654,-2.57571741713E-14,-20.5)) ;
#828=CARTESIAN_POINT('Control Point',(26.628323508,-2.84217094304E-14,-20.5616711859)) ;
#829=CARTESIAN_POINT('Control Point',(26.9263171548,-2.975397706E-14,-20.6851062576)) ;
#830=CARTESIAN_POINT('Control Point',(27.4578216761,-3.01980662698E-14,-21.0421783239)) ;
#831=CARTESIAN_POINT('Control Point',(27.8148937424,-2.70894418009E-14,-21.5736828452)) ;
#832=CARTESIAN_POINT('Control Point',(27.9383288141,-2.48689957516E-14,-21.871676492)) ;
#833=CARTESIAN_POINT('Control Point',(28.,-2.0872192863E-14,-22.1858407346)) ;
#834=CARTESIAN_POINT('Control Point',(28.,-1.73194791842E-14,-22.5)) ;
#836=CARTESIAN_POINT('Control Point',(23.2413373822,15.6153846154,-8.)) ;
#837=CARTESIAN_POINT('Control Point',(23.2413373822,15.6153846154,-9.19040181987)) ;
#838=CARTESIAN_POINT('Control Point',(23.3297278493,15.4838276465,-10.380803113)) ;
#839=CARTESIAN_POINT('Control Point',(23.5066895948,15.2207073853,-11.5416581471)) ;
#840=CARTESIAN_POINT('Control Point',(23.9567361956,14.5184260284,-13.5960222876)) ;
#841=CARTESIAN_POINT('Control Point',(24.5644421275,13.4572349443,-15.4483493844)) ;
#842=CARTESIAN_POINT('Control Point',(24.8643778091,12.9011222264,-16.2512216833)) ;
#843=CARTESIAN_POINT('Control Point',(25.5791121857,11.4697856673,-17.990875822)) ;
#844=CARTESIAN_POINT('Control Point',(26.291415457,9.72439722752,-19.4450530252)) ;
#845=CARTESIAN_POINT('Control Point',(26.6735268121,8.64081337921,-20.1729994465)) ;
#846=CARTESIAN_POINT('Control Point',(27.3343400346,6.37385468715,-21.3762032431)) ;
#847=CARTESIAN_POINT('Control Point',(27.7759725835,3.85531781565,-22.1270313033)) ;
#848=CARTESIAN_POINT('Control Point',(27.9253193737,2.58677130272,-22.3756549179)) ;
#849=CARTESIAN_POINT('Control Point',(28.,1.29338549102,-22.5)) ;
#850=CARTESIAN_POINT('Control Point',(28.,-2.48689957516E-14,-22.5)) ;
#851=CARTESIAN_POINT('Vertex',(23.2413373822,15.6153846154,-8.)) ;
#855=CARTESIAN_POINT('Control Point',(21.5812418549,12.5,-8.)) ;
#856=CARTESIAN_POINT('Control Point',(22.4462015867,12.5,-8.)) ;
#857=CARTESIAN_POINT('Control Point',(23.3161246227,12.9640450127,-8.)) ;
#858=CARTESIAN_POINT('Control Point',(23.8236886316,13.9165547198,-8.)) ;
#859=CARTESIAN_POINT('Control Point',(23.7237187711,14.8974267244,-8.)) ;
#860=CARTESIAN_POINT('Control Point',(23.2413373822,15.6153846154,-8.)) ;
#869=CARTESIAN_POINT('Axis2P3D Location',(0.,-2.01779302886E-14,-26.75)) ;
#874=CARTESIAN_POINT('Line Origine',(28.,-3.2900946218E-15,-4.25)) ;
#878=CARTESIAN_POINT('Vertex',(28.,-2.48689957516E-14,-33.)) ;
#881=CARTESIAN_POINT('Axis2P3D Location',(0.,-2.48689957516E-14,-33.)) ;
#885=CARTESIAN_POINT('Vertex',(-28.,-2.82980067892E-14,-33.)) ;
#888=CARTESIAN_POINT('Line Origine',(-28.,-6.71910565941E-15,-4.25)) ;
#892=CARTESIAN_POINT('Vertex',(-28.,-2.04170190003E-14,-22.5000029163)) ;
#896=CARTESIAN_POINT('Control Point',(-23.2413373822,-15.6153846154,-8.)) ;
#897=CARTESIAN_POINT('Control Point',(-23.2413373822,-15.6153846154,-9.19040181989)) ;
#898=CARTESIAN_POINT('Control Point',(-23.3297278493,-15.4838276466,-10.380803113)) ;
#899=CARTESIAN_POINT('Control Point',(-23.5066895949,-15.2207073853,-11.5416581473)) ;
#900=CARTESIAN_POINT('Control Point',(-23.9567361957,-14.5184260283,-13.5960222878)) ;
#901=CARTESIAN_POINT('Control Point',(-24.5644421276,-13.4572349441,-15.4483493846)) ;
#902=CARTESIAN_POINT('Control Point',(-24.8643778092,-12.9011222262,-16.2512216835)) ;
#903=CARTESIAN_POINT('Control Point',(-25.5791121858,-11.4697856671,-17.9908758222)) ;
#904=CARTESIAN_POINT('Control Point',(-26.2914154571,-9.72439722731,-19.4450530254)) ;
#905=CARTESIAN_POINT('Control Point',(-26.6735268122,-8.64081337898,-20.1729994467)) ;
#906=CARTESIAN_POINT('Control Point',(-27.3344174399,-6.37358914378,-21.376344182)) ;
#907=CARTESIAN_POINT('Control Point',(-27.7760760429,-3.85472778785,-22.1272071956)) ;
#908=CARTESIAN_POINT('Control Point',(-27.9253049557,-2.58646566864,-22.3756806889)) ;
#909=CARTESIAN_POINT('Control Point',(-28.,-1.29351033733,-22.5000134893)) ;
#910=CARTESIAN_POINT('Control Point',(-28.,-2.0872192863E-14,-22.5000029163)) ;
#911=CARTESIAN_POINT('Vertex',(-23.2413373822,-15.6153846154,-8.)) ;
#914=CARTESIAN_POINT('Line Origine',(-23.2413373822,-15.6153846154,-4.25)) ;
#918=CARTESIAN_POINT('Vertex',(-23.2413373822,-15.6153846154,7.5)) ;
#921=CARTESIAN_POINT('Axis2P3D Location',(0.,5.52910844865E-15,7.5)) ;
#937=CARTESIAN_POINT('Axis2P3D Location',(-8.881784197E-16,1.42108547152E-14,7.5)) ;
#942=CARTESIAN_POINT('Axis2P3D Location',(-21.5812418549,-14.5,7.5)) ;
#946=CARTESIAN_POINT('Vertex',(-21.5812418549,-14.5,9.5)) ;
#949=CARTESIAN_POINT('Axis2P3D Location',(-8.85584062583E-16,1.57841766944E-14,9.5)) ;
#961=CARTESIAN_POINT('Axis2P3D Location',(-21.5812418549,-14.5,7.5)) ;
#966=CARTESIAN_POINT('Axis2P3D Location',(-21.5812418549,-14.5,7.5)) ;
#970=CARTESIAN_POINT('Vertex',(-21.5812418549,-12.5,7.5)) ;
#973=CARTESIAN_POINT('Axis2P3D Location',(-21.5812418549,-14.5,7.5)) ;
#984=CARTESIAN_POINT('Axis2P3D Location',(-21.5812418549,-14.5,-12.75)) ;
#989=CARTESIAN_POINT('Axis2P3D Location',(-21.5812418549,-14.5,-8.)) ;
#993=CARTESIAN_POINT('Vertex',(-21.5812418549,-12.5,-8.)) ;
#996=CARTESIAN_POINT('Line Origine',(-21.5812418549,-12.5,-12.75)) ;
#1009=CARTESIAN_POINT('Control Point',(-21.5812418549,-12.5,-8.)) ;
#1010=CARTESIAN_POINT('Control Point',(-22.0137217208,-12.5,-8.)) ;
#1011=CARTESIAN_POINT('Control Point',(-22.4462470842,-12.6168108333,-8.)) ;
#1012=CARTESIAN_POINT('Control Point',(-22.8364342814,-12.8510461657,-8.)) ;
#1013=CARTESIAN_POINT('Control Point',(-23.4493752724,-13.5045274296,-8.)) ;
#1014=CARTESIAN_POINT('Control Point',(-23.6499634584,-14.3777392026,-8.)) ;
#1015=CARTESIAN_POINT('Control Point',(-23.6267855737,-14.8322444561,-8.)) ;
#1016=CARTESIAN_POINT('Control Point',(-23.4825280767,-15.2564056699,-8.)) ;
#1017=CARTESIAN_POINT('Control Point',(-23.2413373822,-15.6153846154,-8.)) ;
#1018=CARTESIAN_POINT('Control Point',(-21.5812418549,-12.5,-9.02620846542)) ;
#1019=CARTESIAN_POINT('Control Point',(-22.0137217208,-12.5,-9.00235326641)) ;
#1020=CARTESIAN_POINT('Control Point',(-22.4462470842,-12.6168108333,-8.98808533907)) ;
#1021=CARTESIAN_POINT('Control Point',(-22.8364342814,-12.8510461657,-8.98579290797)) ;
#1022=CARTESIAN_POINT('Control Point',(-23.4493752724,-13.5045274296,-9.00563227659)) ;
#1023=CARTESIAN_POINT('Control Point',(-23.6499634584,-14.3777392026,-9.0662557984)) ;
#1024=CARTESIAN_POINT('Control Point',(-23.6267855737,-14.8322444561,-9.10484764069)) ;
#1025=CARTESIAN_POINT('Control Point',(-23.4825280767,-15.2564056699,-9.14762698028)) ;
#1026=CARTESIAN_POINT('Control Point',(-23.2413373822,-15.6153846154,-9.19040181989)) ;
#1027=CARTESIAN_POINT('Control Point',(-21.6633187172,-12.3946896185,-10.0524167518)) ;
#1028=CARTESIAN_POINT('Control Point',(-22.091887184,-12.3995858127,-10.0046254549)) ;
#1029=CARTESIAN_POINT('Control Point',(-22.5204993302,-12.5190888207,-9.97601586823)) ;
#1030=CARTESIAN_POINT('Control Point',(-22.9076042775,-12.7533079962,-9.97137825568)) ;
#1031=CARTESIAN_POINT('Control Point',(-23.5176259308,-13.401908164,-10.0110102007)) ;
#1032=CARTESIAN_POINT('Control Point',(-23.7224221076,-14.2637535748,-10.1323181806)) ;
#1033=CARTESIAN_POINT('Control Point',(-23.70332675,-14.7117308342,-10.2095575162)) ;
#1034=CARTESIAN_POINT('Control Point',(-23.564672044,-15.129754806,-10.2951848236)) ;
#1035=CARTESIAN_POINT('Control Point',(-23.3297278493,-15.4838276466,-10.380803113)) ;
#1036=CARTESIAN_POINT('Control Point',(-21.8276402174,-12.1840635804,-11.0531537725)) ;
#1037=CARTESIAN_POINT('Control Point',(-22.2483803784,-12.1987819664,-10.9860393422)) ;
#1038=CARTESIAN_POINT('Control Point',(-22.6691605855,-12.3236879116,-10.9469202801)) ;
#1039=CARTESIAN_POINT('Control Point',(-23.0500966575,-12.5578803957,-10.9423688729)) ;
#1040=CARTESIAN_POINT('Control Point',(-23.6542755554,-13.1967113717,-11.0032812943)) ;
#1041=CARTESIAN_POINT('Control Point',(-23.8674946295,-14.0357986018,-11.1808117408)) ;
#1042=CARTESIAN_POINT('Control Point',(-23.8565709579,-14.4707070848,-11.2931531682)) ;
#1043=CARTESIAN_POINT('Control Point',(-23.7291311339,-14.8764485459,-11.417411787)) ;
#1044=CARTESIAN_POINT('Control Point',(-23.5066895949,-15.2207073853,-11.5416581473)) ;
#1045=CARTESIAN_POINT('Control Point',(-22.2455408556,-11.6218929378,-12.8241569771)) ;
#1046=CARTESIAN_POINT('Control Point',(-22.6488934154,-11.6575410118,-12.733659542)) ;
#1047=CARTESIAN_POINT('Control Point',(-23.0522784469,-11.7925680698,-12.6850866905)) ;
#1048=CARTESIAN_POINT('Control Point',(-23.4195413772,-12.0241348412,-12.686796551)) ;
#1049=CARTESIAN_POINT('Control Point',(-24.0109360503,-12.6355296041,-12.7903095512)) ;
#1050=CARTESIAN_POINT('Control Point',(-24.2436770379,-13.4182149292,-13.0594690906)) ;
#1051=CARTESIAN_POINT('Control Point',(-24.2515451427,-13.8214240134,-13.2271756929)) ;
#1052=CARTESIAN_POINT('Control Point',(-24.1500170838,-14.1976484564,-13.4116066896)) ;
#1053=CARTESIAN_POINT('Control Point',(-23.9567361957,-14.5184260283,-13.5960222878)) ;
#1054=CARTESIAN_POINT('Control Point',(-22.8098390315,-10.7724169813,-14.4209909911)) ;
#1055=CARTESIAN_POINT('Control Point',(-23.1939761884,-10.8281265557,-14.3266127482)) ;
#1056=CARTESIAN_POINT('Control Point',(-23.5781382865,-10.9694479129,-14.2836771042)) ;
#1057=CARTESIAN_POINT('Control Point',(-23.9303471471,-11.1920207618,-14.3002557228)) ;
#1058=CARTESIAN_POINT('Control Point',(-24.5079875761,-11.7598682164,-14.449361368)) ;
#1059=CARTESIAN_POINT('Control Point',(-24.7638675808,-12.4668229379,-14.7887866488)) ;
#1060=CARTESIAN_POINT('Control Point',(-24.793736639,-12.828752075,-14.9960315942)) ;
#1061=CARTESIAN_POINT('Control Point',(-24.7227757838,-13.1668743726,-15.2221979594)) ;
#1062=CARTESIAN_POINT('Control Point',(-24.5644421276,-13.4572349441,-15.4483493846)) ;
#1063=CARTESIAN_POINT('Control Point',(-23.0883507237,-10.3272528797,-15.1131222506)) ;
#1064=CARTESIAN_POINT('Control Point',(-23.4639866485,-10.3908250766,-15.0206986041)) ;
#1065=CARTESIAN_POINT('Control Point',(-23.8396444099,-10.5334134437,-14.9831303118)) ;
#1066=CARTESIAN_POINT('Control Point',(-24.1852088833,-10.7501637408,-15.0080143854)) ;
#1067=CARTESIAN_POINT('Control Point',(-24.7568684957,-11.2947787781,-15.1782779997)) ;
#1068=CARTESIAN_POINT('Control Point',(-25.023424185,-11.9642232386,-15.5455778634)) ;
#1069=CARTESIAN_POINT('Control Point',(-25.0633731253,-12.3060109966,-15.7678312238)) ;
#1070=CARTESIAN_POINT('Control Point',(-25.0064792876,-12.6256068806,-16.0095335648)) ;
#1071=CARTESIAN_POINT('Control Point',(-24.8643778092,-12.9011222262,-16.2512216835)) ;
#1072=CARTESIAN_POINT('Control Point',(-23.752032874,-9.18147885025,-16.6128238406)) ;
#1073=CARTESIAN_POINT('Control Point',(-24.109304596,-9.25891308518,-16.5308452923)) ;
#1074=CARTESIAN_POINT('Control Point',(-24.4665918776,-9.40006733154,-16.5097055429)) ;
#1075=CARTESIAN_POINT('Control Point',(-24.7978372358,-9.59941877504,-16.5555224945)) ;
#1076=CARTESIAN_POINT('Control Point',(-25.3567986735,-10.0836458389,-16.7736897115)) ;
#1077=CARTESIAN_POINT('Control Point',(-25.6473499587,-10.6617726352,-17.197065283)) ;
#1078=CARTESIAN_POINT('Control Point',(-25.7098122997,-10.9551514826,-17.4483806404)) ;
#1079=CARTESIAN_POINT('Control Point',(-25.6844707536,-11.2302407896,-17.7196342991)) ;
#1080=CARTESIAN_POINT('Control Point',(-25.5791121858,-11.4697856671,-17.9908758222)) ;
#1081=CARTESIAN_POINT('Control Point',(-24.4134570393,-7.78430789442,-17.866425211)) ;
#1082=CARTESIAN_POINT('Control Point',(-24.7558978977,-7.86451771254,-17.8043768051)) ;
#1083=CARTESIAN_POINT('Control Point',(-25.0983500719,-7.99380462529,-17.8054496684)) ;
#1084=CARTESIAN_POINT('Control Point',(-25.4180989237,-8.16695443694,-17.8738529696)) ;
#1085=CARTESIAN_POINT('Control Point',(-25.9672444493,-8.57677992582,-18.1354988449)) ;
#1086=CARTESIAN_POINT('Control Point',(-26.2790479849,-9.05511147213,-18.5980312148)) ;
#1087=CARTESIAN_POINT('Control Point',(-26.3611789528,-9.29684529874,-18.8675564043)) ;
#1088=CARTESIAN_POINT('Control Point',(-26.3636738924,-9.52430871258,-19.156309541)) ;
#1089=CARTESIAN_POINT('Control Point',(-26.2914154571,-9.72439722731,-19.4450530254)) ;
#1090=CARTESIAN_POINT('Control Point',(-24.768274757,-6.91690706367,-18.4939651879)) ;
#1091=CARTESIAN_POINT('Control Point',(-25.1036348114,-6.99466444666,-18.4443509995)) ;
#1092=CARTESIAN_POINT('Control Point',(-25.4390043802,-7.11371832499,-18.458275769)) ;
#1093=CARTESIAN_POINT('Control Point',(-25.7532849573,-7.26928768552,-18.5389480553)) ;
#1094=CARTESIAN_POINT('Control Point',(-26.2978764924,-7.63294016205,-18.8229069487)) ;
#1095=CARTESIAN_POINT('Control Point',(-26.6204012022,-8.05272218222,-19.3034054246)) ;
#1096=CARTESIAN_POINT('Control Point',(-26.7123809688,-8.26447911185,-19.5808253811)) ;
#1097=CARTESIAN_POINT('Control Point',(-26.7288974982,-8.46416345223,-19.8769166438)) ;
#1098=CARTESIAN_POINT('Control Point',(-26.6735268122,-8.64081337898,-20.1729994467)) ;
#1099=CARTESIAN_POINT('Control Point',(-25.3819592517,-5.10201100015,-19.5313311666)) ;
#1100=CARTESIAN_POINT('Control Point',(-25.7059885371,-5.16779924113,-19.5050260524)) ;
#1101=CARTESIAN_POINT('Control Point',(-26.0300246909,-5.26097273355,-19.5420783398)) ;
#1102=CARTESIAN_POINT('Control Point',(-26.3355782866,-5.37787127031,-19.6440467384)) ;
#1103=CARTESIAN_POINT('Control Point',(-26.87303224,-5.64533221329,-19.9654227409)) ;
#1104=CARTESIAN_POINT('Control Point',(-27.2133782181,-5.9481547434,-20.4738162413)) ;
#1105=CARTESIAN_POINT('Control Point',(-27.3216520867,-6.10044435591,-20.7629660269)) ;
#1106=CARTESIAN_POINT('Control Point',(-27.361465863,-6.2446538082,-21.0696584519)) ;
#1107=CARTESIAN_POINT('Control Point',(-27.3344175131,-6.37358889267,-21.3763443153)) ;
#1108=CARTESIAN_POINT('Control Point',(-25.792070577,-3.08568048746,-20.1786271682)) ;
#1109=CARTESIAN_POINT('Control Point',(-26.1094518131,-3.12812333858,-20.1696176039)) ;
#1110=CARTESIAN_POINT('Control Point',(-26.4268386178,-3.18610407747,-20.2229463604)) ;
#1111=CARTESIAN_POINT('Control Point',(-26.727297132,-3.25741494997,-20.3391760051)) ;
#1112=CARTESIAN_POINT('Control Point',(-27.2607247712,-3.41883641176,-20.6843774393)) ;
#1113=CARTESIAN_POINT('Control Point',(-27.6122493491,-3.59984716439,-21.2083907208)) ;
#1114=CARTESIAN_POINT('Control Point',(-27.7306643597,-3.69076204048,-21.5035703874)) ;
#1115=CARTESIAN_POINT('Control Point',(-27.7850849284,-3.77707777183,-21.815391612)) ;
#1116=CARTESIAN_POINT('Control Point',(-27.7760761407,-3.85472722989,-22.1272073619)) ;
#1117=CARTESIAN_POINT('Control Point',(-25.9306537789,-2.0704221773,-20.3928283546)) ;
#1118=CARTESIAN_POINT('Control Point',(-26.2458903325,-2.09944267799,-20.3898208608)) ;
#1119=CARTESIAN_POINT('Control Point',(-26.5611320609,-2.13867787027,-20.4487066778)) ;
#1120=CARTESIAN_POINT('Control Point',(-26.8599500199,-2.18664924066,-20.569736307)) ;
#1121=CARTESIAN_POINT('Control Point',(-27.3920985406,-2.29488847215,-20.9228472428)) ;
#1122=CARTESIAN_POINT('Control Point',(-27.7473187677,-2.4159068258,-21.451856143)) ;
#1123=CARTESIAN_POINT('Control Point',(-27.8690775252,-2.47666656037,-21.7489139062)) ;
#1124=CARTESIAN_POINT('Control Point',(-27.9283274628,-2.53439958143,-22.0622999549)) ;
#1125=CARTESIAN_POINT('Control Point',(-27.9253194831,-2.5864353732,-22.3756808587)) ;
#1126=CARTESIAN_POINT('Control Point',(-26.000003554,-1.03543805549,-20.5000117282)) ;
#1127=CARTESIAN_POINT('Control Point',(-26.3141631147,-1.0499511144,-20.5000113319)) ;
#1128=CARTESIAN_POINT('Control Point',(-26.6283276527,-1.06957294119,-20.5616822783)) ;
#1129=CARTESIAN_POINT('Control Point',(-26.9263215537,-1.09356395951,-20.6851172881)) ;
#1130=CARTESIAN_POINT('Control Point',(-27.4578264196,-1.14769570189,-21.0421895706)) ;
#1131=CARTESIAN_POINT('Control Point',(-27.8148984167,-1.20821839776,-21.5736948616)) ;
#1132=CARTESIAN_POINT('Control Point',(-27.938333328,-1.23860499045,-21.8716890011)) ;
#1133=CARTESIAN_POINT('Control Point',(-28.0000042253,-1.26747779843,-22.1858537905)) ;
#1134=CARTESIAN_POINT('Control Point',(-28.0000038293,-1.29350119913,-22.5000136027)) ;
#1135=CARTESIAN_POINT('Control Point',(-26.0000007405,2.58382122466E-06,-20.5000025133)) ;
#1136=CARTESIAN_POINT('Control Point',(-26.3141600718,2.61549776903E-06,-20.5000024238)) ;
#1137=CARTESIAN_POINT('Control Point',(-26.6283243803,2.65972510976E-06,-20.561673555)) ;
#1138=CARTESIAN_POINT('Control Point',(-26.9263180837,2.71489113418E-06,-20.6851086115)) ;
#1139=CARTESIAN_POINT('Control Point',(-27.4578226814,2.84114787343E-06,-21.042180723)) ;
#1140=CARTESIAN_POINT('Control Point',(-27.814894731,2.98531424507E-06,-21.5736854128)) ;
#1141=CARTESIAN_POINT('Control Point',(-27.938329766,3.05840285196E-06,-21.8716791678)) ;
#1142=CARTESIAN_POINT('Control Point',(-28.0000008864,3.12855459745E-06,-22.1858435307)) ;
#1143=CARTESIAN_POINT('Control Point',(-28.0000007968,3.19248704767E-06,-22.5000029163)) ;
#1145=CARTESIAN_POINT('Control Point',(-26.0000007405,2.58382122453E-06,-20.5000025133)) ;
#1146=CARTESIAN_POINT('Control Point',(-26.628319403,2.64717431336E-06,-20.5000023343)) ;
#1147=CARTESIAN_POINT('Control Point',(-27.2572242915,2.76065444752E-06,-20.7460323016)) ;
#1148=CARTESIAN_POINT('Control Point',(-27.7539710515,2.91183083091E-06,-21.2427791477)) ;
#1149=CARTESIAN_POINT('Control Point',(-28.000000976,3.06462214813E-06,-21.8716841451)) ;
#1150=CARTESIAN_POINT('Control Point',(-28.0000007968,3.19248704717E-06,-22.5000029163)) ;
#1151=CARTESIAN_POINT('Vertex',(-26.0000007405,-6.67058819582E-15,-20.5)) ;
#1155=CARTESIAN_POINT('Control Point',(-21.5812418549,-12.5,-8.)) ;
#1156=CARTESIAN_POINT('Control Point',(-21.5812418549,-12.5,-9.02620846542)) ;
#1157=CARTESIAN_POINT('Control Point',(-21.6633187172,-12.3946896185,-10.0524167518)) ;
#1158=CARTESIAN_POINT('Control Point',(-21.8276402174,-12.1840635804,-11.0531537725)) ;
#1159=CARTESIAN_POINT('Control Point',(-22.2455408556,-11.6218929378,-12.8241569771)) ;
#1160=CARTESIAN_POINT('Control Point',(-22.8098390315,-10.7724169813,-14.4209909911)) ;
#1161=CARTESIAN_POINT('Control Point',(-23.0883507237,-10.3272528797,-15.1131222506)) ;
#1162=CARTESIAN_POINT('Control Point',(-23.752032874,-9.18147885025,-16.6128238406)) ;
#1163=CARTESIAN_POINT('Control Point',(-24.4134570393,-7.78430789442,-17.866425211)) ;
#1164=CARTESIAN_POINT('Control Point',(-24.768274757,-6.91690706367,-18.4939651879)) ;
#1165=CARTESIAN_POINT('Control Point',(-25.3819591028,-5.10201144035,-19.531330915)) ;
#1166=CARTESIAN_POINT('Control Point',(-25.792070378,-3.08568146559,-20.1786268542)) ;
#1167=CARTESIAN_POINT('Control Point',(-25.9306535714,-2.07042369737,-20.3928280339)) ;
#1168=CARTESIAN_POINT('Control Point',(-26.0000034156,-1.03544012163,-20.5000115142)) ;
#1169=CARTESIAN_POINT('Control Point',(-26.0000007405,1.09264264303E-11,-20.5000025134)) ;
#1178=CARTESIAN_POINT('Axis2P3D Location',(0.,7.13041950376E-15,9.5)) ;
#1183=CARTESIAN_POINT('Line Origine',(-16.7906209275,-14.5,9.5)) ;
#1187=CARTESIAN_POINT('Vertex',(-12.,-14.5,9.5)) ;
#1190=CARTESIAN_POINT('Axis2P3D Location',(-12.,-10.5,9.5)) ;
#1194=CARTESIAN_POINT('Vertex',(-8.,-10.5,9.5)) ;
#1197=CARTESIAN_POINT('Line Origine',(-8.,7.1054273576E-15,9.5)) ;
#1201=CARTESIAN_POINT('Vertex',(-8.,10.5,9.5)) ;
#1204=CARTESIAN_POINT('Axis2P3D Location',(-12.,10.5,9.5)) ;
#1208=CARTESIAN_POINT('Vertex',(-12.,14.5,9.5)) ;
#1211=CARTESIAN_POINT('Line Origine',(-16.7906209275,14.5,9.5)) ;
#1215=CARTESIAN_POINT('Vertex',(-21.5812418549,14.5,9.5)) ;
#1218=CARTESIAN_POINT('Axis2P3D Location',(0.,7.83891936533E-15,9.5)) ;
#1222=CARTESIAN_POINT('Vertex',(21.5812418549,14.5,9.5)) ;
#1225=CARTESIAN_POINT('Line Origine',(16.7906209275,14.5,9.5)) ;
#1245=CARTESIAN_POINT('Axis2P3D Location',(0.608392187724,14.5,7.5)) ;
#1250=CARTESIAN_POINT('Axis2P3D Location',(21.5812418549,14.5,7.5)) ;
#1254=CARTESIAN_POINT('Vertex',(21.5812418549,12.5,7.5)) ;
#1257=CARTESIAN_POINT('Line Origine',(0.608392187724,12.5,7.5)) ;
#1269=CARTESIAN_POINT('Axis2P3D Location',(21.5812418549,14.5,7.5)) ;
#1275=CARTESIAN_POINT('Control Point',(21.5812418549,14.5,9.5)) ;
#1276=CARTESIAN_POINT('Control Point',(21.7383214876,14.6055386288,9.5)) ;
#1277=CARTESIAN_POINT('Control Point',(21.8954011203,14.7110772577,9.47761724176)) ;
#1278=CARTESIAN_POINT('Control Point',(22.0476747777,14.8131581425,9.43283143498)) ;
#1279=CARTESIAN_POINT('Control Point',(22.3336517233,15.0057576822,9.30479265267)) ;
#1280=CARTESIAN_POINT('Control Point',(22.5750170977,15.1674687837,9.11579383438)) ;
#1281=CARTESIAN_POINT('Control Point',(22.6827245042,15.2390543832,9.01003912654)) ;
#1282=CARTESIAN_POINT('Control Point',(22.8708224519,15.3674526614,8.78232562618)) ;
#1283=CARTESIAN_POINT('Control Point',(23.0101274849,15.4590298254,8.53483909441)) ;
#1284=CARTESIAN_POINT('Control Point',(23.0679349947,15.4976268814,8.40798487736)) ;
#1285=CARTESIAN_POINT('Control Point',(23.1606102191,15.5623978432,8.15092803283)) ;
#1286=CARTESIAN_POINT('Control Point',(23.2154029278,15.5967076036,7.89125079096)) ;
#1287=CARTESIAN_POINT('Control Point',(23.2325181856,15.6094591755,7.76076719564)) ;
#1288=CARTESIAN_POINT('Control Point',(23.2413373822,15.6153846154,7.63038359782)) ;
#1289=CARTESIAN_POINT('Control Point',(23.2413373822,15.6153846154,7.5)) ;
#1290=CARTESIAN_POINT('Vertex',(23.2413373822,15.6153846154,7.5)) ;
#1293=CARTESIAN_POINT('Axis2P3D Location',(21.5812418549,14.5,7.5)) ;
#1304=CARTESIAN_POINT('Axis2P3D Location',(7.1054273576E-15,4.4408920985E-15,7.5)) ;
#1309=CARTESIAN_POINT('Axis2P3D Location',(-21.5812418549,14.5,7.5)) ;
#1313=CARTESIAN_POINT('Vertex',(-23.2413373822,15.6153846154,7.5)) ;
#1316=CARTESIAN_POINT('Axis2P3D Location',(7.1054273576E-15,4.4408920985E-15,7.5)) ;
#1328=CARTESIAN_POINT('Axis2P3D Location',(-21.5812418549,14.5,7.5)) ;
#1333=CARTESIAN_POINT('Axis2P3D Location',(-21.5812418549,14.5,7.5)) ;
#1337=CARTESIAN_POINT('Vertex',(-21.5812418549,12.5,7.5)) ;
#1340=CARTESIAN_POINT('Axis2P3D Location',(-21.5812418549,14.5,7.5)) ;
#1351=CARTESIAN_POINT('Axis2P3D Location',(1.7763568394E-15,-14.5,7.5)) ;
#1356=CARTESIAN_POINT('Line Origine',(0.,-12.5,7.5)) ;
#1360=CARTESIAN_POINT('Vertex',(-12.,-12.5,7.5)) ;
#1363=CARTESIAN_POINT('Axis2P3D Location',(-12.,-14.5,7.5)) ;
#1375=CARTESIAN_POINT('Axis2P3D Location',(-12.,-10.5,7.5)) ;
#1380=CARTESIAN_POINT('Axis2P3D Location',(-12.,-10.5,7.5)) ;
#1384=CARTESIAN_POINT('Vertex',(-10.,-10.5,7.5)) ;
#1387=CARTESIAN_POINT('Axis2P3D Location',(-8.,-10.5,7.5)) ;
#1399=CARTESIAN_POINT('Axis2P3D Location',(-8.,7.1054273576E-15,7.5)) ;
#1404=CARTESIAN_POINT('Line Origine',(-10.,7.1054273576E-15,7.5)) ;
#1408=CARTESIAN_POINT('Vertex',(-10.,10.5,7.5)) ;
#1411=CARTESIAN_POINT('Axis2P3D Location',(-8.,10.5,7.5)) ;
#1423=CARTESIAN_POINT('Axis2P3D Location',(-12.,10.5,7.5)) ;
#1428=CARTESIAN_POINT('Axis2P3D Location',(-12.,10.5,7.5)) ;
#1432=CARTESIAN_POINT('Vertex',(-12.,12.5,7.5)) ;
#1435=CARTESIAN_POINT('Axis2P3D Location',(-12.,14.5,7.5)) ;
#1447=CARTESIAN_POINT('Axis2P3D Location',(3.5527136788E-15,14.5,7.5)) ;
#1452=CARTESIAN_POINT('Line Origine',(3.5527136788E-15,12.5,7.5)) ;
#1464=CARTESIAN_POINT('Axis2P3D Location',(-10.,12.5,-20.5)) ;
#1469=CARTESIAN_POINT('Line Origine',(21.5812418549,12.5,-0.25)) ;
#1481=CARTESIAN_POINT('Axis2P3D Location',(21.5812418549,14.5,-12.75)) ;
#1486=CARTESIAN_POINT('Line Origine',(23.2413373822,15.6153846154,-12.75)) ;
#1498=CARTESIAN_POINT('Line Origine',(-23.2413373822,15.6153846154,-4.25)) ;
#1502=CARTESIAN_POINT('Vertex',(-23.2413364992,15.6153859295,-8.00000053427)) ;
#1506=CARTESIAN_POINT('Control Point',(-28.,-8.43769498715E-15,-22.5)) ;
#1507=CARTESIAN_POINT('Control Point',(-28.,1.43585023791,-22.5)) ;
#1508=CARTESIAN_POINT('Control Point',(-27.9079613435,2.8717000806,-22.3467533699)) ;
#1509=CARTESIAN_POINT('Control Point',(-27.7238940714,4.27348023319,-22.0403322344)) ;
#1510=CARTESIAN_POINT('Control Point',(-27.2528365236,6.68757719238,-21.2353975023)) ;
#1511=CARTESIAN_POINT('Control Point',(-26.5932228114,8.84689387159,-20.0160393297)) ;
#1512=CARTESIAN_POINT('Control Point',(-26.272551701,9.74788965746,-19.3983673426)) ;
#1513=CARTESIAN_POINT('Control Point',(-25.595941305,11.4292821291,-18.0167627204)) ;
#1514=CARTESIAN_POINT('Control Point',(-24.9064839154,12.8269658217,-16.3695978582)) ;
#1515=CARTESIAN_POINT('Control Point',(-24.5694169153,13.4527012562,-15.4778903449)) ;
#1516=CARTESIAN_POINT('Control Point',(-23.9410261954,14.5440442349,-13.5563727982)) ;
#1517=CARTESIAN_POINT('Control Point',(-23.4888671456,15.2472063418,-11.4224731514)) ;
#1518=CARTESIAN_POINT('Control Point',(-23.3237196343,15.4927700575,-10.2988712845)) ;
#1519=CARTESIAN_POINT('Control Point',(-23.2413389333,15.6153823068,-9.1492182371)) ;
#1520=CARTESIAN_POINT('Control Point',(-23.2413364992,15.6153859295,-8.00000053427)) ;
#1522=CARTESIAN_POINT('Axis2P3D Location',(0.,-2.48689957516E-14,-33.)) ;
#1539=CARTESIAN_POINT('Control Point',(-26.,-1.46549439251E-14,-20.5)) ;
#1540=CARTESIAN_POINT('Control Point',(-26.3141592654,-1.50990331349E-14,-20.5)) ;
#1541=CARTESIAN_POINT('Control Point',(-26.628323508,-1.68753899743E-14,-20.5616711859)) ;
#1542=CARTESIAN_POINT('Control Point',(-26.9263171548,-1.7763568394E-14,-20.6851062576)) ;
#1543=CARTESIAN_POINT('Control Point',(-27.4578216761,-1.95399252334E-14,-21.0421783239)) ;
#1544=CARTESIAN_POINT('Control Point',(-27.8148937424,-2.13162820728E-14,-21.5736828452)) ;
#1545=CARTESIAN_POINT('Control Point',(-27.9383288141,-2.13162820728E-14,-21.871676492)) ;
#1546=CARTESIAN_POINT('Control Point',(-28.,-2.17603712827E-14,-22.1858407346)) ;
#1547=CARTESIAN_POINT('Control Point',(-28.,-2.22044604925E-14,-22.5)) ;
#1548=CARTESIAN_POINT('Control Point',(-26.,1.14938750572,-20.5)) ;
#1549=CARTESIAN_POINT('Control Point',(-26.3141592654,1.16549770772,-20.5)) ;
#1550=CARTESIAN_POINT('Control Point',(-26.628323508,1.18727889219,-20.5616711859)) ;
#1551=CARTESIAN_POINT('Control Point',(-26.9263171548,1.21391009369,-20.6851062576)) ;
#1552=CARTESIAN_POINT('Control Point',(-27.4578216761,1.27399897362,-21.0421783239)) ;
#1553=CARTESIAN_POINT('Control Point',(-27.8148937424,1.34118213222,-21.5736828452)) ;
#1554=CARTESIAN_POINT('Control Point',(-27.9383288141,1.37491274178,-21.871676492)) ;
#1555=CARTESIAN_POINT('Control Point',(-28.,1.40696297916,-22.1858407346)) ;
#1556=CARTESIAN_POINT('Control Point',(-28.,1.43585023791,-22.5)) ;
#1557=CARTESIAN_POINT('Control Point',(-25.9145355332,2.29877492259,-20.3678908362)) ;
#1558=CARTESIAN_POINT('Control Point',(-26.2300212147,2.33099752078,-20.36418652)) ;
#1559=CARTESIAN_POINT('Control Point',(-26.5455121168,2.37456058557,-20.4224262506)) ;
#1560=CARTESIAN_POINT('Control Point',(-26.8445205872,2.42782281402,-20.5428972572)) ;
#1561=CARTESIAN_POINT('Control Point',(-27.3768173528,2.54799933625,-20.8950870612)) ;
#1562=CARTESIAN_POINT('Control Point',(-27.7316076504,2.68236395865,-21.4235133207)) ;
#1563=CARTESIAN_POINT('Control Point',(-27.8529776335,2.74982454995,-21.720351896)) ;
#1564=CARTESIAN_POINT('Control Point',(-27.9116663156,2.81392487317,-22.0335552254)) ;
#1565=CARTESIAN_POINT('Control Point',(-27.9079613435,2.8717000806,-22.3467533699)) ;
#1566=CARTESIAN_POINT('Control Point',(-25.7436160863,3.42088956712,-20.1037345132)) ;
#1567=CARTESIAN_POINT('Control Point',(-26.0617467241,3.4677299999,-20.092625509)) ;
#1568=CARTESIAN_POINT('Control Point',(-26.3798830676,3.53188005512,-20.1440110943)) ;
#1569=CARTESIAN_POINT('Control Point',(-26.6809148423,3.61089019544,-20.2585626816)) ;
#1570=CARTESIAN_POINT('Control Point',(-27.2147894914,3.78987671075,-20.6009992524)) ;
#1571=CARTESIAN_POINT('Control Point',(-27.5650224127,3.9907223011,-21.1232664192)) ;
#1572=CARTESIAN_POINT('Control Point',(-27.6822686964,4.09160805974,-21.4177895576)) ;
#1573=CARTESIAN_POINT('Control Point',(-27.7350010249,4.18737137484,-21.7290636961)) ;
#1574=CARTESIAN_POINT('Control Point',(-27.7238940714,4.27348023319,-22.0403322344)) ;
#1575=CARTESIAN_POINT('Control Point',(-25.3062052131,5.35335595261,-19.4098255703)) ;
#1576=CARTESIAN_POINT('Control Point',(-25.6315071765,5.42141478961,-19.3803949477)) ;
#1577=CARTESIAN_POINT('Control Point',(-25.956816269,5.51858014257,-19.4144658216)) ;
#1578=CARTESIAN_POINT('Control Point',(-26.2633465771,5.64101159331,-19.5137917079)) ;
#1579=CARTESIAN_POINT('Control Point',(-26.8015797451,5.9217687653,-19.8307055029)) ;
#1580=CARTESIAN_POINT('Control Point',(-27.1398247645,6.24029089626,-20.3360917011)) ;
#1581=CARTESIAN_POINT('Control Point',(-27.2461889147,6.40051942309,-20.6240589513)) ;
#1582=CARTESIAN_POINT('Control Point',(-27.2832581197,6.55216554811,-20.9297316101)) ;
#1583=CARTESIAN_POINT('Control Point',(-27.2528365236,6.68757719238,-21.2353975023)) ;
#1584=CARTESIAN_POINT('Control Point',(-24.6937070005,7.08187331249,-18.3586544848)) ;
#1585=CARTESIAN_POINT('Control Point',(-25.0306227929,7.15968976034,-18.3065576791)) ;
#1586=CARTESIAN_POINT('Control Point',(-25.3675485139,7.28041927201,-18.317848643)) ;
#1587=CARTESIAN_POINT('Control Point',(-25.6830323017,7.43921465639,-18.3959503457)) ;
#1588=CARTESIAN_POINT('Control Point',(-26.2286357268,7.81166584165,-18.6751386652)) ;
#1589=CARTESIAN_POINT('Control Point',(-26.5488543969,8.24291393261,-19.1516325182)) ;
#1590=CARTESIAN_POINT('Control Point',(-26.6387098687,8.46056891532,-19.4272537853)) ;
#1591=CARTESIAN_POINT('Control Point',(-26.6522091174,8.66569952212,-19.7216509231)) ;
#1592=CARTESIAN_POINT('Control Point',(-26.5932228114,8.84689387159,-20.0160393297)) ;
#1593=CARTESIAN_POINT('Control Point',(-24.3959409857,7.8031138021,-17.8261786117)) ;
#1594=CARTESIAN_POINT('Control Point',(-24.7389094834,7.88264514991,-17.7638785474)) ;
#1595=CARTESIAN_POINT('Control Point',(-25.081889483,8.01165143514,-17.7645142914)) ;
#1596=CARTESIAN_POINT('Control Point',(-25.4020505297,8.18495155528,-17.8323473366)) ;
#1597=CARTESIAN_POINT('Control Point',(-25.9515657762,8.59578004314,-18.0926877439)) ;
#1598=CARTESIAN_POINT('Control Point',(-26.2627018765,9.07597759814,-18.5537037071)) ;
#1599=CARTESIAN_POINT('Control Point',(-26.3442037547,9.31872710794,-18.8224493872)) ;
#1600=CARTESIAN_POINT('Control Point',(-26.345821017,9.54710684124,-19.110413239)) ;
#1601=CARTESIAN_POINT('Control Point',(-26.272551701,9.74788965746,-19.3983673426)) ;
#1602=CARTESIAN_POINT('Control Point',(-23.7676596614,9.14905572966,-16.6351404097)) ;
#1603=CARTESIAN_POINT('Control Point',(-24.1246603902,9.2264390708,-16.5539205866)) ;
#1604=CARTESIAN_POINT('Control Point',(-24.4816766277,9.36722090111,-16.5334954976)) ;
#1605=CARTESIAN_POINT('Control Point',(-24.8127138757,9.56590533458,-16.579914093)) ;
#1606=CARTESIAN_POINT('Control Point',(-25.3715088039,10.0483718641,-16.7990006197)) ;
#1607=CARTESIAN_POINT('Control Point',(-25.662502235,10.6242784908,-17.2227887963)) ;
#1608=CARTESIAN_POINT('Control Point',(-25.725366435,10.9165303115,-17.4741970146)) ;
#1609=CARTESIAN_POINT('Control Point',(-25.7006001901,11.1905887782,-17.7454858843)) ;
#1610=CARTESIAN_POINT('Control Point',(-25.595941305,11.4292821291,-18.0167627204)) ;
#1611=CARTESIAN_POINT('Control Point',(-23.1274494732,10.2678915234,-15.2151704325)) ;
#1612=CARTESIAN_POINT('Control Point',(-23.5018258367,10.3327416863,-15.1228236733)) ;
#1613=CARTESIAN_POINT('Control Point',(-23.8762235618,10.4756675972,-15.0858835776)) ;
#1614=CARTESIAN_POINT('Control Point',(-24.2208024165,10.691727799,-15.1118923876)) ;
#1615=CARTESIAN_POINT('Control Point',(-24.7915682415,11.2332653447,-15.2852056369)) ;
#1616=CARTESIAN_POINT('Control Point',(-25.0596731001,11.8975196839,-15.6567624495)) ;
#1617=CARTESIAN_POINT('Control Point',(-25.1010896889,12.2364983562,-15.8813463054)) ;
#1618=CARTESIAN_POINT('Control Point',(-25.0462392717,12.5535098949,-16.1254791544)) ;
#1619=CARTESIAN_POINT('Control Point',(-24.9064839154,12.8269658217,-16.3695978582)) ;
#1620=CARTESIAN_POINT('Control Point',(-22.8144544704,10.7687893888,-14.4464541669)) ;
#1621=CARTESIAN_POINT('Control Point',(-23.198307276,10.8249262569,-14.3515430336)) ;
#1622=CARTESIAN_POINT('Control Point',(-23.5821848821,10.9665363018,-14.3083186261)) ;
#1623=CARTESIAN_POINT('Control Point',(-23.9341689111,11.1892136573,-14.3248934163)) ;
#1624=CARTESIAN_POINT('Control Point',(-24.5115922195,11.7569280374,-14.474545389)) ;
#1625=CARTESIAN_POINT('Control Point',(-24.7677577475,12.4632787371,-14.8154255817)) ;
#1626=CARTESIAN_POINT('Control Point',(-24.7979075005,12.8248393387,-15.0235767978)) ;
#1627=CARTESIAN_POINT('Control Point',(-24.7273286161,13.1626132015,-15.2507394526)) ;
#1628=CARTESIAN_POINT('Control Point',(-24.5694123917,13.4527028122,-15.4778870863)) ;
#1629=CARTESIAN_POINT('Control Point',(-22.2309570716,11.6423984756,-12.7899796379)) ;
#1630=CARTESIAN_POINT('Control Point',(-22.6348378035,11.6774443471,-12.6994085433)) ;
#1631=CARTESIAN_POINT('Control Point',(-23.0387512196,11.8122328056,-12.6505747809)) ;
#1632=CARTESIAN_POINT('Control Point',(-23.4064284659,12.0439724832,-12.6518679962)) ;
#1633=CARTESIAN_POINT('Control Point',(-23.9982045855,12.6564083369,-12.7543199937)) ;
#1634=CARTESIAN_POINT('Control Point',(-24.2303235759,13.4410186895,-13.0220928015)) ;
#1635=CARTESIAN_POINT('Control Point',(-24.237597999,13.8452875478,-13.1890582366)) ;
#1636=CARTESIAN_POINT('Control Point',(-24.1352471229,14.2224900374,-13.3727249004)) ;
#1637=CARTESIAN_POINT('Control Point',(-23.9410308097,14.5440426478,-13.5563761222)) ;
#1638=CARTESIAN_POINT('Control Point',(-21.8110866613,12.2052775081,-10.9504047395)) ;
#1639=CARTESIAN_POINT('Control Point',(-22.2326106606,12.2190121623,-10.885275149)) ;
#1640=CARTESIAN_POINT('Control Point',(-22.6541750688,12.343378874,-10.8472355057)) ;
#1641=CARTESIAN_POINT('Control Point',(-23.0357287578,12.5775773251,-10.8426752946)) ;
#1642=CARTESIAN_POINT('Control Point',(-23.6404922506,13.2173945722,-10.9014026277)) ;
#1643=CARTESIAN_POINT('Control Point',(-23.8528662854,14.0587692751,-11.0731602042)) ;
#1644=CARTESIAN_POINT('Control Point',(-23.8411231099,14.4949902227,-11.1818974712)) ;
#1645=CARTESIAN_POINT('Control Point',(-23.7125584157,14.9019645338,-11.3021895911)) ;
#1646=CARTESIAN_POINT('Control Point',(-23.4888624388,15.2472079608,-11.4224697608)) ;
#1647=CARTESIAN_POINT('Control Point',(-21.6577032226,12.4018654733,-9.98200239639)) ;
#1648=CARTESIAN_POINT('Control Point',(-22.0865400191,12.4064257511,-9.93586045951)) ;
#1649=CARTESIAN_POINT('Control Point',(-22.5154206204,12.5257432705,-9.90824132013)) ;
#1650=CARTESIAN_POINT('Control Point',(-22.9027370042,12.759962169,-9.90376921412)) ;
#1651=CARTESIAN_POINT('Control Point',(-23.512958882,13.408893907,-9.94204720062)) ;
#1652=CARTESIAN_POINT('Control Point',(-23.717466518,14.2715157087,-10.0591860877)) ;
#1653=CARTESIAN_POINT('Control Point',(-23.6980912552,14.7199393442,-10.1337688214)) ;
#1654=CARTESIAN_POINT('Control Point',(-23.559052553,15.1383832625,-10.216450174)) ;
#1655=CARTESIAN_POINT('Control Point',(-23.3236804293,15.4927920181,-10.299122805)) ;
#1656=CARTESIAN_POINT('Control Point',(-21.5812412403,12.4999965793,-8.99070540293)) ;
#1657=CARTESIAN_POINT('Control Point',(-22.0137213186,12.4999963783,-8.96767551781)) ;
#1658=CARTESIAN_POINT('Control Point',(-22.4462468944,12.6168070282,-8.9539012171)) ;
#1659=CARTESIAN_POINT('Control Point',(-22.8364342651,12.851042215,-8.95168809977)) ;
#1660=CARTESIAN_POINT('Control Point',(-23.4493754505,13.5045232717,-8.97084109695)) ;
#1661=CARTESIAN_POINT('Control Point',(-23.6499634902,14.3777349672,-9.02936724902)) ;
#1662=CARTESIAN_POINT('Control Point',(-23.6267854369,14.8322402059,-9.06662394291)) ;
#1663=CARTESIAN_POINT('Control Point',(-23.4825276943,15.2564014082,-9.10792326138)) ;
#1664=CARTESIAN_POINT('Control Point',(-23.2413367162,15.6153803328,-9.1492182371)) ;
#1665=CARTESIAN_POINT('Control Point',(-21.5812422709,12.5000020017,-8.00000042683)) ;
#1666=CARTESIAN_POINT('Control Point',(-22.0137220037,12.5000021262,-8.00000042493)) ;
#1667=CARTESIAN_POINT('Control Point',(-22.4462472339,12.6168130717,-8.00000042733)) ;
#1668=CARTESIAN_POINT('Control Point',(-22.8364343224,12.8510484912,-8.00000043424)) ;
#1669=CARTESIAN_POINT('Control Point',(-23.4493751915,13.5045298753,-8.00000045562)) ;
#1670=CARTESIAN_POINT('Control Point',(-23.6499634689,14.3777416859,-8.00000048689)) ;
#1671=CARTESIAN_POINT('Control Point',(-23.62678569,14.8322469435,-8.00000050373)) ;
#1672=CARTESIAN_POINT('Control Point',(-23.4825283467,15.25640816,-8.00000051999)) ;
#1673=CARTESIAN_POINT('Control Point',(-23.24133783,15.6153871153,-8.00000053427)) ;
#1675=CARTESIAN_POINT('Control Point',(-21.5812422709,12.5000020017,-8.00000042683)) ;
#1676=CARTESIAN_POINT('Control Point',(-22.4462017365,12.5000022507,-8.00000042303)) ;
#1677=CARTESIAN_POINT('Control Point',(-23.316124501,12.9640474656,-8.0000004363)) ;
#1678=CARTESIAN_POINT('Control Point',(-23.8236884587,13.9165572108,-8.00000046915)) ;
#1679=CARTESIAN_POINT('Control Point',(-23.7237188634,14.8974292048,-8.00000050571)) ;
#1680=CARTESIAN_POINT('Control Point',(-23.24133783,15.6153871153,-8.00000053427)) ;
#1681=CARTESIAN_POINT('Vertex',(-21.5812422709,12.5,-8.)) ;
#1685=CARTESIAN_POINT('Control Point',(-26.,-1.24344978758E-14,-20.5)) ;
#1686=CARTESIAN_POINT('Control Point',(-26.,1.14938750572,-20.5)) ;
#1687=CARTESIAN_POINT('Control Point',(-25.9145355332,2.29877492259,-20.3678908362)) ;
#1688=CARTESIAN_POINT('Control Point',(-25.7436160863,3.42088956712,-20.1037345132)) ;
#1689=CARTESIAN_POINT('Control Point',(-25.3062052131,5.35335595261,-19.4098255703)) ;
#1690=CARTESIAN_POINT('Control Point',(-24.6937070005,7.08187331249,-18.3586544848)) ;
#1691=CARTESIAN_POINT('Control Point',(-24.3959409857,7.8031138021,-17.8261786117)) ;
#1692=CARTESIAN_POINT('Control Point',(-23.7676596614,9.14905572966,-16.6351404097)) ;
#1693=CARTESIAN_POINT('Control Point',(-23.1274494732,10.2678915234,-15.2151704325)) ;
#1694=CARTESIAN_POINT('Control Point',(-22.8144586707,10.7687881416,-14.4464570143)) ;
#1695=CARTESIAN_POINT('Control Point',(-22.2759757509,11.5749924005,-12.917789758)) ;
#1696=CARTESIAN_POINT('Control Point',(-21.8768578613,12.1165638057,-11.2331977555)) ;
#1697=CARTESIAN_POINT('Control Point',(-21.7320515764,12.3056423602,-10.4231201839)) ;
#1698=CARTESIAN_POINT('Control Point',(-21.6216182776,12.448154116,-9.44347014416)) ;
#1699=CARTESIAN_POINT('Control Point',(-21.5866004401,12.4931245704,-8.45409507997)) ;
#1700=CARTESIAN_POINT('Control Point',(-21.583028018,12.4977088086,-8.30277180587)) ;
#1701=CARTESIAN_POINT('Control Point',(-21.5812421134,12.5000011732,-8.15138173477)) ;
#1702=CARTESIAN_POINT('Control Point',(-21.5812422709,12.5000020017,-8.00000042683)) ;
#1711=CARTESIAN_POINT('Axis2P3D Location',(-21.5812418549,14.5,-12.75)) ;
#1716=CARTESIAN_POINT('Line Origine',(-21.5812418549,12.5,-12.75)) ;
#1728=CARTESIAN_POINT('Line Origine',(-16.7906209275,-12.5,-8.)) ;
#1732=CARTESIAN_POINT('Vertex',(-12.,-12.5,-8.)) ;
#1735=CARTESIAN_POINT('Line Origine',(-12.,-12.5,-0.25)) ;
#1747=CARTESIAN_POINT('Axis2P3D Location',(-12.,-10.5,-5.5)) ;
#1752=CARTESIAN_POINT('Axis2P3D Location',(-12.,-10.5,-8.)) ;
#1756=CARTESIAN_POINT('Vertex',(-10.,-10.5,-8.)) ;
#1759=CARTESIAN_POINT('Line Origine',(-10.,-10.5,-5.5)) ;
#1771=CARTESIAN_POINT('Axis2P3D Location',(-19.,-5.3290705182E-15,-8.)) ;
#1776=CARTESIAN_POINT('Line Origine',(-19.,-6.67058819582E-15,-20.5)) ;
#1780=CARTESIAN_POINT('Vertex',(-12.,-6.67058819582E-15,-20.5)) ;
#1783=CARTESIAN_POINT('Axis2P3D Location',(-12.,-5.3290705182E-15,-8.)) ;
#1795=CARTESIAN_POINT('Axis2P3D Location',(-12.,-3.5527136788E-15,-8.)) ;
#1800=CARTESIAN_POINT('Axis2P3D Location',(-12.,-3.5527136788E-15,-8.)) ;
#1804=CARTESIAN_POINT('Vertex',(-12.,12.5,-8.)) ;
#1807=CARTESIAN_POINT('Axis2P3D Location',(-12.,10.5,-8.)) ;
#1811=CARTESIAN_POINT('Vertex',(-10.,10.5,-8.)) ;
#1814=CARTESIAN_POINT('Axis2P3D Location',(-10.,-3.5527136788E-15,-8.)) ;
#1818=CARTESIAN_POINT('Vertex',(-10.,-1.80387842852E-14,-18.5)) ;
#1821=CARTESIAN_POINT('Axis2P3D Location',(-10.,-3.5527136788E-15,-8.)) ;
#1835=CARTESIAN_POINT('Axis2P3D Location',(-19.,-7.1054273576E-15,-8.)) ;
#1840=CARTESIAN_POINT('Line Origine',(-19.,12.5,-8.)) ;
#1852=CARTESIAN_POINT('Axis2P3D Location',(0.,30.,-33.)) ;
#1857=CARTESIAN_POINT('Axis2P3D Location',(0.,0.,-33.)) ;
#1861=CARTESIAN_POINT('Vertex',(14.3827661581,26.3274768567,-33.)) ;
#1863=CARTESIAN_POINT('Vertex',(-14.3827661581,-26.3274768567,-33.)) ;
#1866=CARTESIAN_POINT('Axis2P3D Location',(0.,0.,-33.)) ;
#1880=CARTESIAN_POINT('Axis2P3D Location',(-10.,-12.5,-20.5)) ;
#1885=CARTESIAN_POINT('Line Origine',(-10.,10.5,-0.25)) ;
#1897=CARTESIAN_POINT('Axis2P3D Location',(-10.,7.00485420603E-16,-3.)) ;
#1901=CARTESIAN_POINT('Vertex',(-10.,7.5,-3.)) ;
#1903=CARTESIAN_POINT('Vertex',(-10.,-7.5,-3.)) ;
#1906=CARTESIAN_POINT('Axis2P3D Location',(-10.,7.00485420603E-16,-3.)) ;
#1916=CARTESIAN_POINT('Axis2P3D Location',(-12.,10.5,-5.5)) ;
#1921=CARTESIAN_POINT('Line Origine',(-12.,12.5,-5.5)) ;
#1940=CARTESIAN_POINT('Axis2P3D Location',(0.,2.47384843234E-14,-0.0404243469238)) ;
#1945=CARTESIAN_POINT('Line Origine',(14.3827661581,26.3274768567,-1.55573206343)) ;
#1949=CARTESIAN_POINT('Vertex',(14.3827661581,26.3274768567,16.8885358731)) ;
#1952=CARTESIAN_POINT('Axis2P3D Location',(0.,3.74448620215E-14,16.8885358731)) ;
#1956=CARTESIAN_POINT('Vertex',(-14.3827661581,-26.3274768567,16.8885358731)) ;
#1959=CARTESIAN_POINT('Line Origine',(-14.3827661581,-26.3274768567,-1.55573206343)) ;
#1975=CARTESIAN_POINT('Axis2P3D Location',(0.,3.74448620215E-14,16.8885358731)) ;
#1987=CARTESIAN_POINT('Control Point',(-29.0473752216,7.49999951576,-2.999999489)) ;
#1988=CARTESIAN_POINT('Control Point',(-29.047375648,7.49999786408,-4.01522675075)) ;
#1989=CARTESIAN_POINT('Control Point',(-29.0917304579,7.32821241246,-5.03033293372)) ;
#1990=CARTESIAN_POINT('Control Point',(-29.1807416446,6.98454435305,-6.00362146695)) ;
#1991=CARTESIAN_POINT('Control Point',(-29.4726972316,5.73801753272,-8.24092032592)) ;
#1992=CARTESIAN_POINT('Control Point',(-29.8191193215,3.66704857839,-9.81029635332)) ;
#1993=CARTESIAN_POINT('Control Point',(-29.9817818892,2.19805471018,-10.4217395589)) ;
#1994=CARTESIAN_POINT('Control Point',(-30.0756418579,-0.747620394718,-10.809208512)) ;
#1995=CARTESIAN_POINT('Control Point',(-29.8346177159,-3.52154740353,-9.83034264789)) ;
#1996=CARTESIAN_POINT('Control Point',(-29.6582894754,-4.68791238453,-9.08561683603)) ;
#1997=CARTESIAN_POINT('Control Point',(-29.3562190356,-6.24888199814,-7.50430751226)) ;
#1998=CARTESIAN_POINT('Control Point',(-29.1386608103,-7.14688127186,-5.4971085725)) ;
#1999=CARTESIAN_POINT('Control Point',(-29.0777568629,-7.38233192483,-4.68048558917)) ;
#2000=CARTESIAN_POINT('Control Point',(-29.0473750966,-7.5,-3.84024309042)) ;
#2001=CARTESIAN_POINT('Control Point',(-29.0473750966,-7.5,-3.)) ;
#2002=CARTESIAN_POINT('Vertex',(-29.0473762447,7.5,-3.)) ;
#2004=CARTESIAN_POINT('Vertex',(-29.0473750966,-7.5,-3.)) ;
#2008=CARTESIAN_POINT('Control Point',(-29.0473750966,-7.5,-3.)) ;
#2009=CARTESIAN_POINT('Control Point',(-29.0473750966,-7.5,-1.61488299297)) ;
#2010=CARTESIAN_POINT('Control Point',(-29.1299363055,-7.18024181283,-0.229767593791)) ;
#2011=CARTESIAN_POINT('Control Point',(-29.2958810028,-6.5417045635,1.04676680552)) ;
#2012=CARTESIAN_POINT('Control Point',(-29.6439047678,-4.88981341312,3.0340185496)) ;
#2013=CARTESIAN_POINT('Control Point',(-29.9180540538,-2.58707983466,4.1828194006)) ;
#2014=CARTESIAN_POINT('Control Point',(-30.0003151123,-1.44420490716,4.49853274696)) ;
#2015=CARTESIAN_POINT('Control Point',(-30.04468174,1.1029789576,4.68345012259)) ;
#2016=CARTESIAN_POINT('Control Point',(-29.8348046584,3.52002751827,3.83112529105)) ;
#2017=CARTESIAN_POINT('Control Point',(-29.658514896,4.68655501243,3.08665896889)) ;
#2018=CARTESIAN_POINT('Control Point',(-29.3563945122,6.24812932535,1.50544349059)) ;
#2019=CARTESIAN_POINT('Control Point',(-29.1387303607,7.14661396767,-0.501940950282)) ;
#2020=CARTESIAN_POINT('Control Point',(-29.0777805538,7.38224016221,-1.31877248971)) ;
#2021=CARTESIAN_POINT('Control Point',(-29.0473748685,7.50000088329,-2.15942749062)) ;
#2022=CARTESIAN_POINT('Control Point',(-29.0473752216,7.49999951576,-2.999999489)) ;
#2029=CARTESIAN_POINT('Axis2P3D Location',(0.,27.,16.8885358731)) ;
#2038=CARTESIAN_POINT('Axis2P3D Location',(0.,3.90798504668E-14,16.8885358731)) ;
#2042=CARTESIAN_POINT('Vertex',(-12.9444895423,-23.694729171,16.8885358731)) ;
#2044=CARTESIAN_POINT('Vertex',(12.9444895423,23.694729171,16.8885358731)) ;
#2047=CARTESIAN_POINT('Axis2P3D Location',(0.,3.90798504668E-14,16.8885358731)) ;
#2057=CARTESIAN_POINT('Axis2P3D Location',(0.,2.47384843234E-14,-0.0404243469238)) ;
#2062=CARTESIAN_POINT('Line Origine',(12.9444895423,23.694729171,20.8885358731)) ;
#2066=CARTESIAN_POINT('Vertex',(12.9444895423,23.694729171,18.8885358731)) ;
#2069=CARTESIAN_POINT('Axis2P3D Location',(0.,3.89460029696E-14,18.8885358731)) ;
#2073=CARTESIAN_POINT('Vertex',(-12.9444895423,-23.694729171,18.8885358731)) ;
#2076=CARTESIAN_POINT('Line Origine',(-12.9444895423,-23.694729171,20.8885358731)) ;
#2088=CARTESIAN_POINT('Axis2P3D Location',(0.,3.89460029696E-14,18.8885358731)) ;
#2100=CARTESIAN_POINT('Axis2P3D Location',(0.,30.,18.8885358731)) ;
#2105=CARTESIAN_POINT('Axis2P3D Location',(0.,3.90798504668E-14,18.8885358731)) ;
#2109=CARTESIAN_POINT('Vertex',(-14.3827661581,-26.3274768567,18.8885358731)) ;
#2111=CARTESIAN_POINT('Vertex',(14.3827661581,26.3274768567,18.8885358731)) ;
#2114=CARTESIAN_POINT('Axis2P3D Location',(0.,3.90798504668E-14,18.8885358731)) ;
#2128=CARTESIAN_POINT('Line Origine',(-14.3827661581,-26.3274768567,-1.55573206343)) ;
#2132=CARTESIAN_POINT('Vertex',(-14.3827661581,-26.3274768567,22.8885358731)) ;
#2135=CARTESIAN_POINT('Axis2P3D Location',(0.,4.1948284866E-14,22.8885358731)) ;
#2139=CARTESIAN_POINT('Vertex',(14.3827661581,26.3274768567,22.8885358731)) ;
#2142=CARTESIAN_POINT('Line Origine',(14.3827661581,26.3274768567,-1.55573206343)) ;
#2154=CARTESIAN_POINT('Axis2P3D Location',(0.,4.1948284866E-14,22.8885358731)) ;
#2166=CARTESIAN_POINT('Axis2P3D Location',(0.,27.,22.8885358731)) ;
#2175=CARTESIAN_POINT('Axis2P3D Location',(0.,4.26325641456E-14,22.8885358731)) ;
#2179=CARTESIAN_POINT('Vertex',(-12.9444895423,-23.694729171,22.8885358731)) ;
#2181=CARTESIAN_POINT('Vertex',(12.9444895423,23.694729171,22.8885358731)) ;
#2184=CARTESIAN_POINT('Axis2P3D Location',(0.,4.26325641456E-14,22.8885358731)) ;
#2194=CARTESIAN_POINT('Line Origine',(12.9444895423,23.694729171,20.8885358731)) ;
#2198=CARTESIAN_POINT('Vertex',(12.9444895423,23.694729171,24.8885358731)) ;
#2201=CARTESIAN_POINT('Axis2P3D Location',(0.,4.34494258141E-14,24.8885358731)) ;
#2205=CARTESIAN_POINT('Vertex',(-12.9444895423,-23.694729171,24.8885358731)) ;
#2208=CARTESIAN_POINT('Line Origine',(-12.9444895423,-23.694729171,20.8885358731)) ;
#2220=CARTESIAN_POINT('Axis2P3D Location',(0.,4.34494258141E-14,24.8885358731)) ;
#2232=CARTESIAN_POINT('Axis2P3D Location',(0.,30.,24.8885358731)) ;
#2237=CARTESIAN_POINT('Axis2P3D Location',(0.,4.26325641456E-14,24.8885358731)) ;
#2241=CARTESIAN_POINT('Vertex',(-14.3827661581,-26.3274768567,24.8885358731)) ;
#2243=CARTESIAN_POINT('Vertex',(14.3827661581,26.3274768567,24.8885358731)) ;
#2246=CARTESIAN_POINT('Axis2P3D Location',(0.,4.26325641456E-14,24.8885358731)) ;
#2260=CARTESIAN_POINT('Line Origine',(-14.3827661581,-26.3274768567,-1.55573206343)) ;
#2264=CARTESIAN_POINT('Vertex',(-14.3827661581,-26.3274768567,29.8885358731)) ;
#2267=CARTESIAN_POINT('Axis2P3D Location',(0.,4.72022781845E-14,29.8885358731)) ;
#2271=CARTESIAN_POINT('Vertex',(14.3827661581,26.3274768567,29.8885358731)) ;
#2274=CARTESIAN_POINT('Line Origine',(14.3827661581,26.3274768567,-1.55573206343)) ;
#2286=CARTESIAN_POINT('Axis2P3D Location',(0.,4.72022781845E-14,29.8885358731)) ;
#2298=CARTESIAN_POINT('Axis2P3D Location',(0.,3.5527136788E-15,-117.080848694)) ;
#2303=CARTESIAN_POINT('Axis2P3D Location',(0.,3.5527136788E-15,-117.080848694)) ;
#2307=CARTESIAN_POINT('Vertex',(6.82757647208E-14,2.41116233803E-13,32.9191513062)) ;
#2310=CARTESIAN_POINT('Axis2P3D Location',(0.,3.5527136788E-15,-117.080848694)) ;
#2327=CARTESIAN_POINT('Line Origine',(10.,-7.5,-3.)) ;
#2332=CARTESIAN_POINT('Line Origine',(10.,7.5,-3.)) ;
#8=PRODUCT_RELATED_PRODUCT_CATEGORY('part',$,(#5)) ;
#15=UNCERTAINTY_MEASURE_WITH_UNIT(LENGTH_MEASURE(0.005),#12,'distance_accuracy_value','CONFUSED CURVE UNCERTAINTY') ;
#29=STYLED_ITEM(' ',(#28),#21) ;
#28=PRESENTATION_STYLE_ASSIGNMENT((#27)) ;
#27=SURFACE_STYLE_USAGE(.BOTH.,#26) ;
#26=SURFACE_SIDE_STYLE(' ',(#25)) ;
#25=SURFACE_STYLE_FILL_AREA(#24) ;
#24=FILL_AREA_STYLE(' ',(#23)) ;
#23=FILL_AREA_STYLE_COLOUR(' ',#22) ;
#38=VECTOR('Line Direction',#37,1.) ;
#66=VECTOR('Line Direction',#65,1.) ;
#119=VECTOR('Line Direction',#118,1.) ;
#128=VECTOR('Line Direction',#127,1.) ;
#135=VECTOR('Line Direction',#134,1.) ;
#142=VECTOR('Line Direction',#141,1.) ;
#159=VECTOR('Line Direction',#158,1.) ;
#221=VECTOR('Line Direction',#220,1.) ;
#296=VECTOR('Line Direction',#295,1.) ;
#320=VECTOR('Line Direction',#319,1.) ;
#569=VECTOR('Line Direction',#568,1.) ;
#576=VECTOR('Line Direction',#575,1.) ;
#598=VECTOR('Line Direction',#597,1.) ;
#653=VECTOR('Line Direction',#652,1.) ;
#670=VECTOR('Line Direction',#669,1.) ;
#876=VECTOR('Line Direction',#875,1.) ;
#890=VECTOR('Line Direction',#889,1.) ;
#916=VECTOR('Line Direction',#915,1.) ;
#998=VECTOR('Line Direction',#997,1.) ;
#1185=VECTOR('Line Direction',#1184,1.) ;
#1199=VECTOR('Line Direction',#1198,1.) ;
#1213=VECTOR('Line Direction',#1212,1.) ;
#1227=VECTOR('Line Direction',#1226,1.) ;
#1259=VECTOR('Line Direction',#1258,1.) ;
#1358=VECTOR('Line Direction',#1357,1.) ;
#1406=VECTOR('Line Direction',#1405,1.) ;
#1454=VECTOR('Line Direction',#1453,1.) ;
#1471=VECTOR('Line Direction',#1470,1.) ;
#1488=VECTOR('Line Direction',#1487,1.) ;
#1500=VECTOR('Line Direction',#1499,1.) ;
#1718=VECTOR('Line Direction',#1717,1.) ;
#1730=VECTOR('Line Direction',#1729,1.) ;
#1737=VECTOR('Line Direction',#1736,1.) ;
#1761=VECTOR('Line Direction',#1760,1.) ;
#1778=VECTOR('Line Direction',#1777,1.) ;
#1842=VECTOR('Line Direction',#1841,1.) ;
#1887=VECTOR('Line Direction',#1886,1.) ;
#1923=VECTOR('Line Direction',#1922,1.) ;
#1947=VECTOR('Line Direction',#1946,1.) ;
#1961=VECTOR('Line Direction',#1960,1.) ;
#2064=VECTOR('Line Direction',#2063,1.) ;
#2078=VECTOR('Line Direction',#2077,1.) ;
#2130=VECTOR('Line Direction',#2129,1.) ;
#2144=VECTOR('Line Direction',#2143,1.) ;
#2196=VECTOR('Line Direction',#2195,1.) ;
#2210=VECTOR('Line Direction',#2209,1.) ;
#2262=VECTOR('Line Direction',#2261,1.) ;
#2276=VECTOR('Line Direction',#2275,1.) ;
#2329=VECTOR('Line Direction',#2328,1.) ;
#2334=VECTOR('Line Direction',#2333,1.) ;
#32=DIRECTION('Axis2P3D Direction',(-1.,0.,0.)) ;
#33=DIRECTION('Axis2P3D XDirection',(0.,-1.,0.)) ;
#37=DIRECTION('Vector Direction',(-1.,0.,0.)) ;
#65=DIRECTION('Vector Direction',(-1.,0.,0.)) ;
#72=DIRECTION('Axis2P3D Direction',(-1.,0.,0.)) ;
#101=DIRECTION('Axis2P3D Direction',(-1.,0.,0.)) ;
#113=DIRECTION('Axis2P3D Direction',(0.,-1.,7.5057047408E-16)) ;
#114=DIRECTION('Axis2P3D XDirection',(1.,0.,0.)) ;
#118=DIRECTION('Vector Direction',(0.,8.02225669407E-16,1.)) ;
#127=DIRECTION('Vector Direction',(1.,0.,0.)) ;
#134=DIRECTION('Vector Direction',(0.,8.02225669407E-16,1.)) ;
#141=DIRECTION('Vector Direction',(1.,0.,0.)) ;
#153=DIRECTION('Axis2P3D Direction',(0.,7.61295788314E-16,1.)) ;
#154=DIRECTION('Axis2P3D XDirection',(-1.,0.,0.)) ;
#158=DIRECTION('Vector Direction',(0.,7.61295788314E-16,1.)) ;
#167=DIRECTION('Axis2P3D Direction',(0.,7.61295788314E-16,1.)) ;
#172=DIRECTION('Axis2P3D Direction',(0.,7.61295788314E-16,1.)) ;
#184=DIRECTION('Axis2P3D Direction',(-8.75811540203E-47,-7.5057047408E-16,-1.)) ;
#185=DIRECTION('Axis2P3D XDirection',(8.881784197E-16,-1.,8.881784197E-16)) ;
#189=DIRECTION('Axis2P3D Direction',(-8.75811540203E-47,-7.5057047408E-16,-1.)) ;
#198=DIRECTION('Axis2P3D Direction',(6.12323399574E-17,-1.,7.5057047408E-16)) ;
#203=DIRECTION('Axis2P3D Direction',(1.,-6.57358282935E-62,-8.75811540203E-47)) ;
#215=DIRECTION('Axis2P3D Direction',(0.,-0.,1.)) ;
#216=DIRECTION('Axis2P3D XDirection',(0.83004776365,-0.557692307692,-0.)) ;
#220=DIRECTION('Vector Direction',(0.,0.,1.)) ;
#229=DIRECTION('Axis2P3D Direction',(0.,-0.,1.)) ;
#234=DIRECTION('Axis2P3D Direction',(0.,-0.,1.)) ;
#246=DIRECTION('Axis2P3D Direction',(0.,1.,-8.881784197E-16)) ;
#247=DIRECTION('Axis2P3D XDirection',(-0.217105711538,1.07003290485E-15,0.976148098404)) ;
#279=DIRECTION('Axis2P3D Direction',(-1.,2.46519032882E-32,2.77555756156E-17)) ;
#290=DIRECTION('Axis2P3D Direction',(1.,0.,0.)) ;
#291=DIRECTION('Axis2P3D XDirection',(0.,1.,-8.881784197E-16)) ;
#295=DIRECTION('Vector Direction',(1.,0.,0.)) ;
#307=DIRECTION('Axis2P3D Direction',(1.,0.,0.)) ;
#308=DIRECTION('Axis2P3D XDirection',(-0.,-1.,9.34267493952E-16)) ;
#312=DIRECTION('Axis2P3D Direction',(1.,0.,0.)) ;
#319=DIRECTION('Vector Direction',(1.,0.,0.)) ;
#350=DIRECTION('Axis2P3D Direction',(1.,-0.,0.)) ;
#351=DIRECTION('Axis2P3D XDirection',(0.,-1.,2.87600631141E-15)) ;
#355=DIRECTION('Axis2P3D Direction',(1.,-0.,0.)) ;
#362=DIRECTION('Axis2P3D Direction',(1.,-0.,0.)) ;
#369=DIRECTION('Axis2P3D Direction',(0.,1.41968811389E-15,-1.)) ;
#376=DIRECTION('Axis2P3D Direction',(1.,-0.,0.)) ;
#563=DIRECTION('Axis2P3D Direction',(1.,-0.,0.)) ;
#564=DIRECTION('Axis2P3D XDirection',(0.,1.,-7.5057047408E-16)) ;
#568=DIRECTION('Vector Direction',(0.,1.,-8.45884209238E-16)) ;
#575=DIRECTION('Vector Direction',(0.,8.02225669407E-16,1.)) ;
#592=DIRECTION('Axis2P3D Direction',(0.,1.,-7.32015181072E-16)) ;
#593=DIRECTION('Axis2P3D XDirection',(-1.83697019872E-16,7.32015181072E-16,1.)) ;
#597=DIRECTION('Vector Direction',(0.,1.,-7.32015181072E-16)) ;
#604=DIRECTION('Axis2P3D Direction',(0.,1.,-7.32015181072E-16)) ;
#616=DIRECTION('Axis2P3D Direction',(1.75162308041E-46,-7.5057047408E-16,-1.)) ;
#617=DIRECTION('Axis2P3D XDirection',(-1.,8.881784197E-16,0.)) ;
#621=DIRECTION('Axis2P3D Direction',(1.75162308041E-46,-7.5057047408E-16,-1.)) ;
#628=DIRECTION('Axis2P3D Direction',(-1.,-6.12323399574E-17,4.59591864308E-32)) ;
#635=DIRECTION('Axis2P3D Direction',(1.75162308041E-46,-7.5057047408E-16,-1.)) ;
#647=DIRECTION('Axis2P3D Direction',(0.,7.61295788314E-16,1.)) ;
#648=DIRECTION('Axis2P3D XDirection',(1.83697019872E-16,1.,-7.61295788314E-16)) ;
#652=DIRECTION('Vector Direction',(0.,7.61295788314E-16,1.)) ;
#664=DIRECTION('Axis2P3D Direction',(-1.,-0.,0.)) ;
#665=DIRECTION('Axis2P3D XDirection',(-0.,1.,-5.66873454208E-16)) ;
#669=DIRECTION('Vector Direction',(-1.,0.,0.)) ;
#870=DIRECTION('Axis2P3D Direction',(0.,-7.5057047408E-16,-1.)) ;
#871=DIRECTION('Axis2P3D XDirection',(1.,0.,0.)) ;
#875=DIRECTION('Vector Direction',(0.,-7.5057047408E-16,-1.)) ;
#882=DIRECTION('Axis2P3D Direction',(0.,-7.5057047408E-16,-1.)) ;
#889=DIRECTION('Vector Direction',(0.,-7.5057047408E-16,-1.)) ;
#915=DIRECTION('Vector Direction',(0.,-7.41435898184E-16,-1.)) ;
#922=DIRECTION('Axis2P3D Direction',(0.,-7.5057047408E-16,-1.)) ;
#938=DIRECTION('Axis2P3D Direction',(-1.29717855867E-18,-7.86660989603E-16,-1.)) ;
#939=DIRECTION('Axis2P3D XDirection',(1.,-4.099285014E-16,0.)) ;
#943=DIRECTION('Axis2P3D Direction',(0.557692307692,-0.83004776365,6.52242768667E-16)) ;
#950=DIRECTION('Axis2P3D Direction',(-1.29717855867E-18,-7.86660989603E-16,-1.)) ;
#962=DIRECTION('Axis2P3D Direction',(0.,1.,-8.881784197E-16)) ;
#963=DIRECTION('Axis2P3D XDirection',(-0.95164433137,0.,-0.307201996366)) ;
#967=DIRECTION('Axis2P3D Direction',(6.10622663544E-16,-8.881784197E-16,-1.)) ;
#974=DIRECTION('Axis2P3D Direction',(-1.,4.88107685106E-30,5.49560397189E-15)) ;
#985=DIRECTION('Axis2P3D Direction',(0.,-8.881784197E-16,-1.)) ;
#986=DIRECTION('Axis2P3D XDirection',(-0.83004776365,-0.557692307692,4.95330272525E-16)) ;
#990=DIRECTION('Axis2P3D Direction',(0.,-8.881784197E-16,-1.)) ;
#997=DIRECTION('Vector Direction',(0.,-8.77213254025E-16,-1.)) ;
#1179=DIRECTION('Axis2P3D Direction',(0.,-7.5057047408E-16,-1.)) ;
#1180=DIRECTION('Axis2P3D XDirection',(1.,0.,0.)) ;
#1184=DIRECTION('Vector Direction',(1.,0.,0.)) ;
#1191=DIRECTION('Axis2P3D Direction',(0.,-7.5057047408E-16,-1.)) ;
#1198=DIRECTION('Vector Direction',(0.,1.,-6.76707367391E-16)) ;
#1205=DIRECTION('Axis2P3D Direction',(0.,-7.5057047408E-16,-1.)) ;
#1212=DIRECTION('Vector Direction',(-1.,0.,0.)) ;
#1219=DIRECTION('Axis2P3D Direction',(0.,-7.5057047408E-16,-1.)) ;
#1226=DIRECTION('Vector Direction',(-1.,0.,0.)) ;
#1246=DIRECTION('Axis2P3D Direction',(-1.,0.,0.)) ;
#1247=DIRECTION('Axis2P3D XDirection',(0.,-1.,8.881784197E-16)) ;
#1251=DIRECTION('Axis2P3D Direction',(-1.,0.,0.)) ;
#1258=DIRECTION('Vector Direction',(-1.,0.,0.)) ;
#1270=DIRECTION('Axis2P3D Direction',(0.,-1.,8.881784197E-16)) ;
#1271=DIRECTION('Axis2P3D XDirection',(0.95164433137,0.,-0.307201996366)) ;
#1294=DIRECTION('Axis2P3D Direction',(1.94289029309E-16,-8.881784197E-16,-1.)) ;
#1305=DIRECTION('Axis2P3D Direction',(1.29717855867E-18,-7.86660989603E-16,-1.)) ;
#1306=DIRECTION('Axis2P3D XDirection',(-0.876847162706,-0.480769230769,3.416070845E-16)) ;
#1310=DIRECTION('Axis2P3D Direction',(-0.557692307692,-0.83004776365,6.52242768667E-16)) ;
#1317=DIRECTION('Axis2P3D Direction',(1.29717855867E-18,-7.86660989603E-16,-1.)) ;
#1329=DIRECTION('Axis2P3D Direction',(0.,-1.,8.881784197E-16)) ;
#1330=DIRECTION('Axis2P3D XDirection',(0.217105711538,1.07003290485E-15,0.976148098404)) ;
#1334=DIRECTION('Axis2P3D Direction',(1.,0.,-0.)) ;
#1341=DIRECTION('Axis2P3D Direction',(1.05471187339E-15,8.881784197E-16,1.)) ;
#1352=DIRECTION('Axis2P3D Direction',(1.,0.,0.)) ;
#1353=DIRECTION('Axis2P3D XDirection',(0.,1.,-8.881784197E-16)) ;
#1357=DIRECTION('Vector Direction',(1.,0.,0.)) ;
#1364=DIRECTION('Axis2P3D Direction',(1.,0.,0.)) ;
#1376=DIRECTION('Axis2P3D Direction',(0.,-7.5057047408E-16,-1.)) ;
#1377=DIRECTION('Axis2P3D XDirection',(1.,8.881784197E-16,0.)) ;
#1381=DIRECTION('Axis2P3D Direction',(0.,-7.5057047408E-16,-1.)) ;
#1388=DIRECTION('Axis2P3D Direction',(6.43249059871E-16,1.,-7.5057047408E-16)) ;
#1400=DIRECTION('Axis2P3D Direction',(0.,1.,-7.32015181072E-16)) ;
#1401=DIRECTION('Axis2P3D XDirection',(-1.,0.,0.)) ;
#1405=DIRECTION('Vector Direction',(0.,1.,-7.32015181072E-16)) ;
#1412=DIRECTION('Axis2P3D Direction',(0.,1.,-7.32015181072E-16)) ;
#1424=DIRECTION('Axis2P3D Direction',(-8.75811540203E-47,-7.5057047408E-16,-1.)) ;
#1425=DIRECTION('Axis2P3D XDirection',(8.881784197E-16,1.,-8.881784197E-16)) ;
#1429=DIRECTION('Axis2P3D Direction',(-8.75811540203E-47,-7.5057047408E-16,-1.)) ;
#1436=DIRECTION('Axis2P3D Direction',(-1.,1.53142747957E-15,-1.14944424936E-30)) ;
#1448=DIRECTION('Axis2P3D Direction',(-1.,0.,0.)) ;
#1449=DIRECTION('Axis2P3D XDirection',(0.,-1.,8.881784197E-16)) ;
#1453=DIRECTION('Vector Direction',(-1.,0.,0.)) ;
#1465=DIRECTION('Axis2P3D Direction',(0.,1.,-7.5057047408E-16)) ;
#1466=DIRECTION('Axis2P3D XDirection',(-1.,0.,0.)) ;
#1470=DIRECTION('Vector Direction',(0.,-8.02225669407E-16,-1.)) ;
#1482=DIRECTION('Axis2P3D Direction',(0.,-8.881784197E-16,-1.)) ;
#1483=DIRECTION('Axis2P3D XDirection',(0.83004776365,0.557692307692,-4.95330272525E-16)) ;
#1487=DIRECTION('Vector Direction',(0.,-8.77213254025E-16,-1.)) ;
#1499=DIRECTION('Vector Direction',(0.,-7.41435898184E-16,-1.)) ;
#1523=DIRECTION('Axis2P3D Direction',(0.,-7.5057047408E-16,-1.)) ;
#1712=DIRECTION('Axis2P3D Direction',(0.,0.,1.)) ;
#1713=DIRECTION('Axis2P3D XDirection',(-0.83004776365,0.557692307692,0.)) ;
#1717=DIRECTION('Vector Direction',(0.,0.,1.)) ;
#1729=DIRECTION('Vector Direction',(1.,0.,0.)) ;
#1736=DIRECTION('Vector Direction',(0.,8.02225669407E-16,1.)) ;
#1748=DIRECTION('Axis2P3D Direction',(0.,0.,1.)) ;
#1749=DIRECTION('Axis2P3D XDirection',(0.,-1.,0.)) ;
#1753=DIRECTION('Axis2P3D Direction',(0.,0.,1.)) ;
#1760=DIRECTION('Vector Direction',(0.,0.,1.)) ;
#1772=DIRECTION('Axis2P3D Direction',(1.,0.,0.)) ;
#1773=DIRECTION('Axis2P3D XDirection',(-0.,-1.,9.34267493952E-16)) ;
#1777=DIRECTION('Vector Direction',(1.,0.,0.)) ;
#1784=DIRECTION('Axis2P3D Direction',(1.,0.,0.)) ;
#1796=DIRECTION('Axis2P3D Direction',(1.,-0.,0.)) ;
#1797=DIRECTION('Axis2P3D XDirection',(0.,-1.,2.70006239589E-15)) ;
#1801=DIRECTION('Axis2P3D Direction',(1.,-0.,0.)) ;
#1808=DIRECTION('Axis2P3D Direction',(0.,-1.87491883662E-16,-1.)) ;
#1815=DIRECTION('Axis2P3D Direction',(1.,-0.,0.)) ;
#1822=DIRECTION('Axis2P3D Direction',(1.,-0.,0.)) ;
#1836=DIRECTION('Axis2P3D Direction',(-1.,-0.,0.)) ;
#1837=DIRECTION('Axis2P3D XDirection',(-0.,1.,-5.66873454208E-16)) ;
#1841=DIRECTION('Vector Direction',(-1.,0.,0.)) ;
#1853=DIRECTION('Axis2P3D Direction',(0.,-7.5057047408E-16,-1.)) ;
#1854=DIRECTION('Axis2P3D XDirection',(1.,0.,0.)) ;
#1858=DIRECTION('Axis2P3D Direction',(0.,-7.5057047408E-16,-1.)) ;
#1867=DIRECTION('Axis2P3D Direction',(0.,-7.5057047408E-16,-1.)) ;
#1881=DIRECTION('Axis2P3D Direction',(1.,-0.,0.)) ;
#1882=DIRECTION('Axis2P3D XDirection',(0.,1.,-7.5057047408E-16)) ;
#1886=DIRECTION('Vector Direction',(0.,8.02225669407E-16,1.)) ;
#1898=DIRECTION('Axis2P3D Direction',(1.,-0.,0.)) ;
#1907=DIRECTION('Axis2P3D Direction',(1.,-0.,0.)) ;
#1917=DIRECTION('Axis2P3D Direction',(0.,-0.,1.)) ;
#1918=DIRECTION('Axis2P3D XDirection',(1.,-1.83697019872E-16,-0.)) ;
#1922=DIRECTION('Vector Direction',(0.,0.,1.)) ;
#1941=DIRECTION('Axis2P3D Direction',(0.,-7.5057047408E-16,-1.)) ;
#1942=DIRECTION('Axis2P3D XDirection',(0.479425538604,0.87758256189,-6.58687559523E-16)) ;
#1946=DIRECTION('Vector Direction',(0.,-7.34398999486E-16,-1.)) ;
#1953=DIRECTION('Axis2P3D Direction',(0.,-7.5057047408E-16,-1.)) ;
#1960=DIRECTION('Vector Direction',(0.,-7.34398999486E-16,-1.)) ;
#1976=DIRECTION('Axis2P3D Direction',(0.,-7.5057047408E-16,-1.)) ;
#2030=DIRECTION('Axis2P3D Direction',(0.,-7.5057047408E-16,-1.)) ;
#2031=DIRECTION('Axis2P3D XDirection',(1.,0.,0.)) ;
#2039=DIRECTION('Axis2P3D Direction',(0.,-7.5057047408E-16,-1.)) ;
#2048=DIRECTION('Axis2P3D Direction',(0.,-7.5057047408E-16,-1.)) ;
#2058=DIRECTION('Axis2P3D Direction',(0.,-7.5057047408E-16,-1.)) ;
#2059=DIRECTION('Axis2P3D XDirection',(0.479425538604,0.87758256189,-6.58687559523E-16)) ;
#2063=DIRECTION('Vector Direction',(0.,-4.4408920985E-16,-1.)) ;
#2070=DIRECTION('Axis2P3D Direction',(0.,-7.5057047408E-16,-1.)) ;
#2077=DIRECTION('Vector Direction',(0.,-4.4408920985E-16,-1.)) ;
#2089=DIRECTION('Axis2P3D Direction',(0.,-7.5057047408E-16,-1.)) ;
#2101=DIRECTION('Axis2P3D Direction',(0.,-7.5057047408E-16,-1.)) ;
#2102=DIRECTION('Axis2P3D XDirection',(1.,0.,0.)) ;
#2106=DIRECTION('Axis2P3D Direction',(0.,-7.5057047408E-16,-1.)) ;
#2115=DIRECTION('Axis2P3D Direction',(0.,-7.5057047408E-16,-1.)) ;
#2129=DIRECTION('Vector Direction',(0.,-7.34398999486E-16,-1.)) ;
#2136=DIRECTION('Axis2P3D Direction',(0.,-7.5057047408E-16,-1.)) ;
#2143=DIRECTION('Vector Direction',(0.,-7.34398999486E-16,-1.)) ;
#2155=DIRECTION('Axis2P3D Direction',(0.,-7.5057047408E-16,-1.)) ;
#2167=DIRECTION('Axis2P3D Direction',(0.,-7.5057047408E-16,-1.)) ;
#2168=DIRECTION('Axis2P3D XDirection',(1.,0.,0.)) ;
#2176=DIRECTION('Axis2P3D Direction',(0.,-7.5057047408E-16,-1.)) ;
#2185=DIRECTION('Axis2P3D Direction',(0.,-7.5057047408E-16,-1.)) ;
#2195=DIRECTION('Vector Direction',(0.,-4.4408920985E-16,-1.)) ;
#2202=DIRECTION('Axis2P3D Direction',(0.,-7.5057047408E-16,-1.)) ;
#2209=DIRECTION('Vector Direction',(0.,-4.4408920985E-16,-1.)) ;
#2221=DIRECTION('Axis2P3D Direction',(0.,-7.5057047408E-16,-1.)) ;
#2233=DIRECTION('Axis2P3D Direction',(0.,-7.5057047408E-16,-1.)) ;
#2234=DIRECTION('Axis2P3D XDirection',(1.,0.,0.)) ;
#2238=DIRECTION('Axis2P3D Direction',(0.,-7.5057047408E-16,-1.)) ;
#2247=DIRECTION('Axis2P3D Direction',(0.,-7.5057047408E-16,-1.)) ;
#2261=DIRECTION('Vector Direction',(0.,-7.34398999486E-16,-1.)) ;
#2268=DIRECTION('Axis2P3D Direction',(0.,-7.5057047408E-16,-1.)) ;
#2275=DIRECTION('Vector Direction',(0.,-7.34398999486E-16,-1.)) ;
#2287=DIRECTION('Axis2P3D Direction',(0.,-7.5057047408E-16,-1.)) ;
#2299=DIRECTION('Axis2P3D Direction',(0.,-7.5057047408E-16,-1.)) ;
#2300=DIRECTION('Axis2P3D XDirection',(0.479425538604,0.87758256189,-4.73695157173E-16)) ;
#2304=DIRECTION('Axis2P3D Direction',(0.87758256189,-0.479425538604,3.59842653796E-16)) ;
#2311=DIRECTION('Axis2P3D Direction',(-0.87758256189,0.479425538604,-3.59842653796E-16)) ;
#2328=DIRECTION('Vector Direction',(-1.,0.,0.)) ;
#2333=DIRECTION('Vector Direction',(-1.,0.,0.)) ;
#2352=SHAPE_REPRESENTATION_RELATIONSHIP(' ',' ',#19,#2351) ;
#18=AXIS2_PLACEMENT_3D(' ',#17,$,$) ;
#34=AXIS2_PLACEMENT_3D('Cylinder Axis2P3D',#31,#32,#33) ;
#73=AXIS2_PLACEMENT_3D('Circle Axis2P3D',#71,#72,$) ;
#102=AXIS2_PLACEMENT_3D('Circle Axis2P3D',#100,#101,$) ;
#115=AXIS2_PLACEMENT_3D('Plane Axis2P3D',#112,#113,#114) ;
#155=AXIS2_PLACEMENT_3D('Cylinder Axis2P3D',#152,#153,#154) ;
#168=AXIS2_PLACEMENT_3D('Circle Axis2P3D',#166,#167,$) ;
#173=AXIS2_PLACEMENT_3D('Circle Axis2P3D',#171,#172,$) ;
#186=AXIS2_PLACEMENT_3D('Torus Axis2P3D',#183,#184,#185) ;
#190=AXIS2_PLACEMENT_3D('Circle Axis2P3D',#188,#189,$) ;
#199=AXIS2_PLACEMENT_3D('Circle Axis2P3D',#197,#198,$) ;
#204=AXIS2_PLACEMENT_3D('Circle Axis2P3D',#202,#203,$) ;
#217=AXIS2_PLACEMENT_3D('Cylinder Axis2P3D',#214,#215,#216) ;
#230=AXIS2_PLACEMENT_3D('Circle Axis2P3D',#228,#229,$) ;
#235=AXIS2_PLACEMENT_3D('Circle Axis2P3D',#233,#234,$) ;
#248=AXIS2_PLACEMENT_3D('Sphere Axis2P3D',#245,#246,#247) ;
#280=AXIS2_PLACEMENT_3D('Circle Axis2P3D',#278,#279,$) ;
#292=AXIS2_PLACEMENT_3D('Cylinder Axis2P3D',#289,#290,#291) ;
#309=AXIS2_PLACEMENT_3D('Cylinder Axis2P3D',#306,#307,#308) ;
#313=AXIS2_PLACEMENT_3D('Circle Axis2P3D',#311,#312,$) ;
#352=AXIS2_PLACEMENT_3D('Torus Axis2P3D',#349,#350,#351) ;
#356=AXIS2_PLACEMENT_3D('Circle Axis2P3D',#354,#355,$) ;
#363=AXIS2_PLACEMENT_3D('Circle Axis2P3D',#361,#362,$) ;
#370=AXIS2_PLACEMENT_3D('Circle Axis2P3D',#368,#369,$) ;
#377=AXIS2_PLACEMENT_3D('Circle Axis2P3D',#375,#376,$) ;
#565=AXIS2_PLACEMENT_3D('Plane Axis2P3D',#562,#563,#564) ;
#594=AXIS2_PLACEMENT_3D('Cylinder Axis2P3D',#591,#592,#593) ;
#605=AXIS2_PLACEMENT_3D('Circle Axis2P3D',#603,#604,$) ;
#618=AXIS2_PLACEMENT_3D('Torus Axis2P3D',#615,#616,#617) ;
#622=AXIS2_PLACEMENT_3D('Circle Axis2P3D',#620,#621,$) ;
#629=AXIS2_PLACEMENT_3D('Circle Axis2P3D',#627,#628,$) ;
#636=AXIS2_PLACEMENT_3D('Circle Axis2P3D',#634,#635,$) ;
#649=AXIS2_PLACEMENT_3D('Cylinder Axis2P3D',#646,#647,#648) ;
#666=AXIS2_PLACEMENT_3D('Cylinder Axis2P3D',#663,#664,#665) ;
#872=AXIS2_PLACEMENT_3D('Cylinder Axis2P3D',#869,#870,#871) ;
#883=AXIS2_PLACEMENT_3D('Circle Axis2P3D',#881,#882,$) ;
#923=AXIS2_PLACEMENT_3D('Circle Axis2P3D',#921,#922,$) ;
#940=AXIS2_PLACEMENT_3D('Torus Axis2P3D',#937,#938,#939) ;
#944=AXIS2_PLACEMENT_3D('Circle Axis2P3D',#942,#943,$) ;
#951=AXIS2_PLACEMENT_3D('Circle Axis2P3D',#949,#950,$) ;
#964=AXIS2_PLACEMENT_3D('Sphere Axis2P3D',#961,#962,#963) ;
#968=AXIS2_PLACEMENT_3D('Circle Axis2P3D',#966,#967,$) ;
#975=AXIS2_PLACEMENT_3D('Circle Axis2P3D',#973,#974,$) ;
#987=AXIS2_PLACEMENT_3D('Cylinder Axis2P3D',#984,#985,#986) ;
#991=AXIS2_PLACEMENT_3D('Circle Axis2P3D',#989,#990,$) ;
#1181=AXIS2_PLACEMENT_3D('Plane Axis2P3D',#1178,#1179,#1180) ;
#1192=AXIS2_PLACEMENT_3D('Circle Axis2P3D',#1190,#1191,$) ;
#1206=AXIS2_PLACEMENT_3D('Circle Axis2P3D',#1204,#1205,$) ;
#1220=AXIS2_PLACEMENT_3D('Circle Axis2P3D',#1218,#1219,$) ;
#1248=AXIS2_PLACEMENT_3D('Cylinder Axis2P3D',#1245,#1246,#1247) ;
#1252=AXIS2_PLACEMENT_3D('Circle Axis2P3D',#1250,#1251,$) ;
#1272=AXIS2_PLACEMENT_3D('Sphere Axis2P3D',#1269,#1270,#1271) ;
#1295=AXIS2_PLACEMENT_3D('Circle Axis2P3D',#1293,#1294,$) ;
#1307=AXIS2_PLACEMENT_3D('Torus Axis2P3D',#1304,#1305,#1306) ;
#1311=AXIS2_PLACEMENT_3D('Circle Axis2P3D',#1309,#1310,$) ;
#1318=AXIS2_PLACEMENT_3D('Circle Axis2P3D',#1316,#1317,$) ;
#1331=AXIS2_PLACEMENT_3D('Sphere Axis2P3D',#1328,#1329,#1330) ;
#1335=AXIS2_PLACEMENT_3D('Circle Axis2P3D',#1333,#1334,$) ;
#1342=AXIS2_PLACEMENT_3D('Circle Axis2P3D',#1340,#1341,$) ;
#1354=AXIS2_PLACEMENT_3D('Cylinder Axis2P3D',#1351,#1352,#1353) ;
#1365=AXIS2_PLACEMENT_3D('Circle Axis2P3D',#1363,#1364,$) ;
#1378=AXIS2_PLACEMENT_3D('Torus Axis2P3D',#1375,#1376,#1377) ;
#1382=AXIS2_PLACEMENT_3D('Circle Axis2P3D',#1380,#1381,$) ;
#1389=AXIS2_PLACEMENT_3D('Circle Axis2P3D',#1387,#1388,$) ;
#1402=AXIS2_PLACEMENT_3D('Cylinder Axis2P3D',#1399,#1400,#1401) ;
#1413=AXIS2_PLACEMENT_3D('Circle Axis2P3D',#1411,#1412,$) ;
#1426=AXIS2_PLACEMENT_3D('Torus Axis2P3D',#1423,#1424,#1425) ;
#1430=AXIS2_PLACEMENT_3D('Circle Axis2P3D',#1428,#1429,$) ;
#1437=AXIS2_PLACEMENT_3D('Circle Axis2P3D',#1435,#1436,$) ;
#1450=AXIS2_PLACEMENT_3D('Cylinder Axis2P3D',#1447,#1448,#1449) ;
#1467=AXIS2_PLACEMENT_3D('Plane Axis2P3D',#1464,#1465,#1466) ;
#1484=AXIS2_PLACEMENT_3D('Cylinder Axis2P3D',#1481,#1482,#1483) ;
#1524=AXIS2_PLACEMENT_3D('Circle Axis2P3D',#1522,#1523,$) ;
#1714=AXIS2_PLACEMENT_3D('Cylinder Axis2P3D',#1711,#1712,#1713) ;
#1750=AXIS2_PLACEMENT_3D('Cylinder Axis2P3D',#1747,#1748,#1749) ;
#1754=AXIS2_PLACEMENT_3D('Circle Axis2P3D',#1752,#1753,$) ;
#1774=AXIS2_PLACEMENT_3D('Cylinder Axis2P3D',#1771,#1772,#1773) ;
#1785=AXIS2_PLACEMENT_3D('Circle Axis2P3D',#1783,#1784,$) ;
#1798=AXIS2_PLACEMENT_3D('Torus Axis2P3D',#1795,#1796,#1797) ;
#1802=AXIS2_PLACEMENT_3D('Circle Axis2P3D',#1800,#1801,$) ;
#1809=AXIS2_PLACEMENT_3D('Circle Axis2P3D',#1807,#1808,$) ;
#1816=AXIS2_PLACEMENT_3D('Circle Axis2P3D',#1814,#1815,$) ;
#1823=AXIS2_PLACEMENT_3D('Circle Axis2P3D',#1821,#1822,$) ;
#1838=AXIS2_PLACEMENT_3D('Cylinder Axis2P3D',#1835,#1836,#1837) ;
#1855=AXIS2_PLACEMENT_3D('Plane Axis2P3D',#1852,#1853,#1854) ;
#1859=AXIS2_PLACEMENT_3D('Circle Axis2P3D',#1857,#1858,$) ;
#1868=AXIS2_PLACEMENT_3D('Circle Axis2P3D',#1866,#1867,$) ;
#1883=AXIS2_PLACEMENT_3D('Plane Axis2P3D',#1880,#1881,#1882) ;
#1899=AXIS2_PLACEMENT_3D('Circle Axis2P3D',#1897,#1898,$) ;
#1908=AXIS2_PLACEMENT_3D('Circle Axis2P3D',#1906,#1907,$) ;
#1919=AXIS2_PLACEMENT_3D('Cylinder Axis2P3D',#1916,#1917,#1918) ;
#1943=AXIS2_PLACEMENT_3D('Cylinder Axis2P3D',#1940,#1941,#1942) ;
#1954=AXIS2_PLACEMENT_3D('Circle Axis2P3D',#1952,#1953,$) ;
#1977=AXIS2_PLACEMENT_3D('Circle Axis2P3D',#1975,#1976,$) ;
#2032=AXIS2_PLACEMENT_3D('Plane Axis2P3D',#2029,#2030,#2031) ;
#2040=AXIS2_PLACEMENT_3D('Circle Axis2P3D',#2038,#2039,$) ;
#2049=AXIS2_PLACEMENT_3D('Circle Axis2P3D',#2047,#2048,$) ;
#2060=AXIS2_PLACEMENT_3D('Cylinder Axis2P3D',#2057,#2058,#2059) ;
#2071=AXIS2_PLACEMENT_3D('Circle Axis2P3D',#2069,#2070,$) ;
#2090=AXIS2_PLACEMENT_3D('Circle Axis2P3D',#2088,#2089,$) ;
#2103=AXIS2_PLACEMENT_3D('Plane Axis2P3D',#2100,#2101,#2102) ;
#2107=AXIS2_PLACEMENT_3D('Circle Axis2P3D',#2105,#2106,$) ;
#2116=AXIS2_PLACEMENT_3D('Circle Axis2P3D',#2114,#2115,$) ;
#2137=AXIS2_PLACEMENT_3D('Circle Axis2P3D',#2135,#2136,$) ;
#2156=AXIS2_PLACEMENT_3D('Circle Axis2P3D',#2154,#2155,$) ;
#2169=AXIS2_PLACEMENT_3D('Plane Axis2P3D',#2166,#2167,#2168) ;
#2177=AXIS2_PLACEMENT_3D('Circle Axis2P3D',#2175,#2176,$) ;
#2186=AXIS2_PLACEMENT_3D('Circle Axis2P3D',#2184,#2185,$) ;
#2203=AXIS2_PLACEMENT_3D('Circle Axis2P3D',#2201,#2202,$) ;
#2222=AXIS2_PLACEMENT_3D('Circle Axis2P3D',#2220,#2221,$) ;
#2235=AXIS2_PLACEMENT_3D('Plane Axis2P3D',#2232,#2233,#2234) ;
#2239=AXIS2_PLACEMENT_3D('Circle Axis2P3D',#2237,#2238,$) ;
#2248=AXIS2_PLACEMENT_3D('Circle Axis2P3D',#2246,#2247,$) ;
#2269=AXIS2_PLACEMENT_3D('Circle Axis2P3D',#2267,#2268,$) ;
#2288=AXIS2_PLACEMENT_3D('Circle Axis2P3D',#2286,#2287,$) ;
#2301=AXIS2_PLACEMENT_3D('Sphere Axis2P3D',#2298,#2299,#2300) ;
#2305=AXIS2_PLACEMENT_3D('Circle Axis2P3D',#2303,#2304,$) ;
#2312=AXIS2_PLACEMENT_3D('Circle Axis2P3D',#2310,#2311,$) ;
#39=LINE('Line',#36,#38) ;
#67=LINE('Line',#64,#66) ;
#120=LINE('Line',#117,#119) ;
#129=LINE('Line',#126,#128) ;
#136=LINE('Line',#133,#135) ;
#143=LINE('Line',#140,#142) ;
#160=LINE('Line',#157,#159) ;
#222=LINE('Line',#219,#221) ;
#297=LINE('Line',#294,#296) ;
#321=LINE('Line',#318,#320) ;
#570=LINE('Line',#567,#569) ;
#577=LINE('Line',#574,#576) ;
#599=LINE('Line',#596,#598) ;
#654=LINE('Line',#651,#653) ;
#671=LINE('Line',#668,#670) ;
#877=LINE('Line',#874,#876) ;
#891=LINE('Line',#888,#890) ;
#917=LINE('Line',#914,#916) ;
#999=LINE('Line',#996,#998) ;
#1186=LINE('Line',#1183,#1185) ;
#1200=LINE('Line',#1197,#1199) ;
#1214=LINE('Line',#1211,#1213) ;
#1228=LINE('Line',#1225,#1227) ;
#1260=LINE('Line',#1257,#1259) ;
#1359=LINE('Line',#1356,#1358) ;
#1407=LINE('Line',#1404,#1406) ;
#1455=LINE('Line',#1452,#1454) ;
#1472=LINE('Line',#1469,#1471) ;
#1489=LINE('Line',#1486,#1488) ;
#1501=LINE('Line',#1498,#1500) ;
#1719=LINE('Line',#1716,#1718) ;
#1731=LINE('Line',#1728,#1730) ;
#1738=LINE('Line',#1735,#1737) ;
#1762=LINE('Line',#1759,#1761) ;
#1779=LINE('Line',#1776,#1778) ;
#1843=LINE('Line',#1840,#1842) ;
#1888=LINE('Line',#1885,#1887) ;
#1924=LINE('Line',#1921,#1923) ;
#1948=LINE('Line',#1945,#1947) ;
#1962=LINE('Line',#1959,#1961) ;
#2065=LINE('Line',#2062,#2064) ;
#2079=LINE('Line',#2076,#2078) ;
#2131=LINE('Line',#2128,#2130) ;
#2145=LINE('Line',#2142,#2144) ;
#2197=LINE('Line',#2194,#2196) ;
#2211=LINE('Line',#2208,#2210) ;
#2263=LINE('Line',#2260,#2262) ;
#2277=LINE('Line',#2274,#2276) ;
#2330=LINE('Line',#2327,#2329) ;
#2335=LINE('Line',#2332,#2334) ;
#74=CIRCLE('generated circle',#73,7.5) ;
#103=CIRCLE('generated circle',#102,7.5) ;
#169=CIRCLE('generated circle',#168,2.) ;
#174=CIRCLE('generated circle',#173,2.) ;
#191=CIRCLE('generated circle',#190,4.) ;
#200=CIRCLE('generated circle',#199,2.) ;
#205=CIRCLE('generated circle',#204,2.) ;
#231=CIRCLE('generated circle',#230,2.) ;
#236=CIRCLE('generated circle',#235,2.) ;
#281=CIRCLE('generated circle',#280,2.) ;
#314=CIRCLE('generated circle',#313,12.5) ;
#357=CIRCLE('generated circle',#356,10.5) ;
#364=CIRCLE('generated circle',#363,10.5) ;
#371=CIRCLE('generated circle',#370,2.) ;
#378=CIRCLE('generated circle',#377,12.5) ;
#606=CIRCLE('generated circle',#605,2.) ;
#623=CIRCLE('generated circle',#622,4.) ;
#630=CIRCLE('generated circle',#629,2.) ;
#637=CIRCLE('generated circle',#636,2.) ;
#884=CIRCLE('generated circle',#883,28.) ;
#924=CIRCLE('generated circle',#923,28.) ;
#945=CIRCLE('generated circle',#944,2.) ;
#952=CIRCLE('generated circle',#951,26.) ;
#969=CIRCLE('generated circle',#968,2.) ;
#976=CIRCLE('generated circle',#975,2.) ;
#992=CIRCLE('generated circle',#991,2.) ;
#1193=CIRCLE('generated circle',#1192,4.) ;
#1207=CIRCLE('generated circle',#1206,4.) ;
#1221=CIRCLE('generated circle',#1220,26.) ;
#1253=CIRCLE('generated circle',#1252,2.) ;
#1296=CIRCLE('generated circle',#1295,2.) ;
#1312=CIRCLE('generated circle',#1311,2.) ;
#1319=CIRCLE('generated circle',#1318,28.) ;
#1336=CIRCLE('generated circle',#1335,2.) ;
#1343=CIRCLE('generated circle',#1342,2.) ;
#1366=CIRCLE('generated circle',#1365,2.) ;
#1383=CIRCLE('generated circle',#1382,2.) ;
#1390=CIRCLE('generated circle',#1389,2.) ;
#1414=CIRCLE('generated circle',#1413,2.) ;
#1431=CIRCLE('generated circle',#1430,2.) ;
#1438=CIRCLE('generated circle',#1437,2.) ;
#1525=CIRCLE('generated circle',#1524,28.) ;
#1755=CIRCLE('generated circle',#1754,2.) ;
#1786=CIRCLE('generated circle',#1785,12.5) ;
#1803=CIRCLE('generated circle',#1802,12.5) ;
#1810=CIRCLE('generated circle',#1809,2.) ;
#1817=CIRCLE('generated circle',#1816,10.5) ;
#1824=CIRCLE('generated circle',#1823,10.5) ;
#1860=CIRCLE('generated circle',#1859,30.) ;
#1869=CIRCLE('generated circle',#1868,30.) ;
#1900=CIRCLE('generated circle',#1899,7.5) ;
#1909=CIRCLE('generated circle',#1908,7.5) ;
#1955=CIRCLE('generated circle',#1954,30.) ;
#1978=CIRCLE('generated circle',#1977,30.) ;
#2041=CIRCLE('generated circle',#2040,27.) ;
#2050=CIRCLE('generated circle',#2049,27.) ;
#2072=CIRCLE('generated circle',#2071,27.) ;
#2091=CIRCLE('generated circle',#2090,27.) ;
#2108=CIRCLE('generated circle',#2107,30.) ;
#2117=CIRCLE('generated circle',#2116,30.) ;
#2138=CIRCLE('generated circle',#2137,30.) ;
#2157=CIRCLE('generated circle',#2156,30.) ;
#2178=CIRCLE('generated circle',#2177,27.) ;
#2187=CIRCLE('generated circle',#2186,27.) ;
#2204=CIRCLE('generated circle',#2203,27.) ;
#2223=CIRCLE('generated circle',#2222,27.) ;
#2240=CIRCLE('generated circle',#2239,30.) ;
#2249=CIRCLE('generated circle',#2248,30.) ;
#2270=CIRCLE('generated circle',#2269,30.) ;
#2289=CIRCLE('generated circle',#2288,30.) ;
#2306=CIRCLE('generated circle',#2305,150.) ;
#2313=CIRCLE('generated circle',#2312,150.) ;
#116=PLANE('',#115) ;
#566=PLANE('',#565) ;
#1182=PLANE('',#1181) ;
#1468=PLANE('',#1467) ;
#1856=PLANE('',#1855) ;
#1884=PLANE('',#1883) ;
#2033=PLANE('',#2032) ;
#2104=PLANE('',#2103) ;
#2170=PLANE('',#2169) ;
#2236=PLANE('',#2235) ;
#35=CYLINDRICAL_SURFACE('generated cylinder',#34,7.5) ;
#156=CYLINDRICAL_SURFACE('generated cylinder',#155,2.) ;
#218=CYLINDRICAL_SURFACE('generated cylinder',#217,2.) ;
#293=CYLINDRICAL_SURFACE('generated cylinder',#292,2.) ;
#310=CYLINDRICAL_SURFACE('generated cylinder',#309,12.5) ;
#595=CYLINDRICAL_SURFACE('generated cylinder',#594,2.) ;
#650=CYLINDRICAL_SURFACE('generated cylinder',#649,2.) ;
#667=CYLINDRICAL_SURFACE('generated cylinder',#666,12.5) ;
#873=CYLINDRICAL_SURFACE('generated cylinder',#872,28.) ;
#988=CYLINDRICAL_SURFACE('generated cylinder',#987,2.) ;
#1249=CYLINDRICAL_SURFACE('generated cylinder',#1248,2.) ;
#1355=CYLINDRICAL_SURFACE('generated cylinder',#1354,2.) ;
#1403=CYLINDRICAL_SURFACE('generated cylinder',#1402,2.) ;
#1451=CYLINDRICAL_SURFACE('generated cylinder',#1450,2.) ;
#1485=CYLINDRICAL_SURFACE('generated cylinder',#1484,2.) ;
#1715=CYLINDRICAL_SURFACE('generated cylinder',#1714,2.) ;
#1751=CYLINDRICAL_SURFACE('generated cylinder',#1750,2.) ;
#1775=CYLINDRICAL_SURFACE('generated cylinder',#1774,12.5) ;
#1839=CYLINDRICAL_SURFACE('generated cylinder',#1838,12.5) ;
#1920=CYLINDRICAL_SURFACE('generated cylinder',#1919,2.) ;
#1944=CYLINDRICAL_SURFACE('generated cylinder',#1943,30.) ;
#2061=CYLINDRICAL_SURFACE('generated cylinder',#2060,27.) ;
#249=SPHERICAL_SURFACE('',#248,2.) ;
#965=SPHERICAL_SURFACE('',#964,2.) ;
#1273=SPHERICAL_SURFACE('',#1272,2.) ;
#1332=SPHERICAL_SURFACE('',#1331,2.) ;
#2302=SPHERICAL_SURFACE('',#2301,150.) ;
#187=TOROIDAL_SURFACE('homeo Torus',#186,4.,2.) ;
#353=TOROIDAL_SURFACE('homeo Torus',#352,10.5,2.) ;
#619=TOROIDAL_SURFACE('homeo Torus',#618,4.,2.) ;
#941=TOROIDAL_SURFACE('homeo Torus',#940,26.,2.) ;
#1308=TOROIDAL_SURFACE('homeo Torus',#1307,26.,2.) ;
#1379=TOROIDAL_SURFACE('homeo Torus',#1378,4.,2.) ;
#1427=TOROIDAL_SURFACE('homeo Torus',#1426,4.,2.) ;
#1799=TOROIDAL_SURFACE('homeo Torus',#1798,10.5,2.) ;
#589=FACE_BOUND('',#586,.T.) ;
#1878=FACE_BOUND('',#1875,.T.) ;
#1914=FACE_BOUND('',#1911,.T.) ;
#1973=FACE_BOUND('',#1970,.T.) ;
#2027=FACE_BOUND('',#2024,.T.) ;
#2055=FACE_BOUND('',#2052,.T.) ;
#2126=FACE_BOUND('',#2123,.T.) ;
#2192=FACE_BOUND('',#2189,.T.) ;
#2258=FACE_BOUND('',#2255,.T.) ;
#44=EDGE_CURVE('',#41,#43,#39,.F.) ;
#63=EDGE_CURVE('',#62,#43,#45,.T.) ;
#70=EDGE_CURVE('',#69,#62,#67,.F.) ;
#75=EDGE_CURVE('',#41,#69,#74,.F.) ;
#99=EDGE_CURVE('',#43,#62,#83,.T.) ;
#104=EDGE_CURVE('',#69,#41,#103,.F.) ;
#125=EDGE_CURVE('',#122,#124,#120,.F.) ;
#132=EDGE_CURVE('',#124,#131,#129,.T.) ;
#139=EDGE_CURVE('',#131,#138,#136,.T.) ;
#144=EDGE_CURVE('',#138,#122,#143,.F.) ;
#165=EDGE_CURVE('',#162,#164,#160,.F.) ;
#170=EDGE_CURVE('',#124,#164,#169,.F.) ;
#175=EDGE_CURVE('',#122,#162,#174,.F.) ;
#196=EDGE_CURVE('',#193,#195,#191,.T.) ;
#201=EDGE_CURVE('',#195,#162,#200,.F.) ;
#206=EDGE_CURVE('',#193,#122,#205,.F.) ;
#227=EDGE_CURVE('',#224,#226,#222,.T.) ;
#232=EDGE_CURVE('',#226,#138,#231,.T.) ;
#237=EDGE_CURVE('',#224,#131,#236,.T.) ;
#277=EDGE_CURVE('',#226,#276,#250,.F.) ;
#282=EDGE_CURVE('',#276,#138,#281,.T.) ;
#298=EDGE_CURVE('',#276,#193,#297,.F.) ;
#317=EDGE_CURVE('',#124,#316,#314,.T.) ;
#324=EDGE_CURVE('',#323,#316,#321,.F.) ;
#341=EDGE_CURVE('',#323,#131,#325,.T.) ;
#360=EDGE_CURVE('',#164,#359,#357,.T.) ;
#367=EDGE_CURVE('',#359,#366,#364,.T.) ;
#374=EDGE_CURVE('',#373,#366,#371,.F.) ;
#379=EDGE_CURVE('',#316,#373,#378,.T.) ;
#546=EDGE_CURVE('',#545,#224,#525,.T.) ;
#554=EDGE_CURVE('',#545,#323,#547,.F.) ;
#573=EDGE_CURVE('',#162,#572,#570,.T.) ;
#578=EDGE_CURVE('',#366,#572,#577,.T.) ;
#602=EDGE_CURVE('',#195,#601,#599,.T.) ;
#607=EDGE_CURVE('',#601,#572,#606,.T.) ;
#626=EDGE_CURVE('',#601,#625,#623,.T.) ;
#633=EDGE_CURVE('',#625,#632,#630,.F.) ;
#638=EDGE_CURVE('',#572,#632,#637,.T.) ;
#655=EDGE_CURVE('',#373,#632,#654,.T.) ;
#674=EDGE_CURVE('',#673,#373,#671,.T.) ;
#691=EDGE_CURVE('',#673,#323,#675,.T.) ;
#853=EDGE_CURVE('',#852,#545,#835,.T.) ;
#861=EDGE_CURVE('',#852,#673,#854,.F.) ;
#880=EDGE_CURVE('',#879,#545,#877,.F.) ;
#887=EDGE_CURVE('',#879,#886,#884,.T.) ;
#894=EDGE_CURVE('',#886,#893,#891,.F.) ;
#913=EDGE_CURVE('',#912,#893,#895,.T.) ;
#920=EDGE_CURVE('',#919,#912,#917,.T.) ;
#925=EDGE_CURVE('',#919,#226,#924,.F.) ;
#948=EDGE_CURVE('',#947,#919,#945,.T.) ;
#953=EDGE_CURVE('',#947,#276,#952,.F.) ;
#972=EDGE_CURVE('',#919,#971,#969,.T.) ;
#977=EDGE_CURVE('',#947,#971,#976,.T.) ;
#995=EDGE_CURVE('',#912,#994,#992,.T.) ;
#1000=EDGE_CURVE('',#971,#994,#999,.T.) ;
#1153=EDGE_CURVE('',#893,#1152,#1144,.F.) ;
#1170=EDGE_CURVE('',#994,#1152,#1154,.T.) ;
#1189=EDGE_CURVE('',#1188,#947,#1186,.F.) ;
#1196=EDGE_CURVE('',#1195,#1188,#1193,.T.) ;
#1203=EDGE_CURVE('',#1202,#1195,#1200,.F.) ;
#1210=EDGE_CURVE('',#1209,#1202,#1207,.T.) ;
#1217=EDGE_CURVE('',#1216,#1209,#1214,.F.) ;
#1224=EDGE_CURVE('',#1223,#1216,#1221,.F.) ;
#1229=EDGE_CURVE('',#625,#1223,#1228,.F.) ;
#1256=EDGE_CURVE('',#1223,#1255,#1253,.F.) ;
#1261=EDGE_CURVE('',#632,#1255,#1260,.F.) ;
#1292=EDGE_CURVE('',#1223,#1291,#1274,.T.) ;
#1297=EDGE_CURVE('',#1291,#1255,#1296,.T.) ;
#1315=EDGE_CURVE('',#1314,#1216,#1312,.F.) ;
#1320=EDGE_CURVE('',#1291,#1314,#1319,.F.) ;
#1339=EDGE_CURVE('',#1216,#1338,#1336,.T.) ;
#1344=EDGE_CURVE('',#1314,#1338,#1343,.T.) ;
#1362=EDGE_CURVE('',#1361,#971,#1359,.F.) ;
#1367=EDGE_CURVE('',#1188,#1361,#1366,.F.) ;
#1386=EDGE_CURVE('',#1385,#1361,#1383,.T.) ;
#1391=EDGE_CURVE('',#1195,#1385,#1390,.F.) ;
#1410=EDGE_CURVE('',#1409,#1385,#1407,.F.) ;
#1415=EDGE_CURVE('',#1202,#1409,#1414,.F.) ;
#1434=EDGE_CURVE('',#1433,#1409,#1431,.T.) ;
#1439=EDGE_CURVE('',#1209,#1433,#1438,.F.) ;
#1456=EDGE_CURVE('',#1338,#1433,#1455,.F.) ;
#1473=EDGE_CURVE('',#1255,#673,#1472,.T.) ;
#1490=EDGE_CURVE('',#1291,#852,#1489,.T.) ;
#1504=EDGE_CURVE('',#1503,#1314,#1501,.F.) ;
#1521=EDGE_CURVE('',#893,#1503,#1505,.T.) ;
#1526=EDGE_CURVE('',#886,#879,#1525,.T.) ;
#1683=EDGE_CURVE('',#1503,#1682,#1674,.F.) ;
#1703=EDGE_CURVE('',#1152,#1682,#1684,.T.) ;
#1720=EDGE_CURVE('',#1682,#1338,#1719,.T.) ;
#1734=EDGE_CURVE('',#994,#1733,#1731,.T.) ;
#1739=EDGE_CURVE('',#1361,#1733,#1738,.F.) ;
#1758=EDGE_CURVE('',#1757,#1733,#1755,.F.) ;
#1763=EDGE_CURVE('',#1385,#1757,#1762,.F.) ;
#1782=EDGE_CURVE('',#1781,#1152,#1779,.F.) ;
#1787=EDGE_CURVE('',#1733,#1781,#1786,.T.) ;
#1806=EDGE_CURVE('',#1781,#1805,#1803,.T.) ;
#1813=EDGE_CURVE('',#1812,#1805,#1810,.F.) ;
#1820=EDGE_CURVE('',#1819,#1812,#1817,.T.) ;
#1825=EDGE_CURVE('',#1757,#1819,#1824,.T.) ;
#1844=EDGE_CURVE('',#1805,#1682,#1843,.T.) ;
#1865=EDGE_CURVE('',#1862,#1864,#1860,.T.) ;
#1870=EDGE_CURVE('',#1864,#1862,#1869,.T.) ;
#1889=EDGE_CURVE('',#1812,#1409,#1888,.T.) ;
#1905=EDGE_CURVE('',#1902,#1904,#1900,.T.) ;
#1910=EDGE_CURVE('',#1904,#1902,#1909,.T.) ;
#1925=EDGE_CURVE('',#1805,#1433,#1924,.T.) ;
#1951=EDGE_CURVE('',#1862,#1950,#1948,.F.) ;
#1958=EDGE_CURVE('',#1950,#1957,#1955,.T.) ;
#1963=EDGE_CURVE('',#1864,#1957,#1962,.F.) ;
#1979=EDGE_CURVE('',#1957,#1950,#1978,.T.) ;
#2006=EDGE_CURVE('',#2003,#2005,#1986,.T.) ;
#2023=EDGE_CURVE('',#2005,#2003,#2007,.T.) ;
#2046=EDGE_CURVE('',#2043,#2045,#2041,.T.) ;
#2051=EDGE_CURVE('',#2045,#2043,#2050,.T.) ;
#2068=EDGE_CURVE('',#2045,#2067,#2065,.F.) ;
#2075=EDGE_CURVE('',#2067,#2074,#2072,.T.) ;
#2080=EDGE_CURVE('',#2043,#2074,#2079,.F.) ;
#2092=EDGE_CURVE('',#2074,#2067,#2091,.T.) ;
#2113=EDGE_CURVE('',#2110,#2112,#2108,.T.) ;
#2118=EDGE_CURVE('',#2112,#2110,#2117,.T.) ;
#2134=EDGE_CURVE('',#2110,#2133,#2131,.F.) ;
#2141=EDGE_CURVE('',#2133,#2140,#2138,.T.) ;
#2146=EDGE_CURVE('',#2112,#2140,#2145,.F.) ;
#2158=EDGE_CURVE('',#2140,#2133,#2157,.T.) ;
#2183=EDGE_CURVE('',#2180,#2182,#2178,.T.) ;
#2188=EDGE_CURVE('',#2182,#2180,#2187,.T.) ;
#2200=EDGE_CURVE('',#2182,#2199,#2197,.F.) ;
#2207=EDGE_CURVE('',#2199,#2206,#2204,.T.) ;
#2212=EDGE_CURVE('',#2180,#2206,#2211,.F.) ;
#2224=EDGE_CURVE('',#2206,#2199,#2223,.T.) ;
#2245=EDGE_CURVE('',#2242,#2244,#2240,.T.) ;
#2250=EDGE_CURVE('',#2244,#2242,#2249,.T.) ;
#2266=EDGE_CURVE('',#2242,#2265,#2263,.F.) ;
#2273=EDGE_CURVE('',#2265,#2272,#2270,.T.) ;
#2278=EDGE_CURVE('',#2244,#2272,#2277,.F.) ;
#2290=EDGE_CURVE('',#2272,#2265,#2289,.T.) ;
#2309=EDGE_CURVE('',#2265,#2308,#2306,.F.) ;
#2314=EDGE_CURVE('',#2272,#2308,#2313,.F.) ;
#2331=EDGE_CURVE('',#2005,#1904,#2330,.F.) ;
#2336=EDGE_CURVE('',#2003,#1902,#2335,.F.) ;
#30=CLOSED_SHELL('Closed Shell',(#82,#111,#151,#182,#213,#244,#288,#305,#348,#388,#561,#590,#614,#645,#662,#698,#868,#936,#960,#983,#1007,#1177,#1244,#1268,#1303,#1327,#1350,#1374,#1398,#1422,#1446,#1463,#1480,#1497,#1537,#1710,#1727,#1746,#1770,#1794,#1834,#1851,#1879,#1915,#1932,#1939,#1974,#2028,#2056,#2087,#2099,#2127,#2153,#2165,#2193,#2219,#2231,#2259,#2285,#2297,#2320,#2326,#2343,#2350)) ;
#77=ORIENTED_EDGE('',*,*,#44,.T.) ;
#78=ORIENTED_EDGE('',*,*,#63,.F.) ;
#79=ORIENTED_EDGE('',*,*,#70,.F.) ;
#80=ORIENTED_EDGE('',*,*,#75,.F.) ;
#106=ORIENTED_EDGE('',*,*,#70,.T.) ;
#107=ORIENTED_EDGE('',*,*,#99,.F.) ;
#108=ORIENTED_EDGE('',*,*,#44,.F.) ;
#109=ORIENTED_EDGE('',*,*,#104,.F.) ;
#146=ORIENTED_EDGE('',*,*,#125,.T.) ;
#147=ORIENTED_EDGE('',*,*,#132,.T.) ;
#148=ORIENTED_EDGE('',*,*,#139,.T.) ;
#149=ORIENTED_EDGE('',*,*,#144,.T.) ;
#177=ORIENTED_EDGE('',*,*,#165,.T.) ;
#178=ORIENTED_EDGE('',*,*,#170,.F.) ;
#179=ORIENTED_EDGE('',*,*,#125,.F.) ;
#180=ORIENTED_EDGE('',*,*,#175,.T.) ;
#208=ORIENTED_EDGE('',*,*,#196,.T.) ;
#209=ORIENTED_EDGE('',*,*,#201,.T.) ;
#210=ORIENTED_EDGE('',*,*,#175,.F.) ;
#211=ORIENTED_EDGE('',*,*,#206,.F.) ;
#239=ORIENTED_EDGE('',*,*,#227,.T.) ;
#240=ORIENTED_EDGE('',*,*,#232,.T.) ;
#241=ORIENTED_EDGE('',*,*,#139,.F.) ;
#242=ORIENTED_EDGE('',*,*,#237,.F.) ;
#284=ORIENTED_EDGE('',*,*,#277,.T.) ;
#285=ORIENTED_EDGE('',*,*,#282,.T.) ;
#286=ORIENTED_EDGE('',*,*,#232,.F.) ;
#300=ORIENTED_EDGE('',*,*,#298,.T.) ;
#301=ORIENTED_EDGE('',*,*,#206,.T.) ;
#302=ORIENTED_EDGE('',*,*,#144,.F.) ;
#303=ORIENTED_EDGE('',*,*,#282,.F.) ;
#343=ORIENTED_EDGE('',*,*,#132,.F.) ;
#344=ORIENTED_EDGE('',*,*,#317,.T.) ;
#345=ORIENTED_EDGE('',*,*,#324,.F.) ;
#346=ORIENTED_EDGE('',*,*,#341,.T.) ;
#381=ORIENTED_EDGE('',*,*,#170,.T.) ;
#382=ORIENTED_EDGE('',*,*,#360,.T.) ;
#383=ORIENTED_EDGE('',*,*,#367,.T.) ;
#384=ORIENTED_EDGE('',*,*,#374,.F.) ;
#385=ORIENTED_EDGE('',*,*,#379,.F.) ;
#386=ORIENTED_EDGE('',*,*,#317,.F.) ;
#556=ORIENTED_EDGE('',*,*,#546,.T.) ;
#557=ORIENTED_EDGE('',*,*,#237,.T.) ;
#558=ORIENTED_EDGE('',*,*,#341,.F.) ;
#559=ORIENTED_EDGE('',*,*,#554,.F.) ;
#580=ORIENTED_EDGE('',*,*,#573,.T.) ;
#581=ORIENTED_EDGE('',*,*,#578,.F.) ;
#582=ORIENTED_EDGE('',*,*,#367,.F.) ;
#583=ORIENTED_EDGE('',*,*,#360,.F.) ;
#584=ORIENTED_EDGE('',*,*,#165,.F.) ;
#587=ORIENTED_EDGE('',*,*,#75,.T.) ;
#588=ORIENTED_EDGE('',*,*,#104,.T.) ;
#609=ORIENTED_EDGE('',*,*,#602,.T.) ;
#610=ORIENTED_EDGE('',*,*,#607,.T.) ;
#611=ORIENTED_EDGE('',*,*,#573,.F.) ;
#612=ORIENTED_EDGE('',*,*,#201,.F.) ;
#640=ORIENTED_EDGE('',*,*,#626,.T.) ;
#641=ORIENTED_EDGE('',*,*,#633,.T.) ;
#642=ORIENTED_EDGE('',*,*,#638,.F.) ;
#643=ORIENTED_EDGE('',*,*,#607,.F.) ;
#657=ORIENTED_EDGE('',*,*,#655,.F.) ;
#658=ORIENTED_EDGE('',*,*,#374,.T.) ;
#659=ORIENTED_EDGE('',*,*,#578,.T.) ;
#660=ORIENTED_EDGE('',*,*,#638,.T.) ;
#693=ORIENTED_EDGE('',*,*,#324,.T.) ;
#694=ORIENTED_EDGE('',*,*,#379,.T.) ;
#695=ORIENTED_EDGE('',*,*,#674,.F.) ;
#696=ORIENTED_EDGE('',*,*,#691,.T.) ;
#863=ORIENTED_EDGE('',*,*,#853,.T.) ;
#864=ORIENTED_EDGE('',*,*,#554,.T.) ;
#865=ORIENTED_EDGE('',*,*,#691,.F.) ;
#866=ORIENTED_EDGE('',*,*,#861,.F.) ;
#927=ORIENTED_EDGE('',*,*,#227,.F.) ;
#928=ORIENTED_EDGE('',*,*,#546,.F.) ;
#929=ORIENTED_EDGE('',*,*,#880,.F.) ;
#930=ORIENTED_EDGE('',*,*,#887,.T.) ;
#931=ORIENTED_EDGE('',*,*,#894,.T.) ;
#932=ORIENTED_EDGE('',*,*,#913,.F.) ;
#933=ORIENTED_EDGE('',*,*,#920,.F.) ;
#934=ORIENTED_EDGE('',*,*,#925,.T.) ;
#955=ORIENTED_EDGE('',*,*,#277,.F.) ;
#956=ORIENTED_EDGE('',*,*,#925,.F.) ;
#957=ORIENTED_EDGE('',*,*,#948,.F.) ;
#958=ORIENTED_EDGE('',*,*,#953,.T.) ;
#979=ORIENTED_EDGE('',*,*,#948,.T.) ;
#980=ORIENTED_EDGE('',*,*,#972,.T.) ;
#981=ORIENTED_EDGE('',*,*,#977,.F.) ;
#1002=ORIENTED_EDGE('',*,*,#920,.T.) ;
#1003=ORIENTED_EDGE('',*,*,#995,.T.) ;
#1004=ORIENTED_EDGE('',*,*,#1000,.F.) ;
#1005=ORIENTED_EDGE('',*,*,#972,.F.) ;
#1172=ORIENTED_EDGE('',*,*,#913,.T.) ;
#1173=ORIENTED_EDGE('',*,*,#1153,.T.) ;
#1174=ORIENTED_EDGE('',*,*,#1170,.F.) ;
#1175=ORIENTED_EDGE('',*,*,#995,.F.) ;
#1231=ORIENTED_EDGE('',*,*,#953,.F.) ;
#1232=ORIENTED_EDGE('',*,*,#1189,.F.) ;
#1233=ORIENTED_EDGE('',*,*,#1196,.F.) ;
#1234=ORIENTED_EDGE('',*,*,#1203,.F.) ;
#1235=ORIENTED_EDGE('',*,*,#1210,.F.) ;
#1236=ORIENTED_EDGE('',*,*,#1217,.F.) ;
#1237=ORIENTED_EDGE('',*,*,#1224,.F.) ;
#1238=ORIENTED_EDGE('',*,*,#1229,.F.) ;
#1239=ORIENTED_EDGE('',*,*,#626,.F.) ;
#1240=ORIENTED_EDGE('',*,*,#602,.F.) ;
#1241=ORIENTED_EDGE('',*,*,#196,.F.) ;
#1242=ORIENTED_EDGE('',*,*,#298,.F.) ;
#1263=ORIENTED_EDGE('',*,*,#1229,.T.) ;
#1264=ORIENTED_EDGE('',*,*,#1256,.T.) ;
#1265=ORIENTED_EDGE('',*,*,#1261,.F.) ;
#1266=ORIENTED_EDGE('',*,*,#633,.F.) ;
#1299=ORIENTED_EDGE('',*,*,#1292,.T.) ;
#1300=ORIENTED_EDGE('',*,*,#1297,.T.) ;
#1301=ORIENTED_EDGE('',*,*,#1256,.F.) ;
#1322=ORIENTED_EDGE('',*,*,#1292,.F.) ;
#1323=ORIENTED_EDGE('',*,*,#1224,.T.) ;
#1324=ORIENTED_EDGE('',*,*,#1315,.F.) ;
#1325=ORIENTED_EDGE('',*,*,#1320,.F.) ;
#1346=ORIENTED_EDGE('',*,*,#1315,.T.) ;
#1347=ORIENTED_EDGE('',*,*,#1339,.T.) ;
#1348=ORIENTED_EDGE('',*,*,#1344,.F.) ;
#1369=ORIENTED_EDGE('',*,*,#1189,.T.) ;
#1370=ORIENTED_EDGE('',*,*,#977,.T.) ;
#1371=ORIENTED_EDGE('',*,*,#1362,.F.) ;
#1372=ORIENTED_EDGE('',*,*,#1367,.F.) ;
#1393=ORIENTED_EDGE('',*,*,#1196,.T.) ;
#1394=ORIENTED_EDGE('',*,*,#1367,.T.) ;
#1395=ORIENTED_EDGE('',*,*,#1386,.F.) ;
#1396=ORIENTED_EDGE('',*,*,#1391,.F.) ;
#1417=ORIENTED_EDGE('',*,*,#1203,.T.) ;
#1418=ORIENTED_EDGE('',*,*,#1391,.T.) ;
#1419=ORIENTED_EDGE('',*,*,#1410,.F.) ;
#1420=ORIENTED_EDGE('',*,*,#1415,.F.) ;
#1441=ORIENTED_EDGE('',*,*,#1210,.T.) ;
#1442=ORIENTED_EDGE('',*,*,#1415,.T.) ;
#1443=ORIENTED_EDGE('',*,*,#1434,.F.) ;
#1444=ORIENTED_EDGE('',*,*,#1439,.F.) ;
#1458=ORIENTED_EDGE('',*,*,#1217,.T.) ;
#1459=ORIENTED_EDGE('',*,*,#1439,.T.) ;
#1460=ORIENTED_EDGE('',*,*,#1456,.F.) ;
#1461=ORIENTED_EDGE('',*,*,#1339,.F.) ;
#1475=ORIENTED_EDGE('',*,*,#674,.T.) ;
#1476=ORIENTED_EDGE('',*,*,#655,.T.) ;
#1477=ORIENTED_EDGE('',*,*,#1261,.T.) ;
#1478=ORIENTED_EDGE('',*,*,#1473,.T.) ;
#1492=ORIENTED_EDGE('',*,*,#1490,.T.) ;
#1493=ORIENTED_EDGE('',*,*,#861,.T.) ;
#1494=ORIENTED_EDGE('',*,*,#1473,.F.) ;
#1495=ORIENTED_EDGE('',*,*,#1297,.F.) ;
#1528=ORIENTED_EDGE('',*,*,#853,.F.) ;
#1529=ORIENTED_EDGE('',*,*,#1490,.F.) ;
#1530=ORIENTED_EDGE('',*,*,#1320,.T.) ;
#1531=ORIENTED_EDGE('',*,*,#1504,.F.) ;
#1532=ORIENTED_EDGE('',*,*,#1521,.F.) ;
#1533=ORIENTED_EDGE('',*,*,#894,.F.) ;
#1534=ORIENTED_EDGE('',*,*,#1526,.T.) ;
#1535=ORIENTED_EDGE('',*,*,#880,.T.) ;
#1705=ORIENTED_EDGE('',*,*,#1521,.T.) ;
#1706=ORIENTED_EDGE('',*,*,#1683,.T.) ;
#1707=ORIENTED_EDGE('',*,*,#1703,.F.) ;
#1708=ORIENTED_EDGE('',*,*,#1153,.F.) ;
#1722=ORIENTED_EDGE('',*,*,#1504,.T.) ;
#1723=ORIENTED_EDGE('',*,*,#1344,.T.) ;
#1724=ORIENTED_EDGE('',*,*,#1720,.F.) ;
#1725=ORIENTED_EDGE('',*,*,#1683,.F.) ;
#1741=ORIENTED_EDGE('',*,*,#1734,.T.) ;
#1742=ORIENTED_EDGE('',*,*,#1739,.F.) ;
#1743=ORIENTED_EDGE('',*,*,#1362,.T.) ;
#1744=ORIENTED_EDGE('',*,*,#1000,.T.) ;
#1765=ORIENTED_EDGE('',*,*,#1739,.T.) ;
#1766=ORIENTED_EDGE('',*,*,#1758,.F.) ;
#1767=ORIENTED_EDGE('',*,*,#1763,.F.) ;
#1768=ORIENTED_EDGE('',*,*,#1386,.T.) ;
#1789=ORIENTED_EDGE('',*,*,#1782,.F.) ;
#1790=ORIENTED_EDGE('',*,*,#1787,.F.) ;
#1791=ORIENTED_EDGE('',*,*,#1734,.F.) ;
#1792=ORIENTED_EDGE('',*,*,#1170,.T.) ;
#1827=ORIENTED_EDGE('',*,*,#1758,.T.) ;
#1828=ORIENTED_EDGE('',*,*,#1787,.T.) ;
#1829=ORIENTED_EDGE('',*,*,#1806,.T.) ;
#1830=ORIENTED_EDGE('',*,*,#1813,.F.) ;
#1831=ORIENTED_EDGE('',*,*,#1820,.F.) ;
#1832=ORIENTED_EDGE('',*,*,#1825,.F.) ;
#1846=ORIENTED_EDGE('',*,*,#1844,.F.) ;
#1847=ORIENTED_EDGE('',*,*,#1806,.F.) ;
#1848=ORIENTED_EDGE('',*,*,#1782,.T.) ;
#1849=ORIENTED_EDGE('',*,*,#1703,.T.) ;
#1872=ORIENTED_EDGE('',*,*,#1865,.T.) ;
#1873=ORIENTED_EDGE('',*,*,#1870,.T.) ;
#1876=ORIENTED_EDGE('',*,*,#887,.F.) ;
#1877=ORIENTED_EDGE('',*,*,#1526,.F.) ;
#1891=ORIENTED_EDGE('',*,*,#1763,.T.) ;
#1892=ORIENTED_EDGE('',*,*,#1825,.T.) ;
#1893=ORIENTED_EDGE('',*,*,#1820,.T.) ;
#1894=ORIENTED_EDGE('',*,*,#1889,.T.) ;
#1895=ORIENTED_EDGE('',*,*,#1410,.T.) ;
#1912=ORIENTED_EDGE('',*,*,#1905,.F.) ;
#1913=ORIENTED_EDGE('',*,*,#1910,.F.) ;
#1927=ORIENTED_EDGE('',*,*,#1889,.F.) ;
#1928=ORIENTED_EDGE('',*,*,#1813,.T.) ;
#1929=ORIENTED_EDGE('',*,*,#1925,.T.) ;
#1930=ORIENTED_EDGE('',*,*,#1434,.T.) ;
#1934=ORIENTED_EDGE('',*,*,#1925,.F.) ;
#1935=ORIENTED_EDGE('',*,*,#1844,.T.) ;
#1936=ORIENTED_EDGE('',*,*,#1720,.T.) ;
#1937=ORIENTED_EDGE('',*,*,#1456,.T.) ;
#1965=ORIENTED_EDGE('',*,*,#1865,.F.) ;
#1966=ORIENTED_EDGE('',*,*,#1951,.T.) ;
#1967=ORIENTED_EDGE('',*,*,#1958,.T.) ;
#1968=ORIENTED_EDGE('',*,*,#1963,.F.) ;
#1971=ORIENTED_EDGE('',*,*,#63,.T.) ;
#1972=ORIENTED_EDGE('',*,*,#99,.T.) ;
#1981=ORIENTED_EDGE('',*,*,#1870,.F.) ;
#1982=ORIENTED_EDGE('',*,*,#1963,.T.) ;
#1983=ORIENTED_EDGE('',*,*,#1979,.T.) ;
#1984=ORIENTED_EDGE('',*,*,#1951,.F.) ;
#2025=ORIENTED_EDGE('',*,*,#2006,.F.) ;
#2026=ORIENTED_EDGE('',*,*,#2023,.F.) ;
#2035=ORIENTED_EDGE('',*,*,#1958,.F.) ;
#2036=ORIENTED_EDGE('',*,*,#1979,.F.) ;
#2053=ORIENTED_EDGE('',*,*,#2046,.T.) ;
#2054=ORIENTED_EDGE('',*,*,#2051,.T.) ;
#2082=ORIENTED_EDGE('',*,*,#2051,.F.) ;
#2083=ORIENTED_EDGE('',*,*,#2068,.T.) ;
#2084=ORIENTED_EDGE('',*,*,#2075,.T.) ;
#2085=ORIENTED_EDGE('',*,*,#2080,.F.) ;
#2094=ORIENTED_EDGE('',*,*,#2046,.F.) ;
#2095=ORIENTED_EDGE('',*,*,#2080,.T.) ;
#2096=ORIENTED_EDGE('',*,*,#2092,.T.) ;
#2097=ORIENTED_EDGE('',*,*,#2068,.F.) ;
#2120=ORIENTED_EDGE('',*,*,#2113,.T.) ;
#2121=ORIENTED_EDGE('',*,*,#2118,.T.) ;
#2124=ORIENTED_EDGE('',*,*,#2075,.F.) ;
#2125=ORIENTED_EDGE('',*,*,#2092,.F.) ;
#2148=ORIENTED_EDGE('',*,*,#2113,.F.) ;
#2149=ORIENTED_EDGE('',*,*,#2134,.T.) ;
#2150=ORIENTED_EDGE('',*,*,#2141,.T.) ;
#2151=ORIENTED_EDGE('',*,*,#2146,.F.) ;
#2160=ORIENTED_EDGE('',*,*,#2118,.F.) ;
#2161=ORIENTED_EDGE('',*,*,#2146,.T.) ;
#2162=ORIENTED_EDGE('',*,*,#2158,.T.) ;
#2163=ORIENTED_EDGE('',*,*,#2134,.F.) ;
#2172=ORIENTED_EDGE('',*,*,#2158,.F.) ;
#2173=ORIENTED_EDGE('',*,*,#2141,.F.) ;
#2190=ORIENTED_EDGE('',*,*,#2183,.T.) ;
#2191=ORIENTED_EDGE('',*,*,#2188,.T.) ;
#2214=ORIENTED_EDGE('',*,*,#2188,.F.) ;
#2215=ORIENTED_EDGE('',*,*,#2200,.T.) ;
#2216=ORIENTED_EDGE('',*,*,#2207,.T.) ;
#2217=ORIENTED_EDGE('',*,*,#2212,.F.) ;
#2226=ORIENTED_EDGE('',*,*,#2183,.F.) ;
#2227=ORIENTED_EDGE('',*,*,#2212,.T.) ;
#2228=ORIENTED_EDGE('',*,*,#2224,.T.) ;
#2229=ORIENTED_EDGE('',*,*,#2200,.F.) ;
#2252=ORIENTED_EDGE('',*,*,#2245,.T.) ;
#2253=ORIENTED_EDGE('',*,*,#2250,.T.) ;
#2256=ORIENTED_EDGE('',*,*,#2207,.F.) ;
#2257=ORIENTED_EDGE('',*,*,#2224,.F.) ;
#2280=ORIENTED_EDGE('',*,*,#2245,.F.) ;
#2281=ORIENTED_EDGE('',*,*,#2266,.T.) ;
#2282=ORIENTED_EDGE('',*,*,#2273,.T.) ;
#2283=ORIENTED_EDGE('',*,*,#2278,.F.) ;
#2292=ORIENTED_EDGE('',*,*,#2250,.F.) ;
#2293=ORIENTED_EDGE('',*,*,#2278,.T.) ;
#2294=ORIENTED_EDGE('',*,*,#2290,.T.) ;
#2295=ORIENTED_EDGE('',*,*,#2266,.F.) ;
#2316=ORIENTED_EDGE('',*,*,#2273,.F.) ;
#2317=ORIENTED_EDGE('',*,*,#2309,.T.) ;
#2318=ORIENTED_EDGE('',*,*,#2314,.F.) ;
#2322=ORIENTED_EDGE('',*,*,#2290,.F.) ;
#2323=ORIENTED_EDGE('',*,*,#2314,.T.) ;
#2324=ORIENTED_EDGE('',*,*,#2309,.F.) ;
#2338=ORIENTED_EDGE('',*,*,#2331,.F.) ;
#2339=ORIENTED_EDGE('',*,*,#2023,.T.) ;
#2340=ORIENTED_EDGE('',*,*,#2336,.T.) ;
#2341=ORIENTED_EDGE('',*,*,#1905,.T.) ;
#2345=ORIENTED_EDGE('',*,*,#2336,.F.) ;
#2346=ORIENTED_EDGE('',*,*,#2006,.T.) ;
#2347=ORIENTED_EDGE('',*,*,#2331,.T.) ;
#2348=ORIENTED_EDGE('',*,*,#1910,.T.) ;
#76=EDGE_LOOP('',(#77,#78,#79,#80)) ;
#105=EDGE_LOOP('',(#106,#107,#108,#109)) ;
#145=EDGE_LOOP('',(#146,#147,#148,#149)) ;
#176=EDGE_LOOP('',(#177,#178,#179,#180)) ;
#207=EDGE_LOOP('',(#208,#209,#210,#211)) ;
#238=EDGE_LOOP('',(#239,#240,#241,#242)) ;
#283=EDGE_LOOP('',(#284,#285,#286)) ;
#299=EDGE_LOOP('',(#300,#301,#302,#303)) ;
#342=EDGE_LOOP('',(#343,#344,#345,#346)) ;
#380=EDGE_LOOP('',(#381,#382,#383,#384,#385,#386)) ;
#555=EDGE_LOOP('',(#556,#557,#558,#559)) ;
#579=EDGE_LOOP('',(#580,#581,#582,#583,#584)) ;
#586=EDGE_LOOP('',(#587,#588)) ;
#608=EDGE_LOOP('',(#609,#610,#611,#612)) ;
#639=EDGE_LOOP('',(#640,#641,#642,#643)) ;
#656=EDGE_LOOP('',(#657,#658,#659,#660)) ;
#692=EDGE_LOOP('',(#693,#694,#695,#696)) ;
#862=EDGE_LOOP('',(#863,#864,#865,#866)) ;
#926=EDGE_LOOP('',(#927,#928,#929,#930,#931,#932,#933,#934)) ;
#954=EDGE_LOOP('',(#955,#956,#957,#958)) ;
#978=EDGE_LOOP('',(#979,#980,#981)) ;
#1001=EDGE_LOOP('',(#1002,#1003,#1004,#1005)) ;
#1171=EDGE_LOOP('',(#1172,#1173,#1174,#1175)) ;
#1230=EDGE_LOOP('',(#1231,#1232,#1233,#1234,#1235,#1236,#1237,#1238,#1239,#1240,#1241,#1242)) ;
#1262=EDGE_LOOP('',(#1263,#1264,#1265,#1266)) ;
#1298=EDGE_LOOP('',(#1299,#1300,#1301)) ;
#1321=EDGE_LOOP('',(#1322,#1323,#1324,#1325)) ;
#1345=EDGE_LOOP('',(#1346,#1347,#1348)) ;
#1368=EDGE_LOOP('',(#1369,#1370,#1371,#1372)) ;
#1392=EDGE_LOOP('',(#1393,#1394,#1395,#1396)) ;
#1416=EDGE_LOOP('',(#1417,#1418,#1419,#1420)) ;
#1440=EDGE_LOOP('',(#1441,#1442,#1443,#1444)) ;
#1457=EDGE_LOOP('',(#1458,#1459,#1460,#1461)) ;
#1474=EDGE_LOOP('',(#1475,#1476,#1477,#1478)) ;
#1491=EDGE_LOOP('',(#1492,#1493,#1494,#1495)) ;
#1527=EDGE_LOOP('',(#1528,#1529,#1530,#1531,#1532,#1533,#1534,#1535)) ;
#1704=EDGE_LOOP('',(#1705,#1706,#1707,#1708)) ;
#1721=EDGE_LOOP('',(#1722,#1723,#1724,#1725)) ;
#1740=EDGE_LOOP('',(#1741,#1742,#1743,#1744)) ;
#1764=EDGE_LOOP('',(#1765,#1766,#1767,#1768)) ;
#1788=EDGE_LOOP('',(#1789,#1790,#1791,#1792)) ;
#1826=EDGE_LOOP('',(#1827,#1828,#1829,#1830,#1831,#1832)) ;
#1845=EDGE_LOOP('',(#1846,#1847,#1848,#1849)) ;
#1871=EDGE_LOOP('',(#1872,#1873)) ;
#1875=EDGE_LOOP('',(#1876,#1877)) ;
#1890=EDGE_LOOP('',(#1891,#1892,#1893,#1894,#1895)) ;
#1911=EDGE_LOOP('',(#1912,#1913)) ;
#1926=EDGE_LOOP('',(#1927,#1928,#1929,#1930)) ;
#1933=EDGE_LOOP('',(#1934,#1935,#1936,#1937)) ;
#1964=EDGE_LOOP('',(#1965,#1966,#1967,#1968)) ;
#1970=EDGE_LOOP('',(#1971,#1972)) ;
#1980=EDGE_LOOP('',(#1981,#1982,#1983,#1984)) ;
#2024=EDGE_LOOP('',(#2025,#2026)) ;
#2034=EDGE_LOOP('',(#2035,#2036)) ;
#2052=EDGE_LOOP('',(#2053,#2054)) ;
#2081=EDGE_LOOP('',(#2082,#2083,#2084,#2085)) ;
#2093=EDGE_LOOP('',(#2094,#2095,#2096,#2097)) ;
#2119=EDGE_LOOP('',(#2120,#2121)) ;
#2123=EDGE_LOOP('',(#2124,#2125)) ;
#2147=EDGE_LOOP('',(#2148,#2149,#2150,#2151)) ;
#2159=EDGE_LOOP('',(#2160,#2161,#2162,#2163)) ;
#2171=EDGE_LOOP('',(#2172,#2173)) ;
#2189=EDGE_LOOP('',(#2190,#2191)) ;
#2213=EDGE_LOOP('',(#2214,#2215,#2216,#2217)) ;
#2225=EDGE_LOOP('',(#2226,#2227,#2228,#2229)) ;
#2251=EDGE_LOOP('',(#2252,#2253)) ;
#2255=EDGE_LOOP('',(#2256,#2257)) ;
#2279=EDGE_LOOP('',(#2280,#2281,#2282,#2283)) ;
#2291=EDGE_LOOP('',(#2292,#2293,#2294,#2295)) ;
#2315=EDGE_LOOP('',(#2316,#2317,#2318)) ;
#2321=EDGE_LOOP('',(#2322,#2323,#2324)) ;
#2337=EDGE_LOOP('',(#2338,#2339,#2340,#2341)) ;
#2344=EDGE_LOOP('',(#2345,#2346,#2347,#2348)) ;
#21=MANIFOLD_SOLID_BREP('PartBody',#30) ;
#41=VERTEX_POINT('',#40) ;
#43=VERTEX_POINT('',#42) ;
#62=VERTEX_POINT('',#61) ;
#69=VERTEX_POINT('',#68) ;
#122=VERTEX_POINT('',#121) ;
#124=VERTEX_POINT('',#123) ;
#131=VERTEX_POINT('',#130) ;
#138=VERTEX_POINT('',#137) ;
#162=VERTEX_POINT('',#161) ;
#164=VERTEX_POINT('',#163) ;
#193=VERTEX_POINT('',#192) ;
#195=VERTEX_POINT('',#194) ;
#224=VERTEX_POINT('',#223) ;
#226=VERTEX_POINT('',#225) ;
#276=VERTEX_POINT('',#275) ;
#316=VERTEX_POINT('',#315) ;
#323=VERTEX_POINT('',#322) ;
#359=VERTEX_POINT('',#358) ;
#366=VERTEX_POINT('',#365) ;
#373=VERTEX_POINT('',#372) ;
#545=VERTEX_POINT('',#544) ;
#572=VERTEX_POINT('',#571) ;
#601=VERTEX_POINT('',#600) ;
#625=VERTEX_POINT('',#624) ;
#632=VERTEX_POINT('',#631) ;
#673=VERTEX_POINT('',#672) ;
#852=VERTEX_POINT('',#851) ;
#879=VERTEX_POINT('',#878) ;
#886=VERTEX_POINT('',#885) ;
#893=VERTEX_POINT('',#892) ;
#912=VERTEX_POINT('',#911) ;
#919=VERTEX_POINT('',#918) ;
#947=VERTEX_POINT('',#946) ;
#971=VERTEX_POINT('',#970) ;
#994=VERTEX_POINT('',#993) ;
#1152=VERTEX_POINT('',#1151) ;
#1188=VERTEX_POINT('',#1187) ;
#1195=VERTEX_POINT('',#1194) ;
#1202=VERTEX_POINT('',#1201) ;
#1209=VERTEX_POINT('',#1208) ;
#1216=VERTEX_POINT('',#1215) ;
#1223=VERTEX_POINT('',#1222) ;
#1255=VERTEX_POINT('',#1254) ;
#1291=VERTEX_POINT('',#1290) ;
#1314=VERTEX_POINT('',#1313) ;
#1338=VERTEX_POINT('',#1337) ;
#1361=VERTEX_POINT('',#1360) ;
#1385=VERTEX_POINT('',#1384) ;
#1409=VERTEX_POINT('',#1408) ;
#1433=VERTEX_POINT('',#1432) ;
#1503=VERTEX_POINT('',#1502) ;
#1682=VERTEX_POINT('',#1681) ;
#1733=VERTEX_POINT('',#1732) ;
#1757=VERTEX_POINT('',#1756) ;
#1781=VERTEX_POINT('',#1780) ;
#1805=VERTEX_POINT('',#1804) ;
#1812=VERTEX_POINT('',#1811) ;
#1819=VERTEX_POINT('',#1818) ;
#1862=VERTEX_POINT('',#1861) ;
#1864=VERTEX_POINT('',#1863) ;
#1902=VERTEX_POINT('',#1901) ;
#1904=VERTEX_POINT('',#1903) ;
#1950=VERTEX_POINT('',#1949) ;
#1957=VERTEX_POINT('',#1956) ;
#2003=VERTEX_POINT('',#2002) ;
#2005=VERTEX_POINT('',#2004) ;
#2043=VERTEX_POINT('',#2042) ;
#2045=VERTEX_POINT('',#2044) ;
#2067=VERTEX_POINT('',#2066) ;
#2074=VERTEX_POINT('',#2073) ;
#2110=VERTEX_POINT('',#2109) ;
#2112=VERTEX_POINT('',#2111) ;
#2133=VERTEX_POINT('',#2132) ;
#2140=VERTEX_POINT('',#2139) ;
#2180=VERTEX_POINT('',#2179) ;
#2182=VERTEX_POINT('',#2181) ;
#2199=VERTEX_POINT('',#2198) ;
#2206=VERTEX_POINT('',#2205) ;
#2242=VERTEX_POINT('',#2241) ;
#2244=VERTEX_POINT('',#2243) ;
#2265=VERTEX_POINT('',#2264) ;
#2272=VERTEX_POINT('',#2271) ;
#2308=VERTEX_POINT('',#2307) ;
#2351=ADVANCED_BREP_SHAPE_REPRESENTATION('NONE',(#21),#16) ;
#82=ADVANCED_FACE('PartBody',(#81),#35,.F.) ;
#111=ADVANCED_FACE('PartBody',(#110),#35,.F.) ;
#151=ADVANCED_FACE('PartBody',(#150),#116,.T.) ;
#182=ADVANCED_FACE('PartBody',(#181),#156,.T.) ;
#213=ADVANCED_FACE('PartBody',(#212),#187,.F.) ;
#244=ADVANCED_FACE('PartBody',(#243),#218,.F.) ;
#288=ADVANCED_FACE('PartBody',(#287),#249,.F.) ;
#305=ADVANCED_FACE('PartBody',(#304),#293,.F.) ;
#348=ADVANCED_FACE('PartBody',(#347),#310,.T.) ;
#388=ADVANCED_FACE('PartBody',(#387),#353,.T.) ;
#561=ADVANCED_FACE('PartBody',(#560),#389,.F.) ;
#590=ADVANCED_FACE('PartBody',(#585,#589),#566,.F.) ;
#614=ADVANCED_FACE('PartBody',(#613),#595,.F.) ;
#645=ADVANCED_FACE('PartBody',(#644),#619,.F.) ;
#662=ADVANCED_FACE('PartBody',(#661),#650,.T.) ;
#698=ADVANCED_FACE('PartBody',(#697),#667,.T.) ;
#868=ADVANCED_FACE('PartBody',(#867),#699,.F.) ;
#936=ADVANCED_FACE('PartBody',(#935),#873,.F.) ;
#960=ADVANCED_FACE('PartBody',(#959),#941,.F.) ;
#983=ADVANCED_FACE('PartBody',(#982),#965,.F.) ;
#1007=ADVANCED_FACE('PartBody',(#1006),#988,.F.) ;
#1177=ADVANCED_FACE('PartBody',(#1176),#1008,.F.) ;
#1244=ADVANCED_FACE('PartBody',(#1243),#1182,.T.) ;
#1268=ADVANCED_FACE('PartBody',(#1267),#1249,.F.) ;
#1303=ADVANCED_FACE('PartBody',(#1302),#1273,.F.) ;
#1327=ADVANCED_FACE('PartBody',(#1326),#1308,.F.) ;
#1350=ADVANCED_FACE('PartBody',(#1349),#1332,.F.) ;
#1374=ADVANCED_FACE('PartBody',(#1373),#1355,.F.) ;
#1398=ADVANCED_FACE('PartBody',(#1397),#1379,.F.) ;
#1422=ADVANCED_FACE('PartBody',(#1421),#1403,.F.) ;
#1446=ADVANCED_FACE('PartBody',(#1445),#1427,.F.) ;
#1463=ADVANCED_FACE('PartBody',(#1462),#1451,.F.) ;
#1480=ADVANCED_FACE('PartBody',(#1479),#1468,.T.) ;
#1497=ADVANCED_FACE('PartBody',(#1496),#1485,.F.) ;
#1537=ADVANCED_FACE('PartBody',(#1536),#873,.F.) ;
#1710=ADVANCED_FACE('PartBody',(#1709),#1538,.F.) ;
#1727=ADVANCED_FACE('PartBody',(#1726),#1715,.F.) ;
#1746=ADVANCED_FACE('PartBody',(#1745),#116,.T.) ;
#1770=ADVANCED_FACE('PartBody',(#1769),#1751,.T.) ;
#1794=ADVANCED_FACE('PartBody',(#1793),#1775,.T.) ;
#1834=ADVANCED_FACE('PartBody',(#1833),#1799,.T.) ;
#1851=ADVANCED_FACE('PartBody',(#1850),#1839,.T.) ;
#1879=ADVANCED_FACE('PartBody',(#1874,#1878),#1856,.T.) ;
#1915=ADVANCED_FACE('PartBody',(#1896,#1914),#1884,.T.) ;
#1932=ADVANCED_FACE('PartBody',(#1931),#1920,.T.) ;
#1939=ADVANCED_FACE('PartBody',(#1938),#1468,.T.) ;
#1974=ADVANCED_FACE('PartBody',(#1969,#1973),#1944,.T.) ;
#2028=ADVANCED_FACE('PartBody',(#1985,#2027),#1944,.T.) ;
#2056=ADVANCED_FACE('PartBody',(#2037,#2055),#2033,.F.) ;
#2087=ADVANCED_FACE('PartBody',(#2086),#2061,.T.) ;
#2099=ADVANCED_FACE('PartBody',(#2098),#2061,.T.) ;
#2127=ADVANCED_FACE('PartBody',(#2122,#2126),#2104,.T.) ;
#2153=ADVANCED_FACE('PartBody',(#2152),#1944,.T.) ;
#2165=ADVANCED_FACE('PartBody',(#2164),#1944,.T.) ;
#2193=ADVANCED_FACE('PartBody',(#2174,#2192),#2170,.F.) ;
#2219=ADVANCED_FACE('PartBody',(#2218),#2061,.T.) ;
#2231=ADVANCED_FACE('PartBody',(#2230),#2061,.T.) ;
#2259=ADVANCED_FACE('PartBody',(#2254,#2258),#2236,.T.) ;
#2285=ADVANCED_FACE('PartBody',(#2284),#1944,.T.) ;
#2297=ADVANCED_FACE('PartBody',(#2296),#1944,.T.) ;
#2320=ADVANCED_FACE('PartBody',(#2319),#2302,.T.) ;
#2326=ADVANCED_FACE('PartBody',(#2325),#2302,.T.) ;
#2343=ADVANCED_FACE('PartBody',(#2342),#35,.F.) ;
#2350=ADVANCED_FACE('PartBody',(#2349),#35,.F.) ;
#4=APPLICATION_PROTOCOL_DEFINITION('international standard','ap242_managed_model_based_3d_engineering',2014,#1) ;
#45=B_SPLINE_CURVE_WITH_KNOTS('',5,(#46,#47,#48,#49,#50,#51,#52,#53,#54,#55,#56,#57,#58,#59,#60),.UNSPECIFIED.,.F.,.U.,(6,3,3,3,6),(33.4546927858,43.5002026418,48.6024016465,56.1469684933,66.9093844414),.UNSPECIFIED.) ;
#83=B_SPLINE_CURVE_WITH_KNOTS('',5,(#84,#85,#86,#87,#88,#89,#90,#91,#92,#93,#94,#95,#96,#97,#98),.UNSPECIFIED.,.F.,.U.,(6,3,3,3,6),(0.,10.0361432858,15.1385248827,22.6830178526,33.4546927858),.UNSPECIFIED.) ;
#250=B_SPLINE_CURVE_WITH_KNOTS('',5,(#251,#252,#253,#254,#255,#256,#257,#258,#259,#260,#261,#262,#263,#264,#265,#266,#267,#268,#269,#270,#271,#272,#273,#274),.UNSPECIFIED.,.F.,.U.,(6,3,3,3,3,3,3,6),(0.437696956569,0.830396038267,1.22309511997,1.61579420166,2.00849328336,2.40119236506,2.79389144676,3.57928961016),.UNSPECIFIED.) ;
#325=B_SPLINE_CURVE_WITH_KNOTS('',5,(#326,#327,#328,#329,#330,#331,#332,#333,#334,#335,#336,#337,#338,#339,#340),.UNSPECIFIED.,.F.,.U.,(6,3,3,3,6),(0.,9.19613715643,16.5523548865,23.990952882,31.5787509542),.UNSPECIFIED.) ;
#525=B_SPLINE_CURVE_WITH_KNOTS('',5,(#526,#527,#528,#529,#530,#531,#532,#533,#534,#535,#536,#537,#538,#539,#540,#541,#542,#543),.UNSPECIFIED.,.F.,.U.,(6,3,3,3,3,6),(0.,9.19613715643,16.5523548865,23.990952882,30.4193232493,31.5787509542),.UNSPECIFIED.) ;
#547=B_SPLINE_CURVE_WITH_KNOTS('',5,(#548,#549,#550,#551,#552,#553),.UNSPECIFIED.,.F.,.U.,(6,6),(0.,2.),.UNSPECIFIED.) ;
#675=B_SPLINE_CURVE_WITH_KNOTS('',5,(#676,#677,#678,#679,#680,#681,#682,#683,#684,#685,#686,#687,#688,#689,#690),.UNSPECIFIED.,.F.,.U.,(6,3,3,3,6),(31.5793092458,39.437681067,46.1112812301,54.874277888,63.157976325),.UNSPECIFIED.) ;
#835=B_SPLINE_CURVE_WITH_KNOTS('',5,(#836,#837,#838,#839,#840,#841,#842,#843,#844,#845,#846,#847,#848,#849,#850),.UNSPECIFIED.,.F.,.U.,(6,3,3,3,6),(31.5793092458,39.437681067,46.1112812301,54.874277888,63.157976325),.UNSPECIFIED.) ;
#854=B_SPLINE_CURVE_WITH_KNOTS('',5,(#855,#856,#857,#858,#859,#860),.UNSPECIFIED.,.F.,.U.,(6,6),(0.,2.),.UNSPECIFIED.) ;
#895=B_SPLINE_CURVE_WITH_KNOTS('',5,(#896,#897,#898,#899,#900,#901,#902,#903,#904,#905,#906,#907,#908,#909,#910),.UNSPECIFIED.,.F.,.U.,(6,3,3,3,6),(47.5478706673,55.4062424886,62.0798426519,70.8428393098,79.1285345332),.UNSPECIFIED.) ;
#1144=B_SPLINE_CURVE_WITH_KNOTS('',5,(#1145,#1146,#1147,#1148,#1149,#1150),.UNSPECIFIED.,.F.,.U.,(6,6),(0.,2.),.UNSPECIFIED.) ;
#1154=B_SPLINE_CURVE_WITH_KNOTS('',5,(#1155,#1156,#1157,#1158,#1159,#1160,#1161,#1162,#1163,#1164,#1165,#1166,#1167,#1168,#1169),.UNSPECIFIED.,.F.,.U.,(6,3,3,3,6),(47.5478706673,55.4062424886,62.0798426519,70.8428393098,79.1285322863),.UNSPECIFIED.) ;
#1274=B_SPLINE_CURVE_WITH_KNOTS('',5,(#1275,#1276,#1277,#1278,#1279,#1280,#1281,#1282,#1283,#1284,#1285,#1286,#1287,#1288,#1289),.UNSPECIFIED.,.F.,.U.,(6,3,3,3,6),(8.80027505343,9.58567321683,10.3710713802,11.1564695436,11.941867707),.UNSPECIFIED.) ;
#1505=B_SPLINE_CURVE_WITH_KNOTS('',5,(#1506,#1507,#1508,#1509,#1510,#1511,#1512,#1513,#1514,#1515,#1516,#1517,#1518,#1519,#1520),.UNSPECIFIED.,.F.,.U.,(6,3,3,3,6),(47.1897789248,56.3859160813,63.7421338117,71.1807318075,78.7685298797),.UNSPECIFIED.) ;
#1674=B_SPLINE_CURVE_WITH_KNOTS('',5,(#1675,#1676,#1677,#1678,#1679,#1680),.UNSPECIFIED.,.F.,.U.,(6,6),(0.,2.),.UNSPECIFIED.) ;
#1684=B_SPLINE_CURVE_WITH_KNOTS('',5,(#1685,#1686,#1687,#1688,#1689,#1690,#1691,#1692,#1693,#1694,#1695,#1696,#1697,#1698,#1699,#1700,#1701,#1702),.UNSPECIFIED.,.F.,.U.,(6,3,3,3,3,6),(47.1897789248,56.3859160813,63.7421338117,71.1807318075,77.609102175,78.7685298797),.UNSPECIFIED.) ;
#1986=B_SPLINE_CURVE_WITH_KNOTS('',5,(#1987,#1988,#1989,#1990,#1991,#1992,#1993,#1994,#1995,#1996,#1997,#1998,#1999,#2000,#2001),.UNSPECIFIED.,.F.,.U.,(6,3,3,3,6),(33.4546584064,40.6337035824,51.4332262768,60.967627318,66.9090431888),.UNSPECIFIED.) ;
#2007=B_SPLINE_CURVE_WITH_KNOTS('',5,(#2008,#2009,#2010,#2011,#2012,#2013,#2014,#2015,#2016,#2017,#2018,#2019,#2020,#2021,#2022),.UNSPECIFIED.,.F.,.U.,(6,3,3,3,6),(0.,9.79425628407,17.976328963,27.5106648028,33.4546584064),.UNSPECIFIED.) ;
#389=B_SPLINE_SURFACE_WITH_KNOTS('',5,5,((#390,#391,#392,#393,#394,#395,#396,#397,#398),(#399,#400,#401,#402,#403,#404,#405,#406,#407),(#408,#409,#410,#411,#412,#413,#414,#415,#416),(#417,#418,#419,#420,#421,#422,#423,#424,#425),(#426,#427,#428,#429,#430,#431,#432,#433,#434),(#435,#436,#437,#438,#439,#440,#441,#442,#443),(#444,#445,#446,#447,#448,#449,#450,#451,#452),(#453,#454,#455,#456,#457,#458,#459,#460,#461),(#462,#463,#464,#465,#466,#467,#468,#469,#470),(#471,#472,#473,#474,#475,#476,#477,#478,#479),(#480,#481,#482,#483,#484,#485,#486,#487,#488),(#489,#490,#491,#492,#493,#494,#495,#496,#497),(#498,#499,#500,#501,#502,#503,#504,#505,#506),(#507,#508,#509,#510,#511,#512,#513,#514,#515),(#516,#517,#518,#519,#520,#521,#522,#523,#524)),.UNSPECIFIED.,.F.,.F.,.U.,(6,3,3,3,6),(6,3,6),(0.,9.19613715643,16.5523548865,23.990952882,31.5787509542),(0.,1.,2.),.UNSPECIFIED.) ;
#699=B_SPLINE_SURFACE_WITH_KNOTS('',5,5,((#700,#701,#702,#703,#704,#705,#706,#707,#708),(#709,#710,#711,#712,#713,#714,#715,#716,#717),(#718,#719,#720,#721,#722,#723,#724,#725,#726),(#727,#728,#729,#730,#731,#732,#733,#734,#735),(#736,#737,#738,#739,#740,#741,#742,#743,#744),(#745,#746,#747,#748,#749,#750,#751,#752,#753),(#754,#755,#756,#757,#758,#759,#760,#761,#762),(#763,#764,#765,#766,#767,#768,#769,#770,#771),(#772,#773,#774,#775,#776,#777,#778,#779,#780),(#781,#782,#783,#784,#785,#786,#787,#788,#789),(#790,#791,#792,#793,#794,#795,#796,#797,#798),(#799,#800,#801,#802,#803,#804,#805,#806,#807),(#808,#809,#810,#811,#812,#813,#814,#815,#816),(#817,#818,#819,#820,#821,#822,#823,#824,#825),(#826,#827,#828,#829,#830,#831,#832,#833,#834)),.UNSPECIFIED.,.F.,.F.,.U.,(6,3,3,3,6),(6,3,6),(31.5793092458,39.437681067,46.1112812301,54.874277888,63.157976325),(0.,1.,2.),.UNSPECIFIED.) ;
#1008=B_SPLINE_SURFACE_WITH_KNOTS('',5,5,((#1009,#1010,#1011,#1012,#1013,#1014,#1015,#1016,#1017),(#1018,#1019,#1020,#1021,#1022,#1023,#1024,#1025,#1026),(#1027,#1028,#1029,#1030,#1031,#1032,#1033,#1034,#1035),(#1036,#1037,#1038,#1039,#1040,#1041,#1042,#1043,#1044),(#1045,#1046,#1047,#1048,#1049,#1050,#1051,#1052,#1053),(#1054,#1055,#1056,#1057,#1058,#1059,#1060,#1061,#1062),(#1063,#1064,#1065,#1066,#1067,#1068,#1069,#1070,#1071),(#1072,#1073,#1074,#1075,#1076,#1077,#1078,#1079,#1080),(#1081,#1082,#1083,#1084,#1085,#1086,#1087,#1088,#1089),(#1090,#1091,#1092,#1093,#1094,#1095,#1096,#1097,#1098),(#1099,#1100,#1101,#1102,#1103,#1104,#1105,#1106,#1107),(#1108,#1109,#1110,#1111,#1112,#1113,#1114,#1115,#1116),(#1117,#1118,#1119,#1120,#1121,#1122,#1123,#1124,#1125),(#1126,#1127,#1128,#1129,#1130,#1131,#1132,#1133,#1134),(#1135,#1136,#1137,#1138,#1139,#1140,#1141,#1142,#1143)),.UNSPECIFIED.,.F.,.F.,.U.,(6,3,3,3,6),(6,3,6),(47.5478706673,55.4062424886,62.0798426519,70.8428393098,79.1285364215),(0.,1.,2.),.UNSPECIFIED.) ;
#1538=B_SPLINE_SURFACE_WITH_KNOTS('',5,5,((#1539,#1540,#1541,#1542,#1543,#1544,#1545,#1546,#1547),(#1548,#1549,#1550,#1551,#1552,#1553,#1554,#1555,#1556),(#1557,#1558,#1559,#1560,#1561,#1562,#1563,#1564,#1565),(#1566,#1567,#1568,#1569,#1570,#1571,#1572,#1573,#1574),(#1575,#1576,#1577,#1578,#1579,#1580,#1581,#1582,#1583),(#1584,#1585,#1586,#1587,#1588,#1589,#1590,#1591,#1592),(#1593,#1594,#1595,#1596,#1597,#1598,#1599,#1600,#1601),(#1602,#1603,#1604,#1605,#1606,#1607,#1608,#1609,#1610),(#1611,#1612,#1613,#1614,#1615,#1616,#1617,#1618,#1619),(#1620,#1621,#1622,#1623,#1624,#1625,#1626,#1627,#1628),(#1629,#1630,#1631,#1632,#1633,#1634,#1635,#1636,#1637),(#1638,#1639,#1640,#1641,#1642,#1643,#1644,#1645,#1646),(#1647,#1648,#1649,#1650,#1651,#1652,#1653,#1654,#1655),(#1656,#1657,#1658,#1659,#1660,#1661,#1662,#1663,#1664),(#1665,#1666,#1667,#1668,#1669,#1670,#1671,#1672,#1673)),.UNSPECIFIED.,.F.,.F.,.U.,(6,3,3,3,6),(6,3,6),(47.1897789248,56.3859160813,63.7421338117,71.1807318075,78.7685298797),(0.,1.,2.),.UNSPECIFIED.) ;
#22=COLOUR_RGB('Colour',0.823529411765,0.823529411765,1.) ;
#81=FACE_OUTER_BOUND('',#76,.T.) ;
#110=FACE_OUTER_BOUND('',#105,.T.) ;
#150=FACE_OUTER_BOUND('',#145,.T.) ;
#181=FACE_OUTER_BOUND('',#176,.T.) ;
#212=FACE_OUTER_BOUND('',#207,.T.) ;
#243=FACE_OUTER_BOUND('',#238,.T.) ;
#287=FACE_OUTER_BOUND('',#283,.T.) ;
#304=FACE_OUTER_BOUND('',#299,.T.) ;
#347=FACE_OUTER_BOUND('',#342,.T.) ;
#387=FACE_OUTER_BOUND('',#380,.T.) ;
#560=FACE_OUTER_BOUND('',#555,.T.) ;
#585=FACE_OUTER_BOUND('',#579,.T.) ;
#613=FACE_OUTER_BOUND('',#608,.T.) ;
#644=FACE_OUTER_BOUND('',#639,.T.) ;
#661=FACE_OUTER_BOUND('',#656,.T.) ;
#697=FACE_OUTER_BOUND('',#692,.T.) ;
#867=FACE_OUTER_BOUND('',#862,.T.) ;
#935=FACE_OUTER_BOUND('',#926,.T.) ;
#959=FACE_OUTER_BOUND('',#954,.T.) ;
#982=FACE_OUTER_BOUND('',#978,.T.) ;
#1006=FACE_OUTER_BOUND('',#1001,.T.) ;
#1176=FACE_OUTER_BOUND('',#1171,.T.) ;
#1243=FACE_OUTER_BOUND('',#1230,.T.) ;
#1267=FACE_OUTER_BOUND('',#1262,.T.) ;
#1302=FACE_OUTER_BOUND('',#1298,.T.) ;
#1326=FACE_OUTER_BOUND('',#1321,.T.) ;
#1349=FACE_OUTER_BOUND('',#1345,.T.) ;
#1373=FACE_OUTER_BOUND('',#1368,.T.) ;
#1397=FACE_OUTER_BOUND('',#1392,.T.) ;
#1421=FACE_OUTER_BOUND('',#1416,.T.) ;
#1445=FACE_OUTER_BOUND('',#1440,.T.) ;
#1462=FACE_OUTER_BOUND('',#1457,.T.) ;
#1479=FACE_OUTER_BOUND('',#1474,.T.) ;
#1496=FACE_OUTER_BOUND('',#1491,.T.) ;
#1536=FACE_OUTER_BOUND('',#1527,.T.) ;
#1709=FACE_OUTER_BOUND('',#1704,.T.) ;
#1726=FACE_OUTER_BOUND('',#1721,.T.) ;
#1745=FACE_OUTER_BOUND('',#1740,.T.) ;
#1769=FACE_OUTER_BOUND('',#1764,.T.) ;
#1793=FACE_OUTER_BOUND('',#1788,.T.) ;
#1833=FACE_OUTER_BOUND('',#1826,.T.) ;
#1850=FACE_OUTER_BOUND('',#1845,.T.) ;
#1874=FACE_OUTER_BOUND('',#1871,.T.) ;
#1896=FACE_OUTER_BOUND('',#1890,.T.) ;
#1931=FACE_OUTER_BOUND('',#1926,.T.) ;
#1938=FACE_OUTER_BOUND('',#1933,.T.) ;
#1969=FACE_OUTER_BOUND('',#1964,.T.) ;
#1985=FACE_OUTER_BOUND('',#1980,.T.) ;
#2037=FACE_OUTER_BOUND('',#2034,.T.) ;
#2086=FACE_OUTER_BOUND('',#2081,.T.) ;
#2098=FACE_OUTER_BOUND('',#2093,.T.) ;
#2122=FACE_OUTER_BOUND('',#2119,.T.) ;
#2152=FACE_OUTER_BOUND('',#2147,.T.) ;
#2164=FACE_OUTER_BOUND('',#2159,.T.) ;
#2174=FACE_OUTER_BOUND('',#2171,.T.) ;
#2218=FACE_OUTER_BOUND('',#2213,.T.) ;
#2230=FACE_OUTER_BOUND('',#2225,.T.) ;
#2254=FACE_OUTER_BOUND('',#2251,.T.) ;
#2284=FACE_OUTER_BOUND('',#2279,.T.) ;
#2296=FACE_OUTER_BOUND('',#2291,.T.) ;
#2319=FACE_OUTER_BOUND('',#2315,.T.) ;
#2325=FACE_OUTER_BOUND('',#2321,.T.) ;
#2342=FACE_OUTER_BOUND('',#2337,.T.) ;
#2349=FACE_OUTER_BOUND('',#2344,.T.) ;
#9=PRODUCT_CATEGORY_RELATIONSHIP(' ',' ',#7,#8) ;
#6=PRODUCT_DEFINITION_FORMATION_WITH_SPECIFIED_SOURCE('',' ',#5,.NOT_KNOWN.) ;
#20=SHAPE_DEFINITION_REPRESENTATION(#11,#19) ;
#12=(LENGTH_UNIT()NAMED_UNIT(*)SI_UNIT(.MILLI.,.METRE.)) ;
#13=(NAMED_UNIT(*)PLANE_ANGLE_UNIT()SI_UNIT($,.RADIAN.)) ;
#14=(NAMED_UNIT(*)SI_UNIT($,.STERADIAN.)SOLID_ANGLE_UNIT()) ;
#16=(GEOMETRIC_REPRESENTATION_CONTEXT(3)GLOBAL_UNCERTAINTY_ASSIGNED_CONTEXT((#15))GLOBAL_UNIT_ASSIGNED_CONTEXT((#12,#13,#14))REPRESENTATION_CONTEXT(' ',' ')) ;
ENDSEC;
END-ISO-10303-21;
