ISO-10303-21;
HEADER;
FILE_DESCRIPTION(('FreeCAD Model'),'2;1');
FILE_NAME('Open CASCADE Shape Model','2025-10-19T21:20:09',('Author'),(
    ''),'Open CASCADE STEP processor 7.8','FreeCAD','Unknown');
FILE_SCHEMA(('AUTOMOTIVE_DESIGN { 1 0 10303 214 1 1 1 1 }'));
ENDSEC;
DATA;
#1 = APPLICATION_PROTOCOL_DEFINITION('international standard',
  'automotive_design',2000,#2);
#2 = APPLICATION_CONTEXT(
  'core data for automotive mechanical design processes');
#3 = SHAPE_DEFINITION_REPRESENTATION(#4,#10);
#4 = PRODUCT_DEFINITION_SHAPE('','',#5);
#5 = PRODUCT_DEFINITION('design','',#6,#9);
#6 = PRODUCT_DEFINITION_FORMATION('','',#7);
#7 = PRODUCT('Zawartość','Zawartość','',(#8));
#8 = PRODUCT_CONTEXT('',#2,'mechanical');
#9 = PRODUCT_DEFINITION_CONTEXT('part definition',#2,'design');
#10 = ADVANCED_BREP_SHAPE_REPRESENTATION('',(#11,#15),#3075);
#11 = AXIS2_PLACEMENT_3D('',#12,#13,#14);
#12 = CARTESIAN_POINT('',(0.,0.,0.));
#13 = DIRECTION('',(0.,0.,1.));
#14 = DIRECTION('',(1.,0.,-0.));
#15 = MANIFOLD_SOLID_BREP('',#16);
#16 = CLOSED_SHELL('',(#17,#1379,#1405,#1432,#1494,#1740,#1767,#1773,
    #1808,#1886,#1913,#1940,#1945,#1950,#2000,#2076,#2130,#2180,#2259,
    #2311,#2361,#2411,#2438,#2493,#2520,#2531,#2566,#2621,#2656,#2711,
    #2746,#2801,#2836,#2891,#2926,#2981,#3016,#3071));
#17 = ADVANCED_FACE('',(#18,#742),#33,.T.);
#18 = FACE_BOUND('',#19,.F.);
#19 = EDGE_LOOP('',(#20,#60,#83,#110,#111,#139,#254,#282,#397,#426,#449,
    #476,#477,#501,#611,#634));
#20 = ORIENTED_EDGE('',*,*,#21,.T.);
#21 = EDGE_CURVE('',#22,#24,#26,.T.);
#22 = VERTEX_POINT('',#23);
#23 = CARTESIAN_POINT('',(37.5,-15.29705854077,16.5));
#24 = VERTEX_POINT('',#25);
#25 = CARTESIAN_POINT('',(40.5,3.663735981263E-15,16.5));
#26 = SURFACE_CURVE('',#27,(#32,#44),.PCURVE_S1.);
#27 = CIRCLE('',#28,40.5);
#28 = AXIS2_PLACEMENT_3D('',#29,#30,#31);
#29 = CARTESIAN_POINT('',(0.,3.663735981263E-15,16.5));
#30 = DIRECTION('',(-0.,2.22044604925E-16,1.));
#31 = DIRECTION('',(1.,0.,0.));
#32 = PCURVE('',#33,#38);
#33 = CYLINDRICAL_SURFACE('',#34,40.5);
#34 = AXIS2_PLACEMENT_3D('',#35,#36,#37);
#35 = CARTESIAN_POINT('',(0.,0.,0.));
#36 = DIRECTION('',(0.,2.22044604925E-16,1.));
#37 = DIRECTION('',(1.,0.,0.));
#38 = DEFINITIONAL_REPRESENTATION('',(#39),#43);
#39 = LINE('',#40,#41);
#40 = CARTESIAN_POINT('',(-6.28318530718,16.5));
#41 = VECTOR('',#42,1.);
#42 = DIRECTION('',(1.,-0.));
#43 = ( GEOMETRIC_REPRESENTATION_CONTEXT(2) 
PARAMETRIC_REPRESENTATION_CONTEXT() REPRESENTATION_CONTEXT('2D SPACE',''
  ) );
#44 = PCURVE('',#45,#50);
#45 = PLANE('',#46);
#46 = AXIS2_PLACEMENT_3D('',#47,#48,#49);
#47 = CARTESIAN_POINT('',(35.5,-36.,16.5));
#48 = DIRECTION('',(0.,-2.22044604925E-16,-1.));
#49 = DIRECTION('',(1.,0.,0.));
#50 = DEFINITIONAL_REPRESENTATION('',(#51),#59);
#51 = ( BOUNDED_CURVE() B_SPLINE_CURVE(2,(#52,#53,#54,#55,#56,#57,#58),
.UNSPECIFIED.,.T.,.F.) B_SPLINE_CURVE_WITH_KNOTS((1,2,2,2,2,1),(
    -2.094395102393,0.,2.094395102393,4.188790204786,6.28318530718,
8.377580409573),.UNSPECIFIED.) CURVE() GEOMETRIC_REPRESENTATION_ITEM() 
RATIONAL_B_SPLINE_CURVE((1.,0.5,1.,0.5,1.,0.5,1.)) REPRESENTATION_ITEM(
  '') );
#52 = CARTESIAN_POINT('',(5.,-36.));
#53 = CARTESIAN_POINT('',(5.,-106.1480577065));
#54 = CARTESIAN_POINT('',(-55.75,-71.07402885327));
#55 = CARTESIAN_POINT('',(-116.5,-36.));
#56 = CARTESIAN_POINT('',(-55.75,-0.92597114673));
#57 = CARTESIAN_POINT('',(5.,34.14805770654));
#58 = CARTESIAN_POINT('',(5.,-36.));
#59 = ( GEOMETRIC_REPRESENTATION_CONTEXT(2) 
PARAMETRIC_REPRESENTATION_CONTEXT() REPRESENTATION_CONTEXT('2D SPACE',''
  ) );
#60 = ORIENTED_EDGE('',*,*,#61,.F.);
#61 = EDGE_CURVE('',#62,#24,#64,.T.);
#62 = VERTEX_POINT('',#63);
#63 = CARTESIAN_POINT('',(40.5,0.,0.));
#64 = SEAM_CURVE('',#65,(#69,#76),.PCURVE_S1.);
#65 = LINE('',#66,#67);
#66 = CARTESIAN_POINT('',(40.5,0.,0.));
#67 = VECTOR('',#68,1.);
#68 = DIRECTION('',(0.,2.22044604925E-16,1.));
#69 = PCURVE('',#33,#70);
#70 = DEFINITIONAL_REPRESENTATION('',(#71),#75);
#71 = LINE('',#72,#73);
#72 = CARTESIAN_POINT('',(-0.,0.));
#73 = VECTOR('',#74,1.);
#74 = DIRECTION('',(-0.,1.));
#75 = ( GEOMETRIC_REPRESENTATION_CONTEXT(2) 
PARAMETRIC_REPRESENTATION_CONTEXT() REPRESENTATION_CONTEXT('2D SPACE',''
  ) );
#76 = PCURVE('',#33,#77);
#77 = DEFINITIONAL_REPRESENTATION('',(#78),#82);
#78 = LINE('',#79,#80);
#79 = CARTESIAN_POINT('',(-6.28318530718,0.));
#80 = VECTOR('',#81,1.);
#81 = DIRECTION('',(-0.,1.));
#82 = ( GEOMETRIC_REPRESENTATION_CONTEXT(2) 
PARAMETRIC_REPRESENTATION_CONTEXT() REPRESENTATION_CONTEXT('2D SPACE',''
  ) );
#83 = ORIENTED_EDGE('',*,*,#84,.T.);
#84 = EDGE_CURVE('',#62,#62,#85,.T.);
#85 = SURFACE_CURVE('',#86,(#91,#98),.PCURVE_S1.);
#86 = CIRCLE('',#87,40.5);
#87 = AXIS2_PLACEMENT_3D('',#88,#89,#90);
#88 = CARTESIAN_POINT('',(0.,0.,0.));
#89 = DIRECTION('',(0.,-2.22044604925E-16,-1.));
#90 = DIRECTION('',(1.,0.,0.));
#91 = PCURVE('',#33,#92);
#92 = DEFINITIONAL_REPRESENTATION('',(#93),#97);
#93 = LINE('',#94,#95);
#94 = CARTESIAN_POINT('',(-0.,0.));
#95 = VECTOR('',#96,1.);
#96 = DIRECTION('',(-1.,0.));
#97 = ( GEOMETRIC_REPRESENTATION_CONTEXT(2) 
PARAMETRIC_REPRESENTATION_CONTEXT() REPRESENTATION_CONTEXT('2D SPACE',''
  ) );
#98 = PCURVE('',#99,#104);
#99 = PLANE('',#100);
#100 = AXIS2_PLACEMENT_3D('',#101,#102,#103);
#101 = CARTESIAN_POINT('',(0.,0.,0.));
#102 = DIRECTION('',(0.,-2.22044604925E-16,-1.));
#103 = DIRECTION('',(1.,0.,0.));
#104 = DEFINITIONAL_REPRESENTATION('',(#105),#109);
#105 = CIRCLE('',#106,40.5);
#106 = AXIS2_PLACEMENT_2D('',#107,#108);
#107 = CARTESIAN_POINT('',(0.,0.));
#108 = DIRECTION('',(1.,-0.));
#109 = ( GEOMETRIC_REPRESENTATION_CONTEXT(2) 
PARAMETRIC_REPRESENTATION_CONTEXT() REPRESENTATION_CONTEXT('2D SPACE',''
  ) );
#110 = ORIENTED_EDGE('',*,*,#61,.T.);
#111 = ORIENTED_EDGE('',*,*,#112,.T.);
#112 = EDGE_CURVE('',#24,#113,#115,.T.);
#113 = VERTEX_POINT('',#114);
#114 = CARTESIAN_POINT('',(37.5,15.297058540778,16.5));
#115 = SURFACE_CURVE('',#116,(#121,#128),.PCURVE_S1.);
#116 = CIRCLE('',#117,40.5);
#117 = AXIS2_PLACEMENT_3D('',#118,#119,#120);
#118 = CARTESIAN_POINT('',(0.,3.663735981263E-15,16.5));
#119 = DIRECTION('',(-0.,2.22044604925E-16,1.));
#120 = DIRECTION('',(1.,0.,0.));
#121 = PCURVE('',#33,#122);
#122 = DEFINITIONAL_REPRESENTATION('',(#123),#127);
#123 = LINE('',#124,#125);
#124 = CARTESIAN_POINT('',(-6.28318530718,16.5));
#125 = VECTOR('',#126,1.);
#126 = DIRECTION('',(1.,-0.));
#127 = ( GEOMETRIC_REPRESENTATION_CONTEXT(2) 
PARAMETRIC_REPRESENTATION_CONTEXT() REPRESENTATION_CONTEXT('2D SPACE',''
  ) );
#128 = PCURVE('',#45,#129);
#129 = DEFINITIONAL_REPRESENTATION('',(#130),#138);
#130 = ( BOUNDED_CURVE() B_SPLINE_CURVE(2,(#131,#132,#133,#134,#135,#136
,#137),.UNSPECIFIED.,.T.,.F.) B_SPLINE_CURVE_WITH_KNOTS((1,2,2,2,2,1),(
    -2.094395102393,0.,2.094395102393,4.188790204786,6.28318530718,
8.377580409573),.UNSPECIFIED.) CURVE() GEOMETRIC_REPRESENTATION_ITEM() 
RATIONAL_B_SPLINE_CURVE((1.,0.5,1.,0.5,1.,0.5,1.)) REPRESENTATION_ITEM(
  '') );
#131 = CARTESIAN_POINT('',(5.,-36.));
#132 = CARTESIAN_POINT('',(5.,-106.1480577065));
#133 = CARTESIAN_POINT('',(-55.75,-71.07402885327));
#134 = CARTESIAN_POINT('',(-116.5,-36.));
#135 = CARTESIAN_POINT('',(-55.75,-0.92597114673));
#136 = CARTESIAN_POINT('',(5.,34.14805770654));
#137 = CARTESIAN_POINT('',(5.,-36.));
#138 = ( GEOMETRIC_REPRESENTATION_CONTEXT(2) 
PARAMETRIC_REPRESENTATION_CONTEXT() REPRESENTATION_CONTEXT('2D SPACE',''
  ) );
#139 = ORIENTED_EDGE('',*,*,#140,.T.);
#140 = EDGE_CURVE('',#113,#141,#143,.T.);
#141 = VERTEX_POINT('',#142);
#142 = CARTESIAN_POINT('',(35.5,19.493588689618,18.5));
#143 = SURFACE_CURVE('',#144,(#177,#213),.PCURVE_S1.);
#144 = B_SPLINE_CURVE_WITH_KNOTS('',7,(#145,#146,#147,#148,#149,#150,
    #151,#152,#153,#154,#155,#156,#157,#158,#159,#160,#161,#162,#163,
    #164,#165,#166,#167,#168,#169,#170,#171,#172,#173,#174,#175,#176),
  .UNSPECIFIED.,.F.,.F.,(8,6,6,6,6,8),(0.,0.333484099239,0.605439596242,
    0.834466708299,0.898700808592,1.),.UNSPECIFIED.);
#145 = CARTESIAN_POINT('',(37.5,15.297058540778,16.5));
#146 = CARTESIAN_POINT('',(37.400197415471,15.541719755212,16.5));
#147 = CARTESIAN_POINT('',(37.29844400464,15.785838356907,
    16.505810213006));
#148 = CARTESIAN_POINT('',(37.194782413455,16.029292837122,
    16.517840296105));
#149 = CARTESIAN_POINT('',(37.089301395439,16.271862321788,
    16.536599833301));
#150 = CARTESIAN_POINT('',(36.982146662029,16.513222825368,
    16.562724097487));
#151 = CARTESIAN_POINT('',(36.873529974296,16.752947893194,
    16.596982415804));
#152 = CARTESIAN_POINT('',(36.674226313881,17.184198067691,
    16.675892317218));
#153 = CARTESIAN_POINT('',(36.583987984709,17.376327367574,
    16.717436342526));
#154 = CARTESIAN_POINT('',(36.493150970734,17.56668528236,16.76566902621
    ));
#155 = CARTESIAN_POINT('',(36.401950299081,17.754840700146,
    16.821287589849));
#156 = CARTESIAN_POINT('',(36.310771673055,17.940096578906,
    16.885152829533));
#157 = CARTESIAN_POINT('',(36.220158859427,18.121509838444,
    16.958248532385));
#158 = CARTESIAN_POINT('',(36.055741382997,18.446170106673,
    17.112646819802));
#159 = CARTESIAN_POINT('',(35.981737638509,18.590533799539,
    17.190647694641));
#160 = CARTESIAN_POINT('',(35.909166945329,18.730461329801,
    17.277073564785));
#161 = CARTESIAN_POINT('',(35.838751370117,18.8647078961,17.372965513474
    ));
#162 = CARTESIAN_POINT('',(35.771727904767,18.991137177089,
    17.479384183841));
#163 = CARTESIAN_POINT('',(35.709789639444,19.106913479964,
    17.597187046234));
#164 = CARTESIAN_POINT('',(35.639967319318,19.236521756263,
    17.763898315355));
#165 = CARTESIAN_POINT('',(35.625269215979,19.263742100078,
    17.801359024638));
#166 = CARTESIAN_POINT('',(35.611222089444,19.289700092611,
    17.839769670613));
#167 = CARTESIAN_POINT('',(35.59788789389,19.314290788831,
    17.879125271575));
#168 = CARTESIAN_POINT('',(35.585332828768,19.337401967261,
    17.91940897089));
#169 = CARTESIAN_POINT('',(35.573625266096,19.358917689036,
    17.96058976404));
#170 = CARTESIAN_POINT('',(35.545815004341,19.409953651088,
    18.068903582303));
#171 = CARTESIAN_POINT('',(35.5310628335,19.436949964995,18.137344120603
    ));
#172 = CARTESIAN_POINT('',(35.518868560576,19.459212807056,
    18.207689801837));
#173 = CARTESIAN_POINT('',(35.509497202265,19.476293368527,
    18.279606454199));
#174 = CARTESIAN_POINT('',(35.50316431476,19.487826064447,
    18.352668959546));
#175 = CARTESIAN_POINT('',(35.5,19.493588689618,18.426349090798));
#176 = CARTESIAN_POINT('',(35.5,19.493588689618,18.5));
#177 = PCURVE('',#33,#178);
#178 = DEFINITIONAL_REPRESENTATION('',(#179),#212);
#179 = B_SPLINE_CURVE_WITH_KNOTS('',7,(#180,#181,#182,#183,#184,#185,
    #186,#187,#188,#189,#190,#191,#192,#193,#194,#195,#196,#197,#198,
    #199,#200,#201,#202,#203,#204,#205,#206,#207,#208,#209,#210,#211),
  .UNSPECIFIED.,.F.,.F.,(8,6,6,6,6,8),(0.,0.333484099239,0.605439596242,
    0.834466708299,0.898700808592,1.),.UNSPECIFIED.);
#180 = CARTESIAN_POINT('',(-5.895868706291,16.5));
#181 = CARTESIAN_POINT('',(-5.889344407239,16.5));
#182 = CARTESIAN_POINT('',(-5.882814320089,16.505810213006));
#183 = CARTESIAN_POINT('',(-5.876281166945,16.517840296105));
#184 = CARTESIAN_POINT('',(-5.869750367963,16.536599833301));
#185 = CARTESIAN_POINT('',(-5.863230233169,16.562724097487));
#186 = CARTESIAN_POINT('',(-5.856732051181,16.596982415804));
#187 = CARTESIAN_POINT('',(-5.845001741732,16.675892317218));
#188 = CARTESIAN_POINT('',(-5.839760719442,16.717436342526));
#189 = CARTESIAN_POINT('',(-5.834552959724,16.76566902621));
#190 = CARTESIAN_POINT('',(-5.829390332278,16.821287589849));
#191 = CARTESIAN_POINT('',(-5.824292245224,16.885152829533));
#192 = CARTESIAN_POINT('',(-5.819285303609,16.958248532385));
#193 = CARTESIAN_POINT('',(-5.810299637151,17.112646819802));
#194 = CARTESIAN_POINT('',(-5.806294093532,17.190647694641));
#195 = CARTESIAN_POINT('',(-5.802402141172,17.277073564785));
#196 = CARTESIAN_POINT('',(-5.7986591684,17.372965513474));
#197 = CARTESIAN_POINT('',(-5.795125971857,17.479384183841));
#198 = CARTESIAN_POINT('',(-5.791883933892,17.597187046234));
#199 = CARTESIAN_POINT('',(-5.788248894531,17.763898315355));
#200 = CARTESIAN_POINT('',(-5.787485064884,17.801359024638));
#201 = CARTESIAN_POINT('',(-5.786756298274,17.839769670613));
#202 = CARTESIAN_POINT('',(-5.78606560097,17.879125271575));
#203 = CARTESIAN_POINT('',(-5.785416187427,17.91940897089));
#204 = CARTESIAN_POINT('',(-5.784811378623,17.96058976404));
#205 = CARTESIAN_POINT('',(-5.78337628595,18.068903582303));
#206 = CARTESIAN_POINT('',(-5.782616680026,18.137344120603));
#207 = CARTESIAN_POINT('',(-5.781989921266,18.207689801837));
#208 = CARTESIAN_POINT('',(-5.781508871877,18.279606454199));
#209 = CARTESIAN_POINT('',(-5.781184005871,18.352668959546));
#210 = CARTESIAN_POINT('',(-5.78102167877,18.426349090798));
#211 = CARTESIAN_POINT('',(-5.78102167877,18.5));
#212 = ( GEOMETRIC_REPRESENTATION_CONTEXT(2) 
PARAMETRIC_REPRESENTATION_CONTEXT() REPRESENTATION_CONTEXT('2D SPACE',''
  ) );
#213 = PCURVE('',#214,#219);
#214 = CYLINDRICAL_SURFACE('',#215,2.);
#215 = AXIS2_PLACEMENT_3D('',#216,#217,#218);
#216 = CARTESIAN_POINT('',(37.5,-19.49358868961,18.5));
#217 = DIRECTION('',(0.,1.,-2.22044604925E-16));
#218 = DIRECTION('',(0.,-2.22044604925E-16,-1.));
#219 = DEFINITIONAL_REPRESENTATION('',(#220),#253);
#220 = B_SPLINE_CURVE_WITH_KNOTS('',7,(#221,#222,#223,#224,#225,#226,
    #227,#228,#229,#230,#231,#232,#233,#234,#235,#236,#237,#238,#239,
    #240,#241,#242,#243,#244,#245,#246,#247,#248,#249,#250,#251,#252),
  .UNSPECIFIED.,.F.,.F.,(8,6,6,6,6,8),(0.,0.333484099239,0.605439596242,
    0.834466708299,0.898700808592,1.),.UNSPECIFIED.);
#221 = CARTESIAN_POINT('',(0.,34.790647230396));
#222 = CARTESIAN_POINT('',(4.990129226467E-02,35.03530844483));
#223 = CARTESIAN_POINT('',(0.100777941668,35.279427046525));
#224 = CARTESIAN_POINT('',(0.152811984315,35.52288152674));
#225 = CARTESIAN_POINT('',(0.206196337312,35.765451011406));
#226 = CARTESIAN_POINT('',(0.261155588381,36.006811514986));
#227 = CARTESIAN_POINT('',(0.317955919471,36.246536582812));
#228 = CARTESIAN_POINT('',(0.425134184054,36.677786757309));
#229 = CARTESIAN_POINT('',(0.474731456539,36.869916057192));
#230 = CARTESIAN_POINT('',(0.526021366002,37.060273971978));
#231 = CARTESIAN_POINT('',(0.579251109962,37.248429389764));
#232 = CARTESIAN_POINT('',(0.634717712222,37.433685268524));
#233 = CARTESIAN_POINT('',(0.692763504034,37.615098528062));
#234 = CARTESIAN_POINT('',(0.805537545498,37.939758796291));
#235 = CARTESIAN_POINT('',(0.859208129543,38.084122489157));
#236 = CARTESIAN_POINT('',(0.915465393831,38.224050019418));
#237 = CARTESIAN_POINT('',(0.974703027983,38.358296585718));
#238 = CARTESIAN_POINT('',(1.03730070446,38.484725866707));
#239 = CARTESIAN_POINT('',(1.103593408693,38.600502169582));
#240 = CARTESIAN_POINT('',(1.193964592762,38.730110445881));
#241 = CARTESIAN_POINT('',(1.214079926671,38.757330789696));
#242 = CARTESIAN_POINT('',(1.234520224677,38.783288782229));
#243 = CARTESIAN_POINT('',(1.255285831389,38.807879478449));
#244 = CARTESIAN_POINT('',(1.276372768573,38.830990656879));
#245 = CARTESIAN_POINT('',(1.297772036368,38.852506378653));
#246 = CARTESIAN_POINT('',(1.353685572041,38.903542340706));
#247 = CARTESIAN_POINT('',(1.38866507332,38.930538654613));
#248 = CARTESIAN_POINT('',(1.424314736331,38.952801496674));
#249 = CARTESIAN_POINT('',(1.460517915915,38.969882058145));
#250 = CARTESIAN_POINT('',(1.497130833998,38.981414754065));
#251 = CARTESIAN_POINT('',(1.533970872194,38.987177379236));
#252 = CARTESIAN_POINT('',(1.570796326795,38.987177379236));
#253 = ( GEOMETRIC_REPRESENTATION_CONTEXT(2) 
PARAMETRIC_REPRESENTATION_CONTEXT() REPRESENTATION_CONTEXT('2D SPACE',''
  ) );
#254 = ORIENTED_EDGE('',*,*,#255,.T.);
#255 = EDGE_CURVE('',#141,#256,#258,.T.);
#256 = VERTEX_POINT('',#257);
#257 = CARTESIAN_POINT('',(35.5,19.493588689618,41.5));
#258 = SURFACE_CURVE('',#259,(#263,#270),.PCURVE_S1.);
#259 = LINE('',#260,#261);
#260 = CARTESIAN_POINT('',(35.5,19.493588689618,-4.328446199157E-15));
#261 = VECTOR('',#262,1.);
#262 = DIRECTION('',(0.,2.22044604925E-16,1.));
#263 = PCURVE('',#33,#264);
#264 = DEFINITIONAL_REPRESENTATION('',(#265),#269);
#265 = LINE('',#266,#267);
#266 = CARTESIAN_POINT('',(-5.78102167877,0.));
#267 = VECTOR('',#268,1.);
#268 = DIRECTION('',(-0.,1.));
#269 = ( GEOMETRIC_REPRESENTATION_CONTEXT(2) 
PARAMETRIC_REPRESENTATION_CONTEXT() REPRESENTATION_CONTEXT('2D SPACE',''
  ) );
#270 = PCURVE('',#271,#276);
#271 = PLANE('',#272);
#272 = AXIS2_PLACEMENT_3D('',#273,#274,#275);
#273 = CARTESIAN_POINT('',(35.5,-36.,43.5));
#274 = DIRECTION('',(-1.,0.,-0.));
#275 = DIRECTION('',(0.,-2.22044604925E-16,-1.));
#276 = DEFINITIONAL_REPRESENTATION('',(#277),#281);
#277 = LINE('',#278,#279);
#278 = CARTESIAN_POINT('',(43.5,-55.49358868961));
#279 = VECTOR('',#280,1.);
#280 = DIRECTION('',(-1.,0.));
#281 = ( GEOMETRIC_REPRESENTATION_CONTEXT(2) 
PARAMETRIC_REPRESENTATION_CONTEXT() REPRESENTATION_CONTEXT('2D SPACE',''
  ) );
#282 = ORIENTED_EDGE('',*,*,#283,.T.);
#283 = EDGE_CURVE('',#256,#284,#286,.T.);
#284 = VERTEX_POINT('',#285);
#285 = CARTESIAN_POINT('',(37.5,15.297058540778,43.5));
#286 = SURFACE_CURVE('',#287,(#320,#356),.PCURVE_S1.);
#287 = B_SPLINE_CURVE_WITH_KNOTS('',7,(#288,#289,#290,#291,#292,#293,
    #294,#295,#296,#297,#298,#299,#300,#301,#302,#303,#304,#305,#306,
    #307,#308,#309,#310,#311,#312,#313,#314,#315,#316,#317,#318,#319),
  .UNSPECIFIED.,.F.,.F.,(8,6,6,6,6,8),(0.,0.116397123263,0.203015258645,
    0.345997054458,0.63512541567,1.),.UNSPECIFIED.);
#288 = CARTESIAN_POINT('',(35.5,19.493588689618,41.5));
#289 = CARTESIAN_POINT('',(35.5,19.493588689618,41.584626448148));
#290 = CARTESIAN_POINT('',(35.50417779153,19.485980314719,
    41.669298321539));
#291 = CARTESIAN_POINT('',(35.512540541258,19.470751345892,
    41.753013818683));
#292 = CARTESIAN_POINT('',(35.524856562919,19.448297339698,
    41.834999860027));
#293 = CARTESIAN_POINT('',(35.540761186935,19.419236377043,
    41.914672486535));
#294 = CARTESIAN_POINT('',(35.559829881186,19.384286930982,
    41.991607310599));
#295 = CARTESIAN_POINT('',(35.597832942787,19.314384333538,
    42.120522933671));
#296 = CARTESIAN_POINT('',(35.615564594415,19.281699431328,
    42.173888459745));
#297 = CARTESIAN_POINT('',(35.634648762848,19.246433091619,
    42.225547374585));
#298 = CARTESIAN_POINT('',(35.654927557295,19.208852862083,
    42.275470083922));
#299 = CARTESIAN_POINT('',(35.676255233266,19.169205727028,
    42.323659596575));
#300 = CARTESIAN_POINT('',(35.698503414672,19.127708941037,
    42.370144498909));
#301 = CARTESIAN_POINT('',(35.759636577124,19.013282697705,
    42.48896921018));
#302 = CARTESIAN_POINT('',(35.799906342364,18.937508610089,
    42.558412092678));
#303 = CARTESIAN_POINT('',(35.841906473743,18.858007362232,
    42.623549555162));
#304 = CARTESIAN_POINT('',(35.88525478973,18.775424159092,
    42.684625491941));
#305 = CARTESIAN_POINT('',(35.929648424166,18.690274029619,
    42.741891246693));
#306 = CARTESIAN_POINT('',(35.974860027467,18.602943807849,
    42.795606002291));
#307 = CARTESIAN_POINT('',(36.113508837407,18.333184813501,
    42.947979054879));
#308 = CARTESIAN_POINT('',(36.208845628729,18.145099455238,
    43.036285280657));
#309 = CARTESIAN_POINT('',(36.305445308853,17.951597181563,
    43.113097945829));
#310 = CARTESIAN_POINT('',(36.402459800767,17.754134221229,
    43.179719888143));
#311 = CARTESIAN_POINT('',(36.499296407503,17.553775203552,
    43.237344607224));
#312 = CARTESIAN_POINT('',(36.595624747665,17.351119069582,
    43.286911070239));
#313 = CARTESIAN_POINT('',(36.812069352637,16.887951492587,
    43.382600229097));
#314 = CARTESIAN_POINT('',(36.93163136978,16.626566381618,
    43.424340203123));
#315 = CARTESIAN_POINT('',(37.049545207315,16.363019438105,
    43.455989635598));
#316 = CARTESIAN_POINT('',(37.165502113229,16.097922625658,
    43.478601734019));
#317 = CARTESIAN_POINT('',(37.279296298251,15.8317293228,43.4930456457)
  );
#318 = CARTESIAN_POINT('',(37.390811196948,15.564729616464,43.5));
#319 = CARTESIAN_POINT('',(37.5,15.297058540778,43.5));
#320 = PCURVE('',#33,#321);
#321 = DEFINITIONAL_REPRESENTATION('',(#322),#355);
#322 = B_SPLINE_CURVE_WITH_KNOTS('',7,(#323,#324,#325,#326,#327,#328,
    #329,#330,#331,#332,#333,#334,#335,#336,#337,#338,#339,#340,#341,
    #342,#343,#344,#345,#346,#347,#348,#349,#350,#351,#352,#353,#354),
  .UNSPECIFIED.,.F.,.F.,(8,6,6,6,6,8),(0.,0.116397123263,0.203015258645,
    0.345997054458,0.63512541567,1.),.UNSPECIFIED.);
#323 = CARTESIAN_POINT('',(-5.78102167877,41.5));
#324 = CARTESIAN_POINT('',(-5.78102167877,41.584626448148));
#325 = CARTESIAN_POINT('',(-5.781235998181,41.669298321539));
#326 = CARTESIAN_POINT('',(-5.78166498678,41.753013818683));
#327 = CARTESIAN_POINT('',(-5.782297329702,41.834999860027));
#328 = CARTESIAN_POINT('',(-5.783115316257,41.914672486535));
#329 = CARTESIAN_POINT('',(-5.784098353366,41.991607310599));
#330 = CARTESIAN_POINT('',(-5.786062923842,42.120522933671));
#331 = CARTESIAN_POINT('',(-5.786981068342,42.173888459745));
#332 = CARTESIAN_POINT('',(-5.787971163223,42.225547374585));
#333 = CARTESIAN_POINT('',(-5.789025544403,42.275470083922));
#334 = CARTESIAN_POINT('',(-5.790137138024,42.323659596575));
#335 = CARTESIAN_POINT('',(-5.791299720858,42.370144498909));
#336 = CARTESIAN_POINT('',(-5.794503002661,42.48896921018));
#337 = CARTESIAN_POINT('',(-5.796621764501,42.558412092678));
#338 = CARTESIAN_POINT('',(-5.798841842823,42.623549555162));
#339 = CARTESIAN_POINT('',(-5.801144760033,42.684625491941));
#340 = CARTESIAN_POINT('',(-5.803515801515,42.741891246693));
#341 = CARTESIAN_POINT('',(-5.805943926701,42.795606002291));
#342 = CARTESIAN_POINT('',(-5.813432918064,42.947979054879));
#343 = CARTESIAN_POINT('',(-5.818639446643,43.036285280657));
#344 = CARTESIAN_POINT('',(-5.823979393286,43.113097945829));
#345 = CARTESIAN_POINT('',(-5.829411484116,43.179719888143));
#346 = CARTESIAN_POINT('',(-5.834905948999,43.237344607224));
#347 = CARTESIAN_POINT('',(-5.840446201852,43.286911070239));
#348 = CARTESIAN_POINT('',(-5.85306955985,43.382600229097));
#349 = CARTESIAN_POINT('',(-5.860166414549,43.424340203123));
#350 = CARTESIAN_POINT('',(-5.86729496932,43.455989635598));
#351 = CARTESIAN_POINT('',(-5.87443891741,43.478601734018));
#352 = CARTESIAN_POINT('',(-5.881586571385,43.4930456457));
#353 = CARTESIAN_POINT('',(-5.888730810939,43.5));
#354 = CARTESIAN_POINT('',(-5.895868706291,43.5));
#355 = ( GEOMETRIC_REPRESENTATION_CONTEXT(2) 
PARAMETRIC_REPRESENTATION_CONTEXT() REPRESENTATION_CONTEXT('2D SPACE',''
  ) );
#356 = PCURVE('',#357,#362);
#357 = CYLINDRICAL_SURFACE('',#358,2.);
#358 = AXIS2_PLACEMENT_3D('',#359,#360,#361);
#359 = CARTESIAN_POINT('',(37.5,-19.49358868961,41.5));
#360 = DIRECTION('',(0.,1.,-2.22044604925E-16));
#361 = DIRECTION('',(-1.,0.,-0.));
#362 = DEFINITIONAL_REPRESENTATION('',(#363),#396);
#363 = B_SPLINE_CURVE_WITH_KNOTS('',7,(#364,#365,#366,#367,#368,#369,
    #370,#371,#372,#373,#374,#375,#376,#377,#378,#379,#380,#381,#382,
    #383,#384,#385,#386,#387,#388,#389,#390,#391,#392,#393,#394,#395),
  .UNSPECIFIED.,.F.,.F.,(8,6,6,6,6,8),(0.,0.116397123263,0.203015258645,
    0.345997054458,0.63512541567,1.),.UNSPECIFIED.);
#364 = CARTESIAN_POINT('',(0.,38.987177379236));
#365 = CARTESIAN_POINT('',(4.231322407413E-02,38.987177379236));
#366 = CARTESIAN_POINT('',(8.464907135803E-02,38.979569004337));
#367 = CARTESIAN_POINT('',(0.126630867314,38.96434003551));
#368 = CARTESIAN_POINT('',(0.167995257346,38.941886029316));
#369 = CARTESIAN_POINT('',(0.208548227397,38.912825066661));
#370 = CARTESIAN_POINT('',(0.248141646261,38.8778756206));
#371 = CARTESIAN_POINT('',(0.315341851921,38.807973023156));
#372 = CARTESIAN_POINT('',(0.34344254919,38.775288120946));
#373 = CARTESIAN_POINT('',(0.370954666875,38.740021781237));
#374 = CARTESIAN_POINT('',(0.397872937806,38.702441551701));
#375 = CARTESIAN_POINT('',(0.42420299076,38.662794416646));
#376 = CARTESIAN_POINT('',(0.449959759008,38.621297630655));
#377 = CARTESIAN_POINT('',(0.516774008162,38.506871387323));
#378 = CARTESIAN_POINT('',(0.556860357226,38.431097299707));
#379 = CARTESIAN_POINT('',(0.595545783681,38.35159605185));
#380 = CARTESIAN_POINT('',(0.632930753808,38.26901284871));
#381 = CARTESIAN_POINT('',(0.669111791841,38.183862719237));
#382 = CARTESIAN_POINT('',(0.704190373477,38.096532497467));
#383 = CARTESIAN_POINT('',(0.807196489379,37.826773503119));
#384 = CARTESIAN_POINT('',(0.871935206099,37.638688144856));
#385 = CARTESIAN_POINT('',(0.933381208047,37.445185871181));
#386 = CARTESIAN_POINT('',(0.991982906506,37.247722910847));
#387 = CARTESIAN_POINT('',(1.048152424083,37.04736389317));
#388 = CARTESIAN_POINT('',(1.102224283245,36.8447077592));
#389 = CARTESIAN_POINT('',(1.220550825221,36.381540182205));
#390 = CARTESIAN_POINT('',(1.283665715149,36.120155071236));
#391 = CARTESIAN_POINT('',(1.344456039056,35.856608127723));
#392 = CARTESIAN_POINT('',(1.403281063579,35.591511315276));
#393 = CARTESIAN_POINT('',(1.460444608168,35.325318012418));
#394 = CARTESIAN_POINT('',(1.516201925269,35.058318306082));
#395 = CARTESIAN_POINT('',(1.570796326795,34.790647230396));
#396 = ( GEOMETRIC_REPRESENTATION_CONTEXT(2) 
PARAMETRIC_REPRESENTATION_CONTEXT() REPRESENTATION_CONTEXT('2D SPACE',''
  ) );
#397 = ORIENTED_EDGE('',*,*,#398,.F.);
#398 = EDGE_CURVE('',#399,#284,#401,.T.);
#399 = VERTEX_POINT('',#400);
#400 = CARTESIAN_POINT('',(40.5,9.658940314239E-15,43.5));
#401 = SURFACE_CURVE('',#402,(#407,#414),.PCURVE_S1.);
#402 = CIRCLE('',#403,40.5);
#403 = AXIS2_PLACEMENT_3D('',#404,#405,#406);
#404 = CARTESIAN_POINT('',(0.,9.658940314239E-15,43.5));
#405 = DIRECTION('',(-0.,2.22044604925E-16,1.));
#406 = DIRECTION('',(1.,0.,0.));
#407 = PCURVE('',#33,#408);
#408 = DEFINITIONAL_REPRESENTATION('',(#409),#413);
#409 = LINE('',#410,#411);
#410 = CARTESIAN_POINT('',(-6.28318530718,43.5));
#411 = VECTOR('',#412,1.);
#412 = DIRECTION('',(1.,-0.));
#413 = ( GEOMETRIC_REPRESENTATION_CONTEXT(2) 
PARAMETRIC_REPRESENTATION_CONTEXT() REPRESENTATION_CONTEXT('2D SPACE',''
  ) );
#414 = PCURVE('',#415,#420);
#415 = PLANE('',#416);
#416 = AXIS2_PLACEMENT_3D('',#417,#418,#419);
#417 = CARTESIAN_POINT('',(65.5,-36.,43.5));
#418 = DIRECTION('',(0.,2.22044604925E-16,1.));
#419 = DIRECTION('',(-1.,0.,0.));
#420 = DEFINITIONAL_REPRESENTATION('',(#421),#425);
#421 = CIRCLE('',#422,40.5);
#422 = AXIS2_PLACEMENT_2D('',#423,#424);
#423 = CARTESIAN_POINT('',(65.5,-36.));
#424 = DIRECTION('',(-1.,0.));
#425 = ( GEOMETRIC_REPRESENTATION_CONTEXT(2) 
PARAMETRIC_REPRESENTATION_CONTEXT() REPRESENTATION_CONTEXT('2D SPACE',''
  ) );
#426 = ORIENTED_EDGE('',*,*,#427,.T.);
#427 = EDGE_CURVE('',#399,#428,#430,.T.);
#428 = VERTEX_POINT('',#429);
#429 = CARTESIAN_POINT('',(40.5,1.016964290557E-14,45.800000000005));
#430 = SEAM_CURVE('',#431,(#435,#442),.PCURVE_S1.);
#431 = LINE('',#432,#433);
#432 = CARTESIAN_POINT('',(40.5,0.,0.));
#433 = VECTOR('',#434,1.);
#434 = DIRECTION('',(0.,2.22044604925E-16,1.));
#435 = PCURVE('',#33,#436);
#436 = DEFINITIONAL_REPRESENTATION('',(#437),#441);
#437 = LINE('',#438,#439);
#438 = CARTESIAN_POINT('',(-0.,0.));
#439 = VECTOR('',#440,1.);
#440 = DIRECTION('',(-0.,1.));
#441 = ( GEOMETRIC_REPRESENTATION_CONTEXT(2) 
PARAMETRIC_REPRESENTATION_CONTEXT() REPRESENTATION_CONTEXT('2D SPACE',''
  ) );
#442 = PCURVE('',#33,#443);
#443 = DEFINITIONAL_REPRESENTATION('',(#444),#448);
#444 = LINE('',#445,#446);
#445 = CARTESIAN_POINT('',(-6.28318530718,0.));
#446 = VECTOR('',#447,1.);
#447 = DIRECTION('',(-0.,1.));
#448 = ( GEOMETRIC_REPRESENTATION_CONTEXT(2) 
PARAMETRIC_REPRESENTATION_CONTEXT() REPRESENTATION_CONTEXT('2D SPACE',''
  ) );
#449 = ORIENTED_EDGE('',*,*,#450,.F.);
#450 = EDGE_CURVE('',#428,#428,#451,.T.);
#451 = SURFACE_CURVE('',#452,(#457,#464),.PCURVE_S1.);
#452 = CIRCLE('',#453,40.5);
#453 = AXIS2_PLACEMENT_3D('',#454,#455,#456);
#454 = CARTESIAN_POINT('',(0.,1.016964290557E-14,45.800000000005));
#455 = DIRECTION('',(0.,-2.22044604925E-16,-1.));
#456 = DIRECTION('',(1.,0.,0.));
#457 = PCURVE('',#33,#458);
#458 = DEFINITIONAL_REPRESENTATION('',(#459),#463);
#459 = LINE('',#460,#461);
#460 = CARTESIAN_POINT('',(-0.,45.800000000005));
#461 = VECTOR('',#462,1.);
#462 = DIRECTION('',(-1.,0.));
#463 = ( GEOMETRIC_REPRESENTATION_CONTEXT(2) 
PARAMETRIC_REPRESENTATION_CONTEXT() REPRESENTATION_CONTEXT('2D SPACE',''
  ) );
#464 = PCURVE('',#465,#470);
#465 = PLANE('',#466);
#466 = AXIS2_PLACEMENT_3D('',#467,#468,#469);
#467 = CARTESIAN_POINT('',(0.,1.016964290557E-14,45.800000000005));
#468 = DIRECTION('',(0.,-2.22044604925E-16,-1.));
#469 = DIRECTION('',(1.,0.,0.));
#470 = DEFINITIONAL_REPRESENTATION('',(#471),#475);
#471 = CIRCLE('',#472,40.5);
#472 = AXIS2_PLACEMENT_2D('',#473,#474);
#473 = CARTESIAN_POINT('',(0.,0.));
#474 = DIRECTION('',(1.,-0.));
#475 = ( GEOMETRIC_REPRESENTATION_CONTEXT(2) 
PARAMETRIC_REPRESENTATION_CONTEXT() REPRESENTATION_CONTEXT('2D SPACE',''
  ) );
#476 = ORIENTED_EDGE('',*,*,#427,.F.);
#477 = ORIENTED_EDGE('',*,*,#478,.F.);
#478 = EDGE_CURVE('',#479,#399,#481,.T.);
#479 = VERTEX_POINT('',#480);
#480 = CARTESIAN_POINT('',(37.5,-15.29705854077,43.5));
#481 = SURFACE_CURVE('',#482,(#487,#494),.PCURVE_S1.);
#482 = CIRCLE('',#483,40.5);
#483 = AXIS2_PLACEMENT_3D('',#484,#485,#486);
#484 = CARTESIAN_POINT('',(0.,9.658940314239E-15,43.5));
#485 = DIRECTION('',(-0.,2.22044604925E-16,1.));
#486 = DIRECTION('',(1.,0.,0.));
#487 = PCURVE('',#33,#488);
#488 = DEFINITIONAL_REPRESENTATION('',(#489),#493);
#489 = LINE('',#490,#491);
#490 = CARTESIAN_POINT('',(-6.28318530718,43.5));
#491 = VECTOR('',#492,1.);
#492 = DIRECTION('',(1.,-0.));
#493 = ( GEOMETRIC_REPRESENTATION_CONTEXT(2) 
PARAMETRIC_REPRESENTATION_CONTEXT() REPRESENTATION_CONTEXT('2D SPACE',''
  ) );
#494 = PCURVE('',#415,#495);
#495 = DEFINITIONAL_REPRESENTATION('',(#496),#500);
#496 = CIRCLE('',#497,40.5);
#497 = AXIS2_PLACEMENT_2D('',#498,#499);
#498 = CARTESIAN_POINT('',(65.5,-36.));
#499 = DIRECTION('',(-1.,0.));
#500 = ( GEOMETRIC_REPRESENTATION_CONTEXT(2) 
PARAMETRIC_REPRESENTATION_CONTEXT() REPRESENTATION_CONTEXT('2D SPACE',''
  ) );
#501 = ORIENTED_EDGE('',*,*,#502,.F.);
#502 = EDGE_CURVE('',#503,#479,#505,.T.);
#503 = VERTEX_POINT('',#504);
#504 = CARTESIAN_POINT('',(35.5,-19.49358868961,41.5));
#505 = SURFACE_CURVE('',#506,(#539,#575),.PCURVE_S1.);
#506 = B_SPLINE_CURVE_WITH_KNOTS('',7,(#507,#508,#509,#510,#511,#512,
    #513,#514,#515,#516,#517,#518,#519,#520,#521,#522,#523,#524,#525,
    #526,#527,#528,#529,#530,#531,#532,#533,#534,#535,#536,#537,#538),
  .UNSPECIFIED.,.F.,.F.,(8,6,6,6,6,8),(0.,0.116397123263,0.203015258645,
    0.345997054458,0.63512541567,1.),.UNSPECIFIED.);
#507 = CARTESIAN_POINT('',(35.5,-19.49358868961,41.5));
#508 = CARTESIAN_POINT('',(35.5,-19.49358868961,41.584626448148));
#509 = CARTESIAN_POINT('',(35.50417779153,-19.48598031471,
    41.669298321539));
#510 = CARTESIAN_POINT('',(35.512540541258,-19.47075134589,
    41.753013818683));
#511 = CARTESIAN_POINT('',(35.524856562919,-19.44829733969,
    41.834999860027));
#512 = CARTESIAN_POINT('',(35.540761186935,-19.41923637704,
    41.914672486535));
#513 = CARTESIAN_POINT('',(35.559829881186,-19.38428693098,
    41.991607310599));
#514 = CARTESIAN_POINT('',(35.597832942787,-19.31438433353,
    42.120522933671));
#515 = CARTESIAN_POINT('',(35.615564594415,-19.28169943132,
    42.173888459745));
#516 = CARTESIAN_POINT('',(35.634648762848,-19.24643309161,
    42.225547374585));
#517 = CARTESIAN_POINT('',(35.654927557295,-19.20885286208,
    42.275470083922));
#518 = CARTESIAN_POINT('',(35.676255233266,-19.16920572702,
    42.323659596575));
#519 = CARTESIAN_POINT('',(35.698503414672,-19.12770894103,
    42.370144498909));
#520 = CARTESIAN_POINT('',(35.759636577124,-19.0132826977,42.48896921018
    ));
#521 = CARTESIAN_POINT('',(35.799906342365,-18.93750861008,
    42.558412092678));
#522 = CARTESIAN_POINT('',(35.841906473743,-18.85800736223,
    42.623549555162));
#523 = CARTESIAN_POINT('',(35.88525478973,-18.77542415909,
    42.684625491941));
#524 = CARTESIAN_POINT('',(35.929648424166,-18.69027402961,
    42.741891246693));
#525 = CARTESIAN_POINT('',(35.974860027467,-18.60294380784,
    42.795606002291));
#526 = CARTESIAN_POINT('',(36.113508837407,-18.3331848135,
    42.947979054879));
#527 = CARTESIAN_POINT('',(36.208845628729,-18.14509945523,
    43.036285280657));
#528 = CARTESIAN_POINT('',(36.305445308853,-17.95159718156,
    43.113097945829));
#529 = CARTESIAN_POINT('',(36.402459800767,-17.75413422122,
    43.179719888143));
#530 = CARTESIAN_POINT('',(36.499296407503,-17.55377520355,
    43.237344607224));
#531 = CARTESIAN_POINT('',(36.595624747665,-17.35111906958,
    43.286911070239));
#532 = CARTESIAN_POINT('',(36.812069352637,-16.88795149258,
    43.382600229097));
#533 = CARTESIAN_POINT('',(36.93163136978,-16.62656638161,
    43.424340203123));
#534 = CARTESIAN_POINT('',(37.049545207315,-16.3630194381,
    43.455989635597));
#535 = CARTESIAN_POINT('',(37.165502113229,-16.09792262565,
    43.478601734019));
#536 = CARTESIAN_POINT('',(37.279296298251,-15.8317293228,43.4930456457)
  );
#537 = CARTESIAN_POINT('',(37.390811196948,-15.56472961646,43.5));
#538 = CARTESIAN_POINT('',(37.5,-15.29705854077,43.5));
#539 = PCURVE('',#33,#540);
#540 = DEFINITIONAL_REPRESENTATION('',(#541),#574);
#541 = B_SPLINE_CURVE_WITH_KNOTS('',7,(#542,#543,#544,#545,#546,#547,
    #548,#549,#550,#551,#552,#553,#554,#555,#556,#557,#558,#559,#560,
    #561,#562,#563,#564,#565,#566,#567,#568,#569,#570,#571,#572,#573),
  .UNSPECIFIED.,.F.,.F.,(8,6,6,6,6,8),(0.,0.116397123263,0.203015258645,
    0.345997054458,0.63512541567,1.),.UNSPECIFIED.);
#542 = CARTESIAN_POINT('',(-0.50216362841,41.5));
#543 = CARTESIAN_POINT('',(-0.50216362841,41.584626448148));
#544 = CARTESIAN_POINT('',(-0.501949308999,41.669298321539));
#545 = CARTESIAN_POINT('',(-0.5015203204,41.753013818683));
#546 = CARTESIAN_POINT('',(-0.500887977478,41.834999860027));
#547 = CARTESIAN_POINT('',(-0.500069990923,41.914672486535));
#548 = CARTESIAN_POINT('',(-0.499086953814,41.991607310599));
#549 = CARTESIAN_POINT('',(-0.497122383338,42.120522933671));
#550 = CARTESIAN_POINT('',(-0.496204238838,42.173888459745));
#551 = CARTESIAN_POINT('',(-0.495214143956,42.225547374585));
#552 = CARTESIAN_POINT('',(-0.494159762777,42.275470083922));
#553 = CARTESIAN_POINT('',(-0.493048169156,42.323659596575));
#554 = CARTESIAN_POINT('',(-0.491885586321,42.370144498909));
#555 = CARTESIAN_POINT('',(-0.488682304519,42.48896921018));
#556 = CARTESIAN_POINT('',(-0.486563542678,42.558412092678));
#557 = CARTESIAN_POINT('',(-0.484343464357,42.623549555162));
#558 = CARTESIAN_POINT('',(-0.482040547147,42.684625491941));
#559 = CARTESIAN_POINT('',(-0.479669505665,42.741891246693));
#560 = CARTESIAN_POINT('',(-0.477241380478,42.795606002291));
#561 = CARTESIAN_POINT('',(-0.469752389115,42.947979054879));
#562 = CARTESIAN_POINT('',(-0.464545860537,43.036285280657));
#563 = CARTESIAN_POINT('',(-0.459205913894,43.113097945829));
#564 = CARTESIAN_POINT('',(-0.453773823063,43.179719888143));
#565 = CARTESIAN_POINT('',(-0.44827935818,43.237344607224));
#566 = CARTESIAN_POINT('',(-0.442739105328,43.286911070239));
#567 = CARTESIAN_POINT('',(-0.43011574733,43.382600229097));
#568 = CARTESIAN_POINT('',(-0.423018892631,43.424340203123));
#569 = CARTESIAN_POINT('',(-0.415890337859,43.455989635598));
#570 = CARTESIAN_POINT('',(-0.408746389769,43.478601734019));
#571 = CARTESIAN_POINT('',(-0.401598735795,43.4930456457));
#572 = CARTESIAN_POINT('',(-0.39445449624,43.5));
#573 = CARTESIAN_POINT('',(-0.387316600889,43.5));
#574 = ( GEOMETRIC_REPRESENTATION_CONTEXT(2) 
PARAMETRIC_REPRESENTATION_CONTEXT() REPRESENTATION_CONTEXT('2D SPACE',''
  ) );
#575 = PCURVE('',#357,#576);
#576 = DEFINITIONAL_REPRESENTATION('',(#577),#610);
#577 = B_SPLINE_CURVE_WITH_KNOTS('',7,(#578,#579,#580,#581,#582,#583,
    #584,#585,#586,#587,#588,#589,#590,#591,#592,#593,#594,#595,#596,
    #597,#598,#599,#600,#601,#602,#603,#604,#605,#606,#607,#608,#609),
  .UNSPECIFIED.,.F.,.F.,(8,6,6,6,6,8),(0.,0.116397123263,0.203015258645,
    0.345997054458,0.63512541567,1.),.UNSPECIFIED.);
#578 = CARTESIAN_POINT('',(0.,1.06581410364E-14));
#579 = CARTESIAN_POINT('',(4.231322407414E-02,1.06581410364E-14));
#580 = CARTESIAN_POINT('',(8.4649071358E-02,7.608374898911E-03));
#581 = CARTESIAN_POINT('',(0.126630867314,2.283734372617E-02));
#582 = CARTESIAN_POINT('',(0.167995257346,4.529134992035E-02));
#583 = CARTESIAN_POINT('',(0.208548227397,7.43523125753E-02));
#584 = CARTESIAN_POINT('',(0.248141646261,0.109301758636));
#585 = CARTESIAN_POINT('',(0.315341851921,0.17920435608));
#586 = CARTESIAN_POINT('',(0.34344254919,0.21188925829));
#587 = CARTESIAN_POINT('',(0.370954666875,0.247155597999));
#588 = CARTESIAN_POINT('',(0.397872937806,0.284735827535));
#589 = CARTESIAN_POINT('',(0.42420299076,0.32438296259));
#590 = CARTESIAN_POINT('',(0.449959759008,0.365879748581));
#591 = CARTESIAN_POINT('',(0.516774008162,0.480305991913));
#592 = CARTESIAN_POINT('',(0.556860357226,0.556080079529));
#593 = CARTESIAN_POINT('',(0.595545783681,0.635581327386));
#594 = CARTESIAN_POINT('',(0.632930753808,0.718164530526));
#595 = CARTESIAN_POINT('',(0.669111791841,0.803314659999));
#596 = CARTESIAN_POINT('',(0.704190373477,0.890644881769));
#597 = CARTESIAN_POINT('',(0.807196489379,1.160403876117));
#598 = CARTESIAN_POINT('',(0.871935206099,1.34848923438));
#599 = CARTESIAN_POINT('',(0.933381208047,1.541991508055));
#600 = CARTESIAN_POINT('',(0.991982906506,1.739454468389));
#601 = CARTESIAN_POINT('',(1.048152424083,1.939813486066));
#602 = CARTESIAN_POINT('',(1.102224283245,2.142469620036));
#603 = CARTESIAN_POINT('',(1.220550825221,2.605637197031));
#604 = CARTESIAN_POINT('',(1.283665715149,2.867022308));
#605 = CARTESIAN_POINT('',(1.344456039056,3.130569251513));
#606 = CARTESIAN_POINT('',(1.403281063579,3.39566606396));
#607 = CARTESIAN_POINT('',(1.460444608168,3.661859366818));
#608 = CARTESIAN_POINT('',(1.516201925269,3.928859073154));
#609 = CARTESIAN_POINT('',(1.570796326795,4.19653014884));
#610 = ( GEOMETRIC_REPRESENTATION_CONTEXT(2) 
PARAMETRIC_REPRESENTATION_CONTEXT() REPRESENTATION_CONTEXT('2D SPACE',''
  ) );
#611 = ORIENTED_EDGE('',*,*,#612,.F.);
#612 = EDGE_CURVE('',#613,#503,#615,.T.);
#613 = VERTEX_POINT('',#614);
#614 = CARTESIAN_POINT('',(35.5,-19.49358868961,18.5));
#615 = SURFACE_CURVE('',#616,(#620,#627),.PCURVE_S1.);
#616 = LINE('',#617,#618);
#617 = CARTESIAN_POINT('',(35.5,-19.49358868961,4.328446199157E-15));
#618 = VECTOR('',#619,1.);
#619 = DIRECTION('',(0.,2.22044604925E-16,1.));
#620 = PCURVE('',#33,#621);
#621 = DEFINITIONAL_REPRESENTATION('',(#622),#626);
#622 = LINE('',#623,#624);
#623 = CARTESIAN_POINT('',(-0.50216362841,0.));
#624 = VECTOR('',#625,1.);
#625 = DIRECTION('',(-0.,1.));
#626 = ( GEOMETRIC_REPRESENTATION_CONTEXT(2) 
PARAMETRIC_REPRESENTATION_CONTEXT() REPRESENTATION_CONTEXT('2D SPACE',''
  ) );
#627 = PCURVE('',#271,#628);
#628 = DEFINITIONAL_REPRESENTATION('',(#629),#633);
#629 = LINE('',#630,#631);
#630 = CARTESIAN_POINT('',(43.5,-16.50641131038));
#631 = VECTOR('',#632,1.);
#632 = DIRECTION('',(-1.,0.));
#633 = ( GEOMETRIC_REPRESENTATION_CONTEXT(2) 
PARAMETRIC_REPRESENTATION_CONTEXT() REPRESENTATION_CONTEXT('2D SPACE',''
  ) );
#634 = ORIENTED_EDGE('',*,*,#635,.F.);
#635 = EDGE_CURVE('',#22,#613,#636,.T.);
#636 = SURFACE_CURVE('',#637,(#670,#706),.PCURVE_S1.);
#637 = B_SPLINE_CURVE_WITH_KNOTS('',7,(#638,#639,#640,#641,#642,#643,
    #644,#645,#646,#647,#648,#649,#650,#651,#652,#653,#654,#655,#656,
    #657,#658,#659,#660,#661,#662,#663,#664,#665,#666,#667,#668,#669),
  .UNSPECIFIED.,.F.,.F.,(8,6,6,6,6,8),(0.,0.333484099239,0.605439596242,
    0.834466708299,0.898700808592,1.),.UNSPECIFIED.);
#638 = CARTESIAN_POINT('',(37.5,-15.29705854077,16.5));
#639 = CARTESIAN_POINT('',(37.400197415471,-15.54171975521,16.5));
#640 = CARTESIAN_POINT('',(37.29844400464,-15.7858383569,16.505810213006
    ));
#641 = CARTESIAN_POINT('',(37.194782413456,-16.02929283712,
    16.517840296105));
#642 = CARTESIAN_POINT('',(37.089301395438,-16.27186232178,
    16.536599833301));
#643 = CARTESIAN_POINT('',(36.982146662029,-16.51322282536,
    16.562724097487));
#644 = CARTESIAN_POINT('',(36.873529974296,-16.75294789319,
    16.596982415804));
#645 = CARTESIAN_POINT('',(36.674226313881,-17.18419806769,
    16.675892317218));
#646 = CARTESIAN_POINT('',(36.583987984709,-17.37632736757,
    16.717436342527));
#647 = CARTESIAN_POINT('',(36.493150970735,-17.56668528235,
    16.765669026209));
#648 = CARTESIAN_POINT('',(36.40195029908,-17.75484070014,
    16.821287589849));
#649 = CARTESIAN_POINT('',(36.310771673056,-17.9400965789,
    16.885152829533));
#650 = CARTESIAN_POINT('',(36.220158859427,-18.12150983844,
    16.958248532385));
#651 = CARTESIAN_POINT('',(36.055741382997,-18.44617010667,
    17.112646819802));
#652 = CARTESIAN_POINT('',(35.981737638509,-18.59053379953,
    17.190647694641));
#653 = CARTESIAN_POINT('',(35.909166945329,-18.7304613298,
    17.277073564785));
#654 = CARTESIAN_POINT('',(35.838751370117,-18.8647078961,
    17.372965513473));
#655 = CARTESIAN_POINT('',(35.771727904767,-18.99113717708,
    17.479384183841));
#656 = CARTESIAN_POINT('',(35.709789639444,-19.10691347996,
    17.597187046234));
#657 = CARTESIAN_POINT('',(35.639967319318,-19.23652175626,
    17.763898315355));
#658 = CARTESIAN_POINT('',(35.625269215979,-19.26374210007,
    17.801359024638));
#659 = CARTESIAN_POINT('',(35.611222089444,-19.28970009261,
    17.839769670613));
#660 = CARTESIAN_POINT('',(35.59788789389,-19.31429078883,
    17.879125271575));
#661 = CARTESIAN_POINT('',(35.585332828768,-19.33740196726,
    17.91940897089));
#662 = CARTESIAN_POINT('',(35.573625266096,-19.35891768903,
    17.96058976404));
#663 = CARTESIAN_POINT('',(35.545815004341,-19.40995365108,
    18.068903582303));
#664 = CARTESIAN_POINT('',(35.5310628335,-19.43694996499,18.137344120603
    ));
#665 = CARTESIAN_POINT('',(35.518868560576,-19.45921280705,
    18.207689801838));
#666 = CARTESIAN_POINT('',(35.509497202265,-19.47629336852,
    18.279606454199));
#667 = CARTESIAN_POINT('',(35.50316431476,-19.48782606444,
    18.352668959546));
#668 = CARTESIAN_POINT('',(35.5,-19.49358868961,18.426349090798));
#669 = CARTESIAN_POINT('',(35.5,-19.49358868961,18.5));
#670 = PCURVE('',#33,#671);
#671 = DEFINITIONAL_REPRESENTATION('',(#672),#705);
#672 = B_SPLINE_CURVE_WITH_KNOTS('',7,(#673,#674,#675,#676,#677,#678,
    #679,#680,#681,#682,#683,#684,#685,#686,#687,#688,#689,#690,#691,
    #692,#693,#694,#695,#696,#697,#698,#699,#700,#701,#702,#703,#704),
  .UNSPECIFIED.,.F.,.F.,(8,6,6,6,6,8),(0.,0.333484099239,0.605439596242,
    0.834466708299,0.898700808592,1.),.UNSPECIFIED.);
#673 = CARTESIAN_POINT('',(-0.387316600889,16.5));
#674 = CARTESIAN_POINT('',(-0.39384089994,16.5));
#675 = CARTESIAN_POINT('',(-0.400370987091,16.505810213006));
#676 = CARTESIAN_POINT('',(-0.406904140235,16.517840296105));
#677 = CARTESIAN_POINT('',(-0.413434939217,16.536599833301));
#678 = CARTESIAN_POINT('',(-0.41995507401,16.562724097487));
#679 = CARTESIAN_POINT('',(-0.426453255999,16.596982415804));
#680 = CARTESIAN_POINT('',(-0.438183565448,16.675892317218));
#681 = CARTESIAN_POINT('',(-0.443424587737,16.717436342527));
#682 = CARTESIAN_POINT('',(-0.448632347456,16.765669026209));
#683 = CARTESIAN_POINT('',(-0.453794974902,16.821287589849));
#684 = CARTESIAN_POINT('',(-0.458893061956,16.885152829533));
#685 = CARTESIAN_POINT('',(-0.463900003571,16.958248532385));
#686 = CARTESIAN_POINT('',(-0.472885670029,17.112646819802));
#687 = CARTESIAN_POINT('',(-0.476891213647,17.190647694641));
#688 = CARTESIAN_POINT('',(-0.480783166007,17.277073564785));
#689 = CARTESIAN_POINT('',(-0.484526138779,17.372965513473));
#690 = CARTESIAN_POINT('',(-0.488059335323,17.479384183841));
#691 = CARTESIAN_POINT('',(-0.491301373288,17.597187046234));
#692 = CARTESIAN_POINT('',(-0.494936412649,17.763898315355));
#693 = CARTESIAN_POINT('',(-0.495700242295,17.801359024638));
#694 = CARTESIAN_POINT('',(-0.496429008905,17.839769670613));
#695 = CARTESIAN_POINT('',(-0.49711970621,17.879125271575));
#696 = CARTESIAN_POINT('',(-0.497769119753,17.91940897089));
#697 = CARTESIAN_POINT('',(-0.498373928556,17.96058976404));
#698 = CARTESIAN_POINT('',(-0.499809021229,18.068903582303));
#699 = CARTESIAN_POINT('',(-0.500568627154,18.137344120603));
#700 = CARTESIAN_POINT('',(-0.501195385913,18.207689801838));
#701 = CARTESIAN_POINT('',(-0.501676435302,18.279606454199));
#702 = CARTESIAN_POINT('',(-0.502001301309,18.352668959546));
#703 = CARTESIAN_POINT('',(-0.50216362841,18.426349090798));
#704 = CARTESIAN_POINT('',(-0.50216362841,18.5));
#705 = ( GEOMETRIC_REPRESENTATION_CONTEXT(2) 
PARAMETRIC_REPRESENTATION_CONTEXT() REPRESENTATION_CONTEXT('2D SPACE',''
  ) );
#706 = PCURVE('',#214,#707);
#707 = DEFINITIONAL_REPRESENTATION('',(#708),#741);
#708 = B_SPLINE_CURVE_WITH_KNOTS('',7,(#709,#710,#711,#712,#713,#714,
    #715,#716,#717,#718,#719,#720,#721,#722,#723,#724,#725,#726,#727,
    #728,#729,#730,#731,#732,#733,#734,#735,#736,#737,#738,#739,#740),
  .UNSPECIFIED.,.F.,.F.,(8,6,6,6,6,8),(0.,0.333484099239,0.605439596242,
    0.834466708299,0.898700808592,1.),.UNSPECIFIED.);
#709 = CARTESIAN_POINT('',(0.,4.19653014884));
#710 = CARTESIAN_POINT('',(4.990129226465E-02,3.951868934406));
#711 = CARTESIAN_POINT('',(0.100777941668,3.70775033271));
#712 = CARTESIAN_POINT('',(0.152811984314,3.464295852497));
#713 = CARTESIAN_POINT('',(0.206196337313,3.221726367829));
#714 = CARTESIAN_POINT('',(0.261155588381,2.98036586425));
#715 = CARTESIAN_POINT('',(0.317955919471,2.740640796424));
#716 = CARTESIAN_POINT('',(0.425134184054,2.309390621927));
#717 = CARTESIAN_POINT('',(0.474731456539,2.117261322044));
#718 = CARTESIAN_POINT('',(0.526021366001,1.926903407258));
#719 = CARTESIAN_POINT('',(0.579251109963,1.738747989471));
#720 = CARTESIAN_POINT('',(0.634717712222,1.553492110713));
#721 = CARTESIAN_POINT('',(0.692763504034,1.372078851173));
#722 = CARTESIAN_POINT('',(0.805537545498,1.047418582945));
#723 = CARTESIAN_POINT('',(0.859208129542,0.903054890079));
#724 = CARTESIAN_POINT('',(0.915465393831,0.763127359817));
#725 = CARTESIAN_POINT('',(0.974703027983,0.628880793518));
#726 = CARTESIAN_POINT('',(1.03730070446,0.502451512529));
#727 = CARTESIAN_POINT('',(1.103593408693,0.386675209654));
#728 = CARTESIAN_POINT('',(1.193964592762,0.257066933355));
#729 = CARTESIAN_POINT('',(1.214079926671,0.22984658954));
#730 = CARTESIAN_POINT('',(1.234520224677,0.203888597007));
#731 = CARTESIAN_POINT('',(1.255285831389,0.179297900787));
#732 = CARTESIAN_POINT('',(1.276372768573,0.156186722357));
#733 = CARTESIAN_POINT('',(1.297772036368,0.134671000582));
#734 = CARTESIAN_POINT('',(1.353685572041,8.363503852954E-02));
#735 = CARTESIAN_POINT('',(1.38866507332,5.663872462346E-02));
#736 = CARTESIAN_POINT('',(1.424314736331,3.437588256149E-02));
#737 = CARTESIAN_POINT('',(1.460517915915,1.729532109134E-02));
#738 = CARTESIAN_POINT('',(1.497130833998,5.762625171151E-03));
#739 = CARTESIAN_POINT('',(1.533970872194,7.100917540091E-15));
#740 = CARTESIAN_POINT('',(1.570796326795,7.105427357601E-15));
#741 = ( GEOMETRIC_REPRESENTATION_CONTEXT(2) 
PARAMETRIC_REPRESENTATION_CONTEXT() REPRESENTATION_CONTEXT('2D SPACE',''
  ) );
#742 = FACE_BOUND('',#743,.F.);
#743 = EDGE_LOOP('',(#744,#774,#907,#940,#1068,#1091,#1224,#1253));
#744 = ORIENTED_EDGE('',*,*,#745,.F.);
#745 = EDGE_CURVE('',#746,#748,#750,.T.);
#746 = VERTEX_POINT('',#747);
#747 = CARTESIAN_POINT('',(-35.5,19.493588689618,18.5));
#748 = VERTEX_POINT('',#749);
#749 = CARTESIAN_POINT('',(-35.5,19.493588689618,41.5));
#750 = SURFACE_CURVE('',#751,(#755,#762),.PCURVE_S1.);
#751 = LINE('',#752,#753);
#752 = CARTESIAN_POINT('',(-35.5,19.493588689618,-4.328446199157E-15));
#753 = VECTOR('',#754,1.);
#754 = DIRECTION('',(0.,2.22044604925E-16,1.));
#755 = PCURVE('',#33,#756);
#756 = DEFINITIONAL_REPRESENTATION('',(#757),#761);
#757 = LINE('',#758,#759);
#758 = CARTESIAN_POINT('',(-3.643756281999,0.));
#759 = VECTOR('',#760,1.);
#760 = DIRECTION('',(-0.,1.));
#761 = ( GEOMETRIC_REPRESENTATION_CONTEXT(2) 
PARAMETRIC_REPRESENTATION_CONTEXT() REPRESENTATION_CONTEXT('2D SPACE',''
  ) );
#762 = PCURVE('',#763,#768);
#763 = PLANE('',#764);
#764 = AXIS2_PLACEMENT_3D('',#765,#766,#767);
#765 = CARTESIAN_POINT('',(-35.5,-36.,16.5));
#766 = DIRECTION('',(1.,0.,0.));
#767 = DIRECTION('',(0.,2.22044604925E-16,1.));
#768 = DEFINITIONAL_REPRESENTATION('',(#769),#773);
#769 = LINE('',#770,#771);
#770 = CARTESIAN_POINT('',(-16.5,-55.49358868961));
#771 = VECTOR('',#772,1.);
#772 = DIRECTION('',(1.,0.));
#773 = ( GEOMETRIC_REPRESENTATION_CONTEXT(2) 
PARAMETRIC_REPRESENTATION_CONTEXT() REPRESENTATION_CONTEXT('2D SPACE',''
  ) );
#774 = ORIENTED_EDGE('',*,*,#775,.T.);
#775 = EDGE_CURVE('',#746,#776,#778,.T.);
#776 = VERTEX_POINT('',#777);
#777 = CARTESIAN_POINT('',(-37.5,15.297058540778,16.5));
#778 = SURFACE_CURVE('',#779,(#818,#860),.PCURVE_S1.);
#779 = B_SPLINE_CURVE_WITH_KNOTS('',7,(#780,#781,#782,#783,#784,#785,
    #786,#787,#788,#789,#790,#791,#792,#793,#794,#795,#796,#797,#798,
    #799,#800,#801,#802,#803,#804,#805,#806,#807,#808,#809,#810,#811,
    #812,#813,#814,#815,#816,#817),.UNSPECIFIED.,.F.,.F.,(8,6,6,6,6,6,8)
  ,(0.,0.116394828867,0.20301420329,0.345999958047,0.577432399098,
    0.864892303635,1.),.UNSPECIFIED.);
#780 = CARTESIAN_POINT('',(-35.5,19.493588689618,18.5));
#781 = CARTESIAN_POINT('',(-35.5,19.493588689618,18.415374143915));
#782 = CARTESIAN_POINT('',(-35.50417771202,19.485980470559,18.3307056794
    ));
#783 = CARTESIAN_POINT('',(-35.51253989533,19.470752511764,
    18.246991286089));
#784 = CARTESIAN_POINT('',(-35.52485571945,19.448298872082,
    18.165003295258));
#785 = CARTESIAN_POINT('',(-35.54076102525,19.419236689306,
    18.085327229834));
#786 = CARTESIAN_POINT('',(-35.55983062235,19.384285567689,
    18.008390175191));
#787 = CARTESIAN_POINT('',(-35.59783294278,19.314384333538,
    17.879477066329));
#788 = CARTESIAN_POINT('',(-35.61556459441,19.281699431328,
    17.826111540255));
#789 = CARTESIAN_POINT('',(-35.63464876284,19.246433091619,
    17.774452625415));
#790 = CARTESIAN_POINT('',(-35.65492755729,19.208852862083,
    17.724529916078));
#791 = CARTESIAN_POINT('',(-35.67625523326,19.169205727028,
    17.676340403425));
#792 = CARTESIAN_POINT('',(-35.69850341467,19.127708941037,
    17.629855501091));
#793 = CARTESIAN_POINT('',(-35.75963708664,19.013281744013,
    17.511029799468));
#794 = CARTESIAN_POINT('',(-35.7999065912,18.937508133787,
    17.441587647007));
#795 = CARTESIAN_POINT('',(-35.8419062655,18.85800774796,17.3764508452)
  );
#796 = CARTESIAN_POINT('',(-35.88525441469,18.775424877516,
    17.315374966168));
#797 = CARTESIAN_POINT('',(-35.92964832665,18.690274228236,
    17.258108807816));
#798 = CARTESIAN_POINT('',(-35.97486033195,18.602943215439,
    17.204393663087));
#799 = CARTESIAN_POINT('',(-36.0949937159,18.369208350667,
    17.072368797975));
#800 = CARTESIAN_POINT('',(-36.17091366218,18.21983357356,
    16.999484879359));
#801 = CARTESIAN_POINT('',(-36.24780598124,18.066715533995,
    16.934250789925));
#802 = CARTESIAN_POINT('',(-36.32517915931,17.910695163238,
    16.875916918766));
#803 = CARTESIAN_POINT('',(-36.40267426203,17.752404498242,
    16.823817836825));
#804 = CARTESIAN_POINT('',(-36.48005908219,17.592254580287,
    16.777393639312));
#805 = CARTESIAN_POINT('',(-36.65303058986,17.229478262685,
    16.684938442262));
#806 = CARTESIAN_POINT('',(-36.74841519102,17.026108335313,
    16.641762154395));
#807 = CARTESIAN_POINT('',(-36.84304665613,16.820894157219,
    16.605719832907));
#808 = CARTESIAN_POINT('',(-36.93669746859,16.614261179379,
    16.576136720359));
#809 = CARTESIAN_POINT('',(-37.02920684472,16.406529851305,
    16.552465464171));
#810 = CARTESIAN_POINT('',(-37.12046828513,16.197924436361,
    16.534237807689));
#811 = CARTESIAN_POINT('',(-37.25270381728,15.890170800807,
    16.514887799467));
#812 = CARTESIAN_POINT('',(-37.29469151158,15.791615306098,
    16.509820153491));
#813 = CARTESIAN_POINT('',(-37.33637899472,15.692920739718,
    16.505832002395));
#814 = CARTESIAN_POINT('',(-37.3777591776,15.594103669176,16.50288731311
    ));
#815 = CARTESIAN_POINT('',(-37.41882599821,15.495179014686,
    16.500953289849));
#816 = CARTESIAN_POINT('',(-37.4595743483,15.396160072925,16.5));
#817 = CARTESIAN_POINT('',(-37.5,15.297058540778,16.5));
#818 = PCURVE('',#33,#819);
#819 = DEFINITIONAL_REPRESENTATION('',(#820),#859);
#820 = B_SPLINE_CURVE_WITH_KNOTS('',7,(#821,#822,#823,#824,#825,#826,
    #827,#828,#829,#830,#831,#832,#833,#834,#835,#836,#837,#838,#839,
    #840,#841,#842,#843,#844,#845,#846,#847,#848,#849,#850,#851,#852,
    #853,#854,#855,#856,#857,#858),.UNSPECIFIED.,.F.,.F.,(8,6,6,6,6,6,8)
  ,(0.,0.116394828867,0.20301420329,0.345999958047,0.577432399098,
    0.864892303635,1.),.UNSPECIFIED.);
#821 = CARTESIAN_POINT('',(-3.643756281999,18.5));
#822 = CARTESIAN_POINT('',(-3.643756281999,18.415374143915));
#823 = CARTESIAN_POINT('',(-3.643541966904,18.3307056794));
#824 = CARTESIAN_POINT('',(-3.643113006901,18.246991286089));
#825 = CARTESIAN_POINT('',(-3.642480674259,18.165003295258));
#826 = CARTESIAN_POINT('',(-3.641662653192,18.085327229834));
#827 = CARTESIAN_POINT('',(-3.640679569089,18.008390175191));
#828 = CARTESIAN_POINT('',(-3.638715036927,17.879477066329));
#829 = CARTESIAN_POINT('',(-3.637796892427,17.826111540255));
#830 = CARTESIAN_POINT('',(-3.636806797546,17.774452625415));
#831 = CARTESIAN_POINT('',(-3.635752416367,17.724529916078));
#832 = CARTESIAN_POINT('',(-3.634640822745,17.676340403425));
#833 = CARTESIAN_POINT('',(-3.633478239911,17.629855501091));
#834 = CARTESIAN_POINT('',(-3.630274931411,17.511029799468));
#835 = CARTESIAN_POINT('',(-3.628156183,17.441587647007));
#836 = CARTESIAN_POINT('',(-3.625936128769,17.3764508452));
#837 = CARTESIAN_POINT('',(-3.623633220747,17.315374966168));
#838 = CARTESIAN_POINT('',(-3.621262164716,17.258108807816));
#839 = CARTESIAN_POINT('',(-3.618834017622,17.204393663087));
#840 = CARTESIAN_POINT('',(-3.61234512042,17.072368797975));
#841 = CARTESIAN_POINT('',(-3.608207856294,16.999484879359));
#842 = CARTESIAN_POINT('',(-3.60397730754,16.934250789925));
#843 = CARTESIAN_POINT('',(-3.599677353866,16.875916918766));
#844 = CARTESIAN_POINT('',(-3.595325778513,16.823817836825));
#845 = CARTESIAN_POINT('',(-3.590934078464,16.777393639312));
#846 = CARTESIAN_POINT('',(-3.581010554429,16.684938442262));
#847 = CARTESIAN_POINT('',(-3.575464306524,16.641762154395));
#848 = CARTESIAN_POINT('',(-3.569884686689,16.605719832907));
#849 = CARTESIAN_POINT('',(-3.564283301978,16.576136720359));
#850 = CARTESIAN_POINT('',(-3.558668706295,16.552465464171));
#851 = CARTESIAN_POINT('',(-3.553046736612,16.534237807689));
#852 = CARTESIAN_POINT('',(-3.544776106997,16.514887799467));
#853 = CARTESIAN_POINT('',(-3.542131013324,16.509820153491));
#854 = CARTESIAN_POINT('',(-3.539485660834,16.505832002395));
#855 = CARTESIAN_POINT('',(-3.536840464217,16.50288731311));
#856 = CARTESIAN_POINT('',(-3.53419579082,16.500953289849));
#857 = CARTESIAN_POINT('',(-3.531551962002,16.5));
#858 = CARTESIAN_POINT('',(-3.528909254478,16.5));
#859 = ( GEOMETRIC_REPRESENTATION_CONTEXT(2) 
PARAMETRIC_REPRESENTATION_CONTEXT() REPRESENTATION_CONTEXT('2D SPACE',''
  ) );
#860 = PCURVE('',#861,#866);
#861 = CYLINDRICAL_SURFACE('',#862,2.);
#862 = AXIS2_PLACEMENT_3D('',#863,#864,#865);
#863 = CARTESIAN_POINT('',(-37.5,-19.49358868961,18.5));
#864 = DIRECTION('',(0.,1.,-2.22044604925E-16));
#865 = DIRECTION('',(1.,0.,0.));
#866 = DEFINITIONAL_REPRESENTATION('',(#867),#906);
#867 = B_SPLINE_CURVE_WITH_KNOTS('',7,(#868,#869,#870,#871,#872,#873,
    #874,#875,#876,#877,#878,#879,#880,#881,#882,#883,#884,#885,#886,
    #887,#888,#889,#890,#891,#892,#893,#894,#895,#896,#897,#898,#899,
    #900,#901,#902,#903,#904,#905),.UNSPECIFIED.,.F.,.F.,(8,6,6,6,6,6,8)
  ,(0.,0.116394828867,0.20301420329,0.345999958047,0.577432399098,
    0.864892303635,1.),.UNSPECIFIED.);
#868 = CARTESIAN_POINT('',(0.,38.987177379236));
#869 = CARTESIAN_POINT('',(4.23129280424E-02,38.987177379236));
#870 = CARTESIAN_POINT('',(8.464707941137E-02,38.979569160177));
#871 = CARTESIAN_POINT('',(0.126628301416,38.964341201382));
#872 = CARTESIAN_POINT('',(0.167993634456,38.9418875617));
#873 = CARTESIAN_POINT('',(0.208548342668,38.912825378924));
#874 = CARTESIAN_POINT('',(0.24814295685,38.877874257307));
#875 = CARTESIAN_POINT('',(0.315341851921,38.807973023156));
#876 = CARTESIAN_POINT('',(0.34344254919,38.775288120946));
#877 = CARTESIAN_POINT('',(0.370954666875,38.740021781237));
#878 = CARTESIAN_POINT('',(0.397872937806,38.702441551701));
#879 = CARTESIAN_POINT('',(0.42420299076,38.662794416646));
#880 = CARTESIAN_POINT('',(0.449959759008,38.621297630655));
#881 = CARTESIAN_POINT('',(0.516774565029,38.506870433631));
#882 = CARTESIAN_POINT('',(0.556860531188,38.431096823405));
#883 = CARTESIAN_POINT('',(0.59554556051,38.351596437578));
#884 = CARTESIAN_POINT('',(0.632930460542,38.269013567134));
#885 = CARTESIAN_POINT('',(0.66911173876,38.183862917854));
#886 = CARTESIAN_POINT('',(0.704190599686,38.096531905057));
#887 = CARTESIAN_POINT('',(0.793441082804,37.862797040285));
#888 = CARTESIAN_POINT('',(0.845942288438,37.713422263178));
#889 = CARTESIAN_POINT('',(0.896215470315,37.560304223612));
#890 = CARTESIAN_POINT('',(0.944529466887,37.404283852856));
#891 = CARTESIAN_POINT('',(0.991118506354,37.245993187859));
#892 = CARTESIAN_POINT('',(1.036184191409,37.085843269905));
#893 = CARTESIAN_POINT('',(1.134249355874,36.723066952303));
#894 = CARTESIAN_POINT('',(1.186487023508,36.519697024931));
#895 = CARTESIAN_POINT('',(1.236971876245,36.314482846837));
#896 = CARTESIAN_POINT('',(1.285937567029,36.107849868997));
#897 = CARTESIAN_POINT('',(1.333571016604,35.900118540923));
#898 = CARTESIAN_POINT('',(1.380040765801,35.691513125979));
#899 = CARTESIAN_POINT('',(1.446862653646,35.383759490425));
#900 = CARTESIAN_POINT('',(1.468002154813,35.285203995716));
#901 = CARTESIAN_POINT('',(1.488930896323,35.186509429336));
#902 = CARTESIAN_POINT('',(1.509662423191,35.087692358793));
#903 = CARTESIAN_POINT('',(1.530209331539,34.988767704304));
#904 = CARTESIAN_POINT('',(1.550583500945,34.889748762543));
#905 = CARTESIAN_POINT('',(1.570796326795,34.790647230396));
#906 = ( GEOMETRIC_REPRESENTATION_CONTEXT(2) 
PARAMETRIC_REPRESENTATION_CONTEXT() REPRESENTATION_CONTEXT('2D SPACE',''
  ) );
#907 = ORIENTED_EDGE('',*,*,#908,.T.);
#908 = EDGE_CURVE('',#776,#909,#911,.T.);
#909 = VERTEX_POINT('',#910);
#910 = CARTESIAN_POINT('',(-37.5,-15.29705854077,16.5));
#911 = SURFACE_CURVE('',#912,(#917,#924),.PCURVE_S1.);
#912 = CIRCLE('',#913,40.5);
#913 = AXIS2_PLACEMENT_3D('',#914,#915,#916);
#914 = CARTESIAN_POINT('',(0.,3.663735981263E-15,16.5));
#915 = DIRECTION('',(-0.,2.22044604925E-16,1.));
#916 = DIRECTION('',(1.,0.,0.));
#917 = PCURVE('',#33,#918);
#918 = DEFINITIONAL_REPRESENTATION('',(#919),#923);
#919 = LINE('',#920,#921);
#920 = CARTESIAN_POINT('',(-6.28318530718,16.5));
#921 = VECTOR('',#922,1.);
#922 = DIRECTION('',(1.,-0.));
#923 = ( GEOMETRIC_REPRESENTATION_CONTEXT(2) 
PARAMETRIC_REPRESENTATION_CONTEXT() REPRESENTATION_CONTEXT('2D SPACE',''
  ) );
#924 = PCURVE('',#925,#930);
#925 = PLANE('',#926);
#926 = AXIS2_PLACEMENT_3D('',#927,#928,#929);
#927 = CARTESIAN_POINT('',(-65.5,-36.,16.5));
#928 = DIRECTION('',(0.,-2.22044604925E-16,-1.));
#929 = DIRECTION('',(1.,0.,0.));
#930 = DEFINITIONAL_REPRESENTATION('',(#931),#939);
#931 = ( BOUNDED_CURVE() B_SPLINE_CURVE(2,(#932,#933,#934,#935,#936,#937
,#938),.UNSPECIFIED.,.T.,.F.) B_SPLINE_CURVE_WITH_KNOTS((1,2,2,2,2,1),(
    -2.094395102393,0.,2.094395102393,4.188790204786,6.28318530718,
8.377580409573),.UNSPECIFIED.) CURVE() GEOMETRIC_REPRESENTATION_ITEM() 
RATIONAL_B_SPLINE_CURVE((1.,0.5,1.,0.5,1.,0.5,1.)) REPRESENTATION_ITEM(
  '') );
#932 = CARTESIAN_POINT('',(106.,-36.));
#933 = CARTESIAN_POINT('',(106.,-106.1480577065));
#934 = CARTESIAN_POINT('',(45.25,-71.07402885327));
#935 = CARTESIAN_POINT('',(-15.5,-36.));
#936 = CARTESIAN_POINT('',(45.25,-0.92597114673));
#937 = CARTESIAN_POINT('',(106.,34.14805770654));
#938 = CARTESIAN_POINT('',(106.,-36.));
#939 = ( GEOMETRIC_REPRESENTATION_CONTEXT(2) 
PARAMETRIC_REPRESENTATION_CONTEXT() REPRESENTATION_CONTEXT('2D SPACE',''
  ) );
#940 = ORIENTED_EDGE('',*,*,#941,.F.);
#941 = EDGE_CURVE('',#942,#909,#944,.T.);
#942 = VERTEX_POINT('',#943);
#943 = CARTESIAN_POINT('',(-35.5,-19.49358868961,18.5));
#944 = SURFACE_CURVE('',#945,(#984,#1026),.PCURVE_S1.);
#945 = B_SPLINE_CURVE_WITH_KNOTS('',7,(#946,#947,#948,#949,#950,#951,
    #952,#953,#954,#955,#956,#957,#958,#959,#960,#961,#962,#963,#964,
    #965,#966,#967,#968,#969,#970,#971,#972,#973,#974,#975,#976,#977,
    #978,#979,#980,#981,#982,#983),.UNSPECIFIED.,.F.,.F.,(8,6,6,6,6,6,8)
  ,(0.,0.116394828867,0.20301420329,0.345999958046,0.577432399098,
    0.864892303635,1.),.UNSPECIFIED.);
#946 = CARTESIAN_POINT('',(-35.5,-19.49358868961,18.5));
#947 = CARTESIAN_POINT('',(-35.5,-19.49358868961,18.415374143915));
#948 = CARTESIAN_POINT('',(-35.50417771202,-19.48598047055,18.3307056794
    ));
#949 = CARTESIAN_POINT('',(-35.51253989533,-19.47075251176,
    18.246991286089));
#950 = CARTESIAN_POINT('',(-35.52485571945,-19.44829887208,
    18.165003295258));
#951 = CARTESIAN_POINT('',(-35.54076102525,-19.4192366893,
    18.085327229834));
#952 = CARTESIAN_POINT('',(-35.55983062235,-19.38428556768,
    18.008390175191));
#953 = CARTESIAN_POINT('',(-35.59783294278,-19.31438433353,
    17.879477066329));
#954 = CARTESIAN_POINT('',(-35.61556459441,-19.28169943132,
    17.826111540255));
#955 = CARTESIAN_POINT('',(-35.63464876284,-19.24643309161,
    17.774452625415));
#956 = CARTESIAN_POINT('',(-35.65492755729,-19.20885286208,
    17.724529916078));
#957 = CARTESIAN_POINT('',(-35.67625523326,-19.16920572702,
    17.676340403425));
#958 = CARTESIAN_POINT('',(-35.69850341467,-19.12770894103,
    17.629855501091));
#959 = CARTESIAN_POINT('',(-35.75963708664,-19.01328174401,
    17.511029799468));
#960 = CARTESIAN_POINT('',(-35.7999065912,-18.93750813378,
    17.441587647007));
#961 = CARTESIAN_POINT('',(-35.8419062655,-18.85800774796,17.3764508452)
  );
#962 = CARTESIAN_POINT('',(-35.88525441469,-18.77542487751,
    17.315374966168));
#963 = CARTESIAN_POINT('',(-35.92964832665,-18.69027422823,
    17.258108807816));
#964 = CARTESIAN_POINT('',(-35.97486033195,-18.60294321543,
    17.204393663087));
#965 = CARTESIAN_POINT('',(-36.0949937159,-18.36920835066,
    17.072368797975));
#966 = CARTESIAN_POINT('',(-36.17091366218,-18.21983357356,
    16.999484879359));
#967 = CARTESIAN_POINT('',(-36.24780598124,-18.06671553399,
    16.934250789926));
#968 = CARTESIAN_POINT('',(-36.32517915931,-17.91069516323,
    16.875916918766));
#969 = CARTESIAN_POINT('',(-36.40267426203,-17.75240449824,
    16.823817836825));
#970 = CARTESIAN_POINT('',(-36.48005908219,-17.59225458028,
    16.777393639312));
#971 = CARTESIAN_POINT('',(-36.65303058986,-17.22947826268,
    16.684938442262));
#972 = CARTESIAN_POINT('',(-36.74841519102,-17.02610833531,
    16.641762154395));
#973 = CARTESIAN_POINT('',(-36.84304665613,-16.82089415721,
    16.605719832907));
#974 = CARTESIAN_POINT('',(-36.93669746859,-16.61426117937,
    16.576136720359));
#975 = CARTESIAN_POINT('',(-37.02920684472,-16.4065298513,
    16.552465464171));
#976 = CARTESIAN_POINT('',(-37.12046828513,-16.19792443636,
    16.534237807689));
#977 = CARTESIAN_POINT('',(-37.25270381728,-15.8901708008,
    16.514887799467));
#978 = CARTESIAN_POINT('',(-37.29469151158,-15.79161530609,
    16.509820153491));
#979 = CARTESIAN_POINT('',(-37.33637899472,-15.69292073971,
    16.505832002395));
#980 = CARTESIAN_POINT('',(-37.3777591776,-15.59410366917,16.50288731311
    ));
#981 = CARTESIAN_POINT('',(-37.41882599821,-15.49517901468,
    16.500953289849));
#982 = CARTESIAN_POINT('',(-37.4595743483,-15.39616007292,16.5));
#983 = CARTESIAN_POINT('',(-37.5,-15.29705854077,16.5));
#984 = PCURVE('',#33,#985);
#985 = DEFINITIONAL_REPRESENTATION('',(#986),#1025);
#986 = B_SPLINE_CURVE_WITH_KNOTS('',7,(#987,#988,#989,#990,#991,#992,
    #993,#994,#995,#996,#997,#998,#999,#1000,#1001,#1002,#1003,#1004,
    #1005,#1006,#1007,#1008,#1009,#1010,#1011,#1012,#1013,#1014,#1015,
    #1016,#1017,#1018,#1019,#1020,#1021,#1022,#1023,#1024),
  .UNSPECIFIED.,.F.,.F.,(8,6,6,6,6,6,8),(0.,0.116394828867,0.20301420329
    ,0.345999958046,0.577432399098,0.864892303635,1.),.UNSPECIFIED.);
#987 = CARTESIAN_POINT('',(-2.63942902518,18.5));
#988 = CARTESIAN_POINT('',(-2.63942902518,18.415374143915));
#989 = CARTESIAN_POINT('',(-2.639643340275,18.3307056794));
#990 = CARTESIAN_POINT('',(-2.640072300279,18.246991286089));
#991 = CARTESIAN_POINT('',(-2.640704632921,18.165003295258));
#992 = CARTESIAN_POINT('',(-2.641522653988,18.085327229834));
#993 = CARTESIAN_POINT('',(-2.642505738091,18.008390175191));
#994 = CARTESIAN_POINT('',(-2.644470270252,17.879477066329));
#995 = CARTESIAN_POINT('',(-2.645388414752,17.826111540255));
#996 = CARTESIAN_POINT('',(-2.646378509634,17.774452625415));
#997 = CARTESIAN_POINT('',(-2.647432890813,17.724529916078));
#998 = CARTESIAN_POINT('',(-2.648544484434,17.676340403425));
#999 = CARTESIAN_POINT('',(-2.649707067269,17.629855501091));
#1000 = CARTESIAN_POINT('',(-2.652910375769,17.511029799468));
#1001 = CARTESIAN_POINT('',(-2.65502912418,17.441587647007));
#1002 = CARTESIAN_POINT('',(-2.65724917841,17.3764508452));
#1003 = CARTESIAN_POINT('',(-2.659552086433,17.315374966168));
#1004 = CARTESIAN_POINT('',(-2.661923142463,17.258108807816));
#1005 = CARTESIAN_POINT('',(-2.664351289558,17.204393663087));
#1006 = CARTESIAN_POINT('',(-2.67084018676,17.072368797975));
#1007 = CARTESIAN_POINT('',(-2.674977450886,16.999484879359));
#1008 = CARTESIAN_POINT('',(-2.67920799964,16.934250789925));
#1009 = CARTESIAN_POINT('',(-2.683507953314,16.875916918766));
#1010 = CARTESIAN_POINT('',(-2.687859528666,16.823817836825));
#1011 = CARTESIAN_POINT('',(-2.692251228716,16.777393639312));
#1012 = CARTESIAN_POINT('',(-2.70217475275,16.684938442262));
#1013 = CARTESIAN_POINT('',(-2.707721000655,16.641762154395));
#1014 = CARTESIAN_POINT('',(-2.71330062049,16.605719832907));
#1015 = CARTESIAN_POINT('',(-2.718902005202,16.576136720359));
#1016 = CARTESIAN_POINT('',(-2.724516600884,16.552465464171));
#1017 = CARTESIAN_POINT('',(-2.730138570568,16.534237807689));
#1018 = CARTESIAN_POINT('',(-2.738409200183,16.514887799467));
#1019 = CARTESIAN_POINT('',(-2.741054293856,16.509820153491));
#1020 = CARTESIAN_POINT('',(-2.743699646345,16.505832002395));
#1021 = CARTESIAN_POINT('',(-2.746344842963,16.50288731311));
#1022 = CARTESIAN_POINT('',(-2.74898951636,16.500953289849));
#1023 = CARTESIAN_POINT('',(-2.751633345177,16.5));
#1024 = CARTESIAN_POINT('',(-2.754276052701,16.5));
#1025 = ( GEOMETRIC_REPRESENTATION_CONTEXT(2) 
PARAMETRIC_REPRESENTATION_CONTEXT() REPRESENTATION_CONTEXT('2D SPACE',''
  ) );
#1026 = PCURVE('',#861,#1027);
#1027 = DEFINITIONAL_REPRESENTATION('',(#1028),#1067);
#1028 = B_SPLINE_CURVE_WITH_KNOTS('',7,(#1029,#1030,#1031,#1032,#1033,
    #1034,#1035,#1036,#1037,#1038,#1039,#1040,#1041,#1042,#1043,#1044,
    #1045,#1046,#1047,#1048,#1049,#1050,#1051,#1052,#1053,#1054,#1055,
    #1056,#1057,#1058,#1059,#1060,#1061,#1062,#1063,#1064,#1065,#1066),
  .UNSPECIFIED.,.F.,.F.,(8,6,6,6,6,6,8),(0.,0.116394828867,0.20301420329
    ,0.345999958046,0.577432399098,0.864892303635,1.),.UNSPECIFIED.);
#1029 = CARTESIAN_POINT('',(0.,-2.13162820728E-14));
#1030 = CARTESIAN_POINT('',(4.23129280424E-02,-2.13162820728E-14));
#1031 = CARTESIAN_POINT('',(8.464707941134E-02,7.608219058863E-03));
#1032 = CARTESIAN_POINT('',(0.126628301416,2.283617785411E-02));
#1033 = CARTESIAN_POINT('',(0.167993634456,4.528981753556E-02));
#1034 = CARTESIAN_POINT('',(0.208548342668,7.435200031179E-02));
#1035 = CARTESIAN_POINT('',(0.24814295685,0.109303121929));
#1036 = CARTESIAN_POINT('',(0.315341851921,0.17920435608));
#1037 = CARTESIAN_POINT('',(0.34344254919,0.21188925829));
#1038 = CARTESIAN_POINT('',(0.370954666875,0.247155597999));
#1039 = CARTESIAN_POINT('',(0.397872937806,0.284735827535));
#1040 = CARTESIAN_POINT('',(0.42420299076,0.32438296259));
#1041 = CARTESIAN_POINT('',(0.449959759008,0.365879748581));
#1042 = CARTESIAN_POINT('',(0.516774565029,0.480306945605));
#1043 = CARTESIAN_POINT('',(0.556860531188,0.55608055583));
#1044 = CARTESIAN_POINT('',(0.59554556051,0.635580941657));
#1045 = CARTESIAN_POINT('',(0.632930460542,0.718163812102));
#1046 = CARTESIAN_POINT('',(0.66911173876,0.803314461382));
#1047 = CARTESIAN_POINT('',(0.704190599686,0.890645474179));
#1048 = CARTESIAN_POINT('',(0.793441082804,1.124380338951));
#1049 = CARTESIAN_POINT('',(0.845942288438,1.273755116058));
#1050 = CARTESIAN_POINT('',(0.896215470315,1.426873155623));
#1051 = CARTESIAN_POINT('',(0.944529466887,1.58289352638));
#1052 = CARTESIAN_POINT('',(0.991118506354,1.741184191376));
#1053 = CARTESIAN_POINT('',(1.036184191409,1.901334109331));
#1054 = CARTESIAN_POINT('',(1.134249355874,2.264110426933));
#1055 = CARTESIAN_POINT('',(1.186487023508,2.467480354304));
#1056 = CARTESIAN_POINT('',(1.236971876245,2.672694532399));
#1057 = CARTESIAN_POINT('',(1.285937567029,2.879327510239));
#1058 = CARTESIAN_POINT('',(1.333571016604,3.087058838313));
#1059 = CARTESIAN_POINT('',(1.380040765801,3.295664253257));
#1060 = CARTESIAN_POINT('',(1.446862653646,3.603417888811));
#1061 = CARTESIAN_POINT('',(1.468002154813,3.70197338352));
#1062 = CARTESIAN_POINT('',(1.488930896323,3.8006679499));
#1063 = CARTESIAN_POINT('',(1.509662423191,3.899485020442));
#1064 = CARTESIAN_POINT('',(1.530209331539,3.998409674931));
#1065 = CARTESIAN_POINT('',(1.550583500945,4.097428616693));
#1066 = CARTESIAN_POINT('',(1.570796326795,4.19653014884));
#1067 = ( GEOMETRIC_REPRESENTATION_CONTEXT(2) 
PARAMETRIC_REPRESENTATION_CONTEXT() REPRESENTATION_CONTEXT('2D SPACE',''
  ) );
#1068 = ORIENTED_EDGE('',*,*,#1069,.T.);
#1069 = EDGE_CURVE('',#942,#1070,#1072,.T.);
#1070 = VERTEX_POINT('',#1071);
#1071 = CARTESIAN_POINT('',(-35.5,-19.49358868961,41.5));
#1072 = SURFACE_CURVE('',#1073,(#1077,#1084),.PCURVE_S1.);
#1073 = LINE('',#1074,#1075);
#1074 = CARTESIAN_POINT('',(-35.5,-19.49358868961,4.328446199157E-15));
#1075 = VECTOR('',#1076,1.);
#1076 = DIRECTION('',(0.,2.22044604925E-16,1.));
#1077 = PCURVE('',#33,#1078);
#1078 = DEFINITIONAL_REPRESENTATION('',(#1079),#1083);
#1079 = LINE('',#1080,#1081);
#1080 = CARTESIAN_POINT('',(-2.63942902518,0.));
#1081 = VECTOR('',#1082,1.);
#1082 = DIRECTION('',(-0.,1.));
#1083 = ( GEOMETRIC_REPRESENTATION_CONTEXT(2) 
PARAMETRIC_REPRESENTATION_CONTEXT() REPRESENTATION_CONTEXT('2D SPACE',''
  ) );
#1084 = PCURVE('',#763,#1085);
#1085 = DEFINITIONAL_REPRESENTATION('',(#1086),#1090);
#1086 = LINE('',#1087,#1088);
#1087 = CARTESIAN_POINT('',(-16.5,-16.50641131038));
#1088 = VECTOR('',#1089,1.);
#1089 = DIRECTION('',(1.,0.));
#1090 = ( GEOMETRIC_REPRESENTATION_CONTEXT(2) 
PARAMETRIC_REPRESENTATION_CONTEXT() REPRESENTATION_CONTEXT('2D SPACE',''
  ) );
#1091 = ORIENTED_EDGE('',*,*,#1092,.T.);
#1092 = EDGE_CURVE('',#1070,#1093,#1095,.T.);
#1093 = VERTEX_POINT('',#1094);
#1094 = CARTESIAN_POINT('',(-37.5,-15.29705854077,43.5));
#1095 = SURFACE_CURVE('',#1096,(#1135,#1177),.PCURVE_S1.);
#1096 = B_SPLINE_CURVE_WITH_KNOTS('',7,(#1097,#1098,#1099,#1100,#1101,
    #1102,#1103,#1104,#1105,#1106,#1107,#1108,#1109,#1110,#1111,#1112,
    #1113,#1114,#1115,#1116,#1117,#1118,#1119,#1120,#1121,#1122,#1123,
    #1124,#1125,#1126,#1127,#1128,#1129,#1130,#1131,#1132,#1133,#1134),
  .UNSPECIFIED.,.F.,.F.,(8,6,6,6,6,6,8),(0.,0.116394828867,0.20301420329
    ,0.345999958047,0.577432399098,0.864892303635,1.),.UNSPECIFIED.);
#1097 = CARTESIAN_POINT('',(-35.5,-19.49358868961,41.5));
#1098 = CARTESIAN_POINT('',(-35.5,-19.49358868961,41.584625856085));
#1099 = CARTESIAN_POINT('',(-35.50417771202,-19.48598047055,
    41.6692943206));
#1100 = CARTESIAN_POINT('',(-35.51253989533,-19.47075251176,
    41.753008713911));
#1101 = CARTESIAN_POINT('',(-35.52485571945,-19.44829887208,
    41.834996704742));
#1102 = CARTESIAN_POINT('',(-35.54076102525,-19.4192366893,
    41.914672770166));
#1103 = CARTESIAN_POINT('',(-35.55983062235,-19.38428556768,
    41.991609824809));
#1104 = CARTESIAN_POINT('',(-35.59783294278,-19.31438433353,
    42.120522933671));
#1105 = CARTESIAN_POINT('',(-35.61556459441,-19.28169943132,
    42.173888459745));
#1106 = CARTESIAN_POINT('',(-35.63464876284,-19.24643309161,
    42.225547374585));
#1107 = CARTESIAN_POINT('',(-35.65492755729,-19.20885286208,
    42.275470083922));
#1108 = CARTESIAN_POINT('',(-35.67625523326,-19.16920572702,
    42.323659596575));
#1109 = CARTESIAN_POINT('',(-35.69850341467,-19.12770894103,
    42.370144498909));
#1110 = CARTESIAN_POINT('',(-35.75963708664,-19.01328174401,
    42.488970200532));
#1111 = CARTESIAN_POINT('',(-35.7999065912,-18.93750813378,
    42.558412352993));
#1112 = CARTESIAN_POINT('',(-35.8419062655,-18.85800774796,42.6235491548
    ));
#1113 = CARTESIAN_POINT('',(-35.88525441469,-18.77542487751,
    42.684625033832));
#1114 = CARTESIAN_POINT('',(-35.92964832665,-18.69027422823,
    42.741891192184));
#1115 = CARTESIAN_POINT('',(-35.97486033195,-18.60294321543,
    42.795606336913));
#1116 = CARTESIAN_POINT('',(-36.0949937159,-18.36920835066,
    42.927631202025));
#1117 = CARTESIAN_POINT('',(-36.17091366218,-18.21983357356,
    43.000515120641));
#1118 = CARTESIAN_POINT('',(-36.24780598124,-18.06671553399,
    43.065749210074));
#1119 = CARTESIAN_POINT('',(-36.32517915931,-17.91069516323,
    43.124083081234));
#1120 = CARTESIAN_POINT('',(-36.40267426203,-17.75240449824,
    43.176182163175));
#1121 = CARTESIAN_POINT('',(-36.48005908219,-17.59225458028,
    43.222606360688));
#1122 = CARTESIAN_POINT('',(-36.65303058986,-17.22947826268,
    43.315061557738));
#1123 = CARTESIAN_POINT('',(-36.74841519102,-17.02610833531,
    43.358237845605));
#1124 = CARTESIAN_POINT('',(-36.84304665613,-16.82089415721,
    43.394280167093));
#1125 = CARTESIAN_POINT('',(-36.93669746859,-16.61426117937,
    43.423863279641));
#1126 = CARTESIAN_POINT('',(-37.02920684472,-16.4065298513,
    43.447534535829));
#1127 = CARTESIAN_POINT('',(-37.12046828513,-16.19792443636,
    43.465762192311));
#1128 = CARTESIAN_POINT('',(-37.25270381728,-15.8901708008,
    43.485112200533));
#1129 = CARTESIAN_POINT('',(-37.29469151158,-15.79161530609,
    43.490179846509));
#1130 = CARTESIAN_POINT('',(-37.33637899472,-15.69292073971,
    43.494167997605));
#1131 = CARTESIAN_POINT('',(-37.3777591776,-15.59410366917,
    43.49711268689));
#1132 = CARTESIAN_POINT('',(-37.41882599821,-15.49517901468,
    43.499046710151));
#1133 = CARTESIAN_POINT('',(-37.4595743483,-15.39616007292,43.5));
#1134 = CARTESIAN_POINT('',(-37.5,-15.29705854077,43.5));
#1135 = PCURVE('',#33,#1136);
#1136 = DEFINITIONAL_REPRESENTATION('',(#1137),#1176);
#1137 = B_SPLINE_CURVE_WITH_KNOTS('',7,(#1138,#1139,#1140,#1141,#1142,
    #1143,#1144,#1145,#1146,#1147,#1148,#1149,#1150,#1151,#1152,#1153,
    #1154,#1155,#1156,#1157,#1158,#1159,#1160,#1161,#1162,#1163,#1164,
    #1165,#1166,#1167,#1168,#1169,#1170,#1171,#1172,#1173,#1174,#1175),
  .UNSPECIFIED.,.F.,.F.,(8,6,6,6,6,6,8),(0.,0.116394828867,0.20301420329
    ,0.345999958047,0.577432399098,0.864892303635,1.),.UNSPECIFIED.);
#1138 = CARTESIAN_POINT('',(-2.63942902518,41.5));
#1139 = CARTESIAN_POINT('',(-2.63942902518,41.584625856085));
#1140 = CARTESIAN_POINT('',(-2.639643340275,41.6692943206));
#1141 = CARTESIAN_POINT('',(-2.640072300279,41.753008713911));
#1142 = CARTESIAN_POINT('',(-2.640704632921,41.834996704742));
#1143 = CARTESIAN_POINT('',(-2.641522653988,41.914672770166));
#1144 = CARTESIAN_POINT('',(-2.642505738091,41.991609824809));
#1145 = CARTESIAN_POINT('',(-2.644470270252,42.120522933671));
#1146 = CARTESIAN_POINT('',(-2.645388414752,42.173888459745));
#1147 = CARTESIAN_POINT('',(-2.646378509634,42.225547374585));
#1148 = CARTESIAN_POINT('',(-2.647432890813,42.275470083922));
#1149 = CARTESIAN_POINT('',(-2.648544484434,42.323659596575));
#1150 = CARTESIAN_POINT('',(-2.649707067269,42.370144498909));
#1151 = CARTESIAN_POINT('',(-2.652910375769,42.488970200532));
#1152 = CARTESIAN_POINT('',(-2.65502912418,42.558412352993));
#1153 = CARTESIAN_POINT('',(-2.65724917841,42.6235491548));
#1154 = CARTESIAN_POINT('',(-2.659552086433,42.684625033832));
#1155 = CARTESIAN_POINT('',(-2.661923142463,42.741891192184));
#1156 = CARTESIAN_POINT('',(-2.664351289558,42.795606336913));
#1157 = CARTESIAN_POINT('',(-2.67084018676,42.927631202025));
#1158 = CARTESIAN_POINT('',(-2.674977450886,43.000515120641));
#1159 = CARTESIAN_POINT('',(-2.67920799964,43.065749210074));
#1160 = CARTESIAN_POINT('',(-2.683507953314,43.124083081234));
#1161 = CARTESIAN_POINT('',(-2.687859528666,43.176182163175));
#1162 = CARTESIAN_POINT('',(-2.692251228716,43.222606360688));
#1163 = CARTESIAN_POINT('',(-2.70217475275,43.315061557738));
#1164 = CARTESIAN_POINT('',(-2.707721000655,43.358237845605));
#1165 = CARTESIAN_POINT('',(-2.71330062049,43.394280167093));
#1166 = CARTESIAN_POINT('',(-2.718902005202,43.423863279641));
#1167 = CARTESIAN_POINT('',(-2.724516600884,43.447534535829));
#1168 = CARTESIAN_POINT('',(-2.730138570568,43.465762192311));
#1169 = CARTESIAN_POINT('',(-2.738409200183,43.485112200533));
#1170 = CARTESIAN_POINT('',(-2.741054293856,43.490179846509));
#1171 = CARTESIAN_POINT('',(-2.743699646345,43.494167997605));
#1172 = CARTESIAN_POINT('',(-2.746344842963,43.49711268689));
#1173 = CARTESIAN_POINT('',(-2.74898951636,43.499046710151));
#1174 = CARTESIAN_POINT('',(-2.751633345177,43.5));
#1175 = CARTESIAN_POINT('',(-2.754276052701,43.5));
#1176 = ( GEOMETRIC_REPRESENTATION_CONTEXT(2) 
PARAMETRIC_REPRESENTATION_CONTEXT() REPRESENTATION_CONTEXT('2D SPACE',''
  ) );
#1177 = PCURVE('',#1178,#1183);
#1178 = CYLINDRICAL_SURFACE('',#1179,2.);
#1179 = AXIS2_PLACEMENT_3D('',#1180,#1181,#1182);
#1180 = CARTESIAN_POINT('',(-37.5,-19.49358868961,41.5));
#1181 = DIRECTION('',(0.,1.,-2.22044604925E-16));
#1182 = DIRECTION('',(1.,0.,0.));
#1183 = DEFINITIONAL_REPRESENTATION('',(#1184),#1223);
#1184 = B_SPLINE_CURVE_WITH_KNOTS('',7,(#1185,#1186,#1187,#1188,#1189,
    #1190,#1191,#1192,#1193,#1194,#1195,#1196,#1197,#1198,#1199,#1200,
    #1201,#1202,#1203,#1204,#1205,#1206,#1207,#1208,#1209,#1210,#1211,
    #1212,#1213,#1214,#1215,#1216,#1217,#1218,#1219,#1220,#1221,#1222),
  .UNSPECIFIED.,.F.,.F.,(8,6,6,6,6,6,8),(0.,0.116394828867,0.20301420329
    ,0.345999958047,0.577432399098,0.864892303635,1.),.UNSPECIFIED.);
#1185 = CARTESIAN_POINT('',(0.,-1.7763568394E-14));
#1186 = CARTESIAN_POINT('',(-4.23129280424E-02,-1.7763568394E-14));
#1187 = CARTESIAN_POINT('',(-8.464707941135E-02,7.608219058874E-03));
#1188 = CARTESIAN_POINT('',(-0.126628301416,2.28361778541E-02));
#1189 = CARTESIAN_POINT('',(-0.167993634456,4.528981753556E-02));
#1190 = CARTESIAN_POINT('',(-0.208548342668,7.435200031182E-02));
#1191 = CARTESIAN_POINT('',(-0.24814295685,0.109303121929));
#1192 = CARTESIAN_POINT('',(-0.315341851921,0.17920435608));
#1193 = CARTESIAN_POINT('',(-0.34344254919,0.21188925829));
#1194 = CARTESIAN_POINT('',(-0.370954666875,0.247155597999));
#1195 = CARTESIAN_POINT('',(-0.397872937806,0.284735827535));
#1196 = CARTESIAN_POINT('',(-0.42420299076,0.32438296259));
#1197 = CARTESIAN_POINT('',(-0.449959759008,0.365879748581));
#1198 = CARTESIAN_POINT('',(-0.516774565029,0.480306945605));
#1199 = CARTESIAN_POINT('',(-0.556860531188,0.55608055583));
#1200 = CARTESIAN_POINT('',(-0.59554556051,0.635580941657));
#1201 = CARTESIAN_POINT('',(-0.632930460542,0.718163812102));
#1202 = CARTESIAN_POINT('',(-0.66911173876,0.803314461382));
#1203 = CARTESIAN_POINT('',(-0.704190599686,0.890645474179));
#1204 = CARTESIAN_POINT('',(-0.793441082804,1.124380338951));
#1205 = CARTESIAN_POINT('',(-0.845942288438,1.273755116058));
#1206 = CARTESIAN_POINT('',(-0.896215470315,1.426873155623));
#1207 = CARTESIAN_POINT('',(-0.944529466887,1.58289352638));
#1208 = CARTESIAN_POINT('',(-0.991118506354,1.741184191376));
#1209 = CARTESIAN_POINT('',(-1.036184191409,1.901334109331));
#1210 = CARTESIAN_POINT('',(-1.134249355874,2.264110426933));
#1211 = CARTESIAN_POINT('',(-1.186487023508,2.467480354304));
#1212 = CARTESIAN_POINT('',(-1.236971876245,2.672694532399));
#1213 = CARTESIAN_POINT('',(-1.285937567029,2.879327510239));
#1214 = CARTESIAN_POINT('',(-1.333571016604,3.087058838313));
#1215 = CARTESIAN_POINT('',(-1.380040765801,3.295664253257));
#1216 = CARTESIAN_POINT('',(-1.446862653646,3.603417888811));
#1217 = CARTESIAN_POINT('',(-1.468002154813,3.70197338352));
#1218 = CARTESIAN_POINT('',(-1.488930896323,3.8006679499));
#1219 = CARTESIAN_POINT('',(-1.509662423191,3.899485020442));
#1220 = CARTESIAN_POINT('',(-1.530209331539,3.998409674931));
#1221 = CARTESIAN_POINT('',(-1.550583500945,4.097428616693));
#1222 = CARTESIAN_POINT('',(-1.570796326795,4.19653014884));
#1223 = ( GEOMETRIC_REPRESENTATION_CONTEXT(2) 
PARAMETRIC_REPRESENTATION_CONTEXT() REPRESENTATION_CONTEXT('2D SPACE',''
  ) );
#1224 = ORIENTED_EDGE('',*,*,#1225,.F.);
#1225 = EDGE_CURVE('',#1226,#1093,#1228,.T.);
#1226 = VERTEX_POINT('',#1227);
#1227 = CARTESIAN_POINT('',(-37.5,15.297058540778,43.5));
#1228 = SURFACE_CURVE('',#1229,(#1234,#1241),.PCURVE_S1.);
#1229 = CIRCLE('',#1230,40.5);
#1230 = AXIS2_PLACEMENT_3D('',#1231,#1232,#1233);
#1231 = CARTESIAN_POINT('',(0.,9.658940314239E-15,43.5));
#1232 = DIRECTION('',(-0.,2.22044604925E-16,1.));
#1233 = DIRECTION('',(1.,0.,0.));
#1234 = PCURVE('',#33,#1235);
#1235 = DEFINITIONAL_REPRESENTATION('',(#1236),#1240);
#1236 = LINE('',#1237,#1238);
#1237 = CARTESIAN_POINT('',(-6.28318530718,43.5));
#1238 = VECTOR('',#1239,1.);
#1239 = DIRECTION('',(1.,-0.));
#1240 = ( GEOMETRIC_REPRESENTATION_CONTEXT(2) 
PARAMETRIC_REPRESENTATION_CONTEXT() REPRESENTATION_CONTEXT('2D SPACE',''
  ) );
#1241 = PCURVE('',#1242,#1247);
#1242 = PLANE('',#1243);
#1243 = AXIS2_PLACEMENT_3D('',#1244,#1245,#1246);
#1244 = CARTESIAN_POINT('',(-35.5,-36.,43.5));
#1245 = DIRECTION('',(0.,2.22044604925E-16,1.));
#1246 = DIRECTION('',(-1.,0.,0.));
#1247 = DEFINITIONAL_REPRESENTATION('',(#1248),#1252);
#1248 = CIRCLE('',#1249,40.5);
#1249 = AXIS2_PLACEMENT_2D('',#1250,#1251);
#1250 = CARTESIAN_POINT('',(-35.5,-36.));
#1251 = DIRECTION('',(-1.,0.));
#1252 = ( GEOMETRIC_REPRESENTATION_CONTEXT(2) 
PARAMETRIC_REPRESENTATION_CONTEXT() REPRESENTATION_CONTEXT('2D SPACE',''
  ) );
#1253 = ORIENTED_EDGE('',*,*,#1254,.F.);
#1254 = EDGE_CURVE('',#748,#1226,#1255,.T.);
#1255 = SURFACE_CURVE('',#1256,(#1295,#1337),.PCURVE_S1.);
#1256 = B_SPLINE_CURVE_WITH_KNOTS('',7,(#1257,#1258,#1259,#1260,#1261,
    #1262,#1263,#1264,#1265,#1266,#1267,#1268,#1269,#1270,#1271,#1272,
    #1273,#1274,#1275,#1276,#1277,#1278,#1279,#1280,#1281,#1282,#1283,
    #1284,#1285,#1286,#1287,#1288,#1289,#1290,#1291,#1292,#1293,#1294),
  .UNSPECIFIED.,.F.,.F.,(8,6,6,6,6,6,8),(0.,0.116394828867,0.20301420329
    ,0.345999958047,0.577432399098,0.864892303635,1.),.UNSPECIFIED.);
#1257 = CARTESIAN_POINT('',(-35.5,19.493588689618,41.5));
#1258 = CARTESIAN_POINT('',(-35.5,19.493588689618,41.584625856085));
#1259 = CARTESIAN_POINT('',(-35.50417771202,19.485980470559,
    41.6692943206));
#1260 = CARTESIAN_POINT('',(-35.51253989533,19.470752511764,
    41.753008713911));
#1261 = CARTESIAN_POINT('',(-35.52485571945,19.448298872082,
    41.834996704742));
#1262 = CARTESIAN_POINT('',(-35.54076102525,19.419236689306,
    41.914672770166));
#1263 = CARTESIAN_POINT('',(-35.55983062235,19.384285567689,
    41.991609824809));
#1264 = CARTESIAN_POINT('',(-35.59783294278,19.314384333538,
    42.120522933671));
#1265 = CARTESIAN_POINT('',(-35.61556459441,19.281699431328,
    42.173888459745));
#1266 = CARTESIAN_POINT('',(-35.63464876284,19.246433091619,
    42.225547374585));
#1267 = CARTESIAN_POINT('',(-35.65492755729,19.208852862083,
    42.275470083922));
#1268 = CARTESIAN_POINT('',(-35.67625523326,19.169205727028,
    42.323659596575));
#1269 = CARTESIAN_POINT('',(-35.69850341467,19.127708941037,
    42.370144498909));
#1270 = CARTESIAN_POINT('',(-35.75963708664,19.013281744013,
    42.488970200532));
#1271 = CARTESIAN_POINT('',(-35.7999065912,18.937508133788,
    42.558412352993));
#1272 = CARTESIAN_POINT('',(-35.8419062655,18.85800774796,42.6235491548)
  );
#1273 = CARTESIAN_POINT('',(-35.88525441469,18.775424877516,
    42.684625033832));
#1274 = CARTESIAN_POINT('',(-35.92964832665,18.690274228236,
    42.741891192184));
#1275 = CARTESIAN_POINT('',(-35.97486033195,18.602943215439,
    42.795606336913));
#1276 = CARTESIAN_POINT('',(-36.0949937159,18.369208350667,
    42.927631202025));
#1277 = CARTESIAN_POINT('',(-36.17091366218,18.21983357356,
    43.000515120642));
#1278 = CARTESIAN_POINT('',(-36.24780598124,18.066715533996,
    43.065749210074));
#1279 = CARTESIAN_POINT('',(-36.32517915931,17.910695163237,
    43.124083081235));
#1280 = CARTESIAN_POINT('',(-36.40267426203,17.752404498242,
    43.176182163174));
#1281 = CARTESIAN_POINT('',(-36.48005908219,17.592254580287,
    43.222606360688));
#1282 = CARTESIAN_POINT('',(-36.65303058986,17.229478262685,
    43.315061557738));
#1283 = CARTESIAN_POINT('',(-36.74841519102,17.026108335314,
    43.358237845605));
#1284 = CARTESIAN_POINT('',(-36.84304665613,16.820894157219,
    43.394280167093));
#1285 = CARTESIAN_POINT('',(-36.93669746859,16.614261179379,
    43.423863279641));
#1286 = CARTESIAN_POINT('',(-37.02920684472,16.406529851305,
    43.447534535829));
#1287 = CARTESIAN_POINT('',(-37.12046828513,16.197924436361,
    43.465762192311));
#1288 = CARTESIAN_POINT('',(-37.25270381728,15.890170800807,
    43.485112200533));
#1289 = CARTESIAN_POINT('',(-37.29469151158,15.791615306098,
    43.490179846509));
#1290 = CARTESIAN_POINT('',(-37.33637899472,15.692920739718,
    43.494167997605));
#1291 = CARTESIAN_POINT('',(-37.3777591776,15.594103669176,
    43.49711268689));
#1292 = CARTESIAN_POINT('',(-37.41882599821,15.495179014686,
    43.499046710151));
#1293 = CARTESIAN_POINT('',(-37.4595743483,15.396160072925,43.5));
#1294 = CARTESIAN_POINT('',(-37.5,15.297058540778,43.5));
#1295 = PCURVE('',#33,#1296);
#1296 = DEFINITIONAL_REPRESENTATION('',(#1297),#1336);
#1297 = B_SPLINE_CURVE_WITH_KNOTS('',7,(#1298,#1299,#1300,#1301,#1302,
    #1303,#1304,#1305,#1306,#1307,#1308,#1309,#1310,#1311,#1312,#1313,
    #1314,#1315,#1316,#1317,#1318,#1319,#1320,#1321,#1322,#1323,#1324,
    #1325,#1326,#1327,#1328,#1329,#1330,#1331,#1332,#1333,#1334,#1335),
  .UNSPECIFIED.,.F.,.F.,(8,6,6,6,6,6,8),(0.,0.116394828867,0.20301420329
    ,0.345999958047,0.577432399098,0.864892303635,1.),.UNSPECIFIED.);
#1298 = CARTESIAN_POINT('',(-3.643756281999,41.5));
#1299 = CARTESIAN_POINT('',(-3.643756281999,41.584625856085));
#1300 = CARTESIAN_POINT('',(-3.643541966904,41.6692943206));
#1301 = CARTESIAN_POINT('',(-3.643113006901,41.753008713911));
#1302 = CARTESIAN_POINT('',(-3.642480674259,41.834996704742));
#1303 = CARTESIAN_POINT('',(-3.641662653192,41.914672770166));
#1304 = CARTESIAN_POINT('',(-3.640679569089,41.991609824809));
#1305 = CARTESIAN_POINT('',(-3.638715036927,42.120522933671));
#1306 = CARTESIAN_POINT('',(-3.637796892427,42.173888459745));
#1307 = CARTESIAN_POINT('',(-3.636806797546,42.225547374585));
#1308 = CARTESIAN_POINT('',(-3.635752416367,42.275470083922));
#1309 = CARTESIAN_POINT('',(-3.634640822745,42.323659596575));
#1310 = CARTESIAN_POINT('',(-3.633478239911,42.370144498909));
#1311 = CARTESIAN_POINT('',(-3.630274931411,42.488970200532));
#1312 = CARTESIAN_POINT('',(-3.628156183,42.558412352993));
#1313 = CARTESIAN_POINT('',(-3.625936128769,42.6235491548));
#1314 = CARTESIAN_POINT('',(-3.623633220747,42.684625033832));
#1315 = CARTESIAN_POINT('',(-3.621262164716,42.741891192184));
#1316 = CARTESIAN_POINT('',(-3.618834017622,42.795606336913));
#1317 = CARTESIAN_POINT('',(-3.61234512042,42.927631202025));
#1318 = CARTESIAN_POINT('',(-3.608207856294,43.000515120642));
#1319 = CARTESIAN_POINT('',(-3.60397730754,43.065749210074));
#1320 = CARTESIAN_POINT('',(-3.599677353866,43.124083081235));
#1321 = CARTESIAN_POINT('',(-3.595325778514,43.176182163174));
#1322 = CARTESIAN_POINT('',(-3.590934078464,43.222606360688));
#1323 = CARTESIAN_POINT('',(-3.581010554429,43.315061557738));
#1324 = CARTESIAN_POINT('',(-3.575464306524,43.358237845605));
#1325 = CARTESIAN_POINT('',(-3.569884686689,43.394280167093));
#1326 = CARTESIAN_POINT('',(-3.564283301978,43.423863279641));
#1327 = CARTESIAN_POINT('',(-3.558668706295,43.447534535829));
#1328 = CARTESIAN_POINT('',(-3.553046736612,43.465762192311));
#1329 = CARTESIAN_POINT('',(-3.544776106997,43.485112200533));
#1330 = CARTESIAN_POINT('',(-3.542131013324,43.490179846509));
#1331 = CARTESIAN_POINT('',(-3.539485660834,43.494167997605));
#1332 = CARTESIAN_POINT('',(-3.536840464217,43.49711268689));
#1333 = CARTESIAN_POINT('',(-3.53419579082,43.499046710151));
#1334 = CARTESIAN_POINT('',(-3.531551962002,43.5));
#1335 = CARTESIAN_POINT('',(-3.528909254478,43.5));
#1336 = ( GEOMETRIC_REPRESENTATION_CONTEXT(2) 
PARAMETRIC_REPRESENTATION_CONTEXT() REPRESENTATION_CONTEXT('2D SPACE',''
  ) );
#1337 = PCURVE('',#1178,#1338);
#1338 = DEFINITIONAL_REPRESENTATION('',(#1339),#1378);
#1339 = B_SPLINE_CURVE_WITH_KNOTS('',7,(#1340,#1341,#1342,#1343,#1344,
    #1345,#1346,#1347,#1348,#1349,#1350,#1351,#1352,#1353,#1354,#1355,
    #1356,#1357,#1358,#1359,#1360,#1361,#1362,#1363,#1364,#1365,#1366,
    #1367,#1368,#1369,#1370,#1371,#1372,#1373,#1374,#1375,#1376,#1377),
  .UNSPECIFIED.,.F.,.F.,(8,6,6,6,6,6,8),(0.,0.116394828867,0.20301420329
    ,0.345999958047,0.577432399098,0.864892303635,1.),.UNSPECIFIED.);
#1340 = CARTESIAN_POINT('',(0.,38.987177379236));
#1341 = CARTESIAN_POINT('',(-4.231292804239E-02,38.987177379236));
#1342 = CARTESIAN_POINT('',(-8.464707941136E-02,38.979569160177));
#1343 = CARTESIAN_POINT('',(-0.126628301416,38.964341201382));
#1344 = CARTESIAN_POINT('',(-0.167993634456,38.9418875617));
#1345 = CARTESIAN_POINT('',(-0.208548342668,38.912825378924));
#1346 = CARTESIAN_POINT('',(-0.24814295685,38.877874257307));
#1347 = CARTESIAN_POINT('',(-0.315341851921,38.807973023156));
#1348 = CARTESIAN_POINT('',(-0.34344254919,38.775288120946));
#1349 = CARTESIAN_POINT('',(-0.370954666875,38.740021781237));
#1350 = CARTESIAN_POINT('',(-0.397872937806,38.702441551701));
#1351 = CARTESIAN_POINT('',(-0.42420299076,38.662794416646));
#1352 = CARTESIAN_POINT('',(-0.449959759008,38.621297630655));
#1353 = CARTESIAN_POINT('',(-0.516774565029,38.506870433631));
#1354 = CARTESIAN_POINT('',(-0.556860531188,38.431096823405));
#1355 = CARTESIAN_POINT('',(-0.59554556051,38.351596437578));
#1356 = CARTESIAN_POINT('',(-0.632930460542,38.269013567134));
#1357 = CARTESIAN_POINT('',(-0.669111738759,38.183862917854));
#1358 = CARTESIAN_POINT('',(-0.704190599686,38.096531905056));
#1359 = CARTESIAN_POINT('',(-0.793441082804,37.862797040285));
#1360 = CARTESIAN_POINT('',(-0.845942288438,37.713422263177));
#1361 = CARTESIAN_POINT('',(-0.896215470315,37.560304223614));
#1362 = CARTESIAN_POINT('',(-0.944529466887,37.404283852855));
#1363 = CARTESIAN_POINT('',(-0.991118506353,37.24599318786));
#1364 = CARTESIAN_POINT('',(-1.036184191409,37.085843269905));
#1365 = CARTESIAN_POINT('',(-1.134249355874,36.723066952303));
#1366 = CARTESIAN_POINT('',(-1.186487023508,36.519697024932));
#1367 = CARTESIAN_POINT('',(-1.236971876245,36.314482846837));
#1368 = CARTESIAN_POINT('',(-1.285937567029,36.107849868997));
#1369 = CARTESIAN_POINT('',(-1.333571016604,35.900118540923));
#1370 = CARTESIAN_POINT('',(-1.380040765801,35.691513125979));
#1371 = CARTESIAN_POINT('',(-1.446862653646,35.383759490425));
#1372 = CARTESIAN_POINT('',(-1.468002154813,35.285203995716));
#1373 = CARTESIAN_POINT('',(-1.488930896323,35.186509429336));
#1374 = CARTESIAN_POINT('',(-1.509662423191,35.087692358793));
#1375 = CARTESIAN_POINT('',(-1.530209331539,34.988767704304));
#1376 = CARTESIAN_POINT('',(-1.550583500945,34.889748762542));
#1377 = CARTESIAN_POINT('',(-1.570796326795,34.790647230396));
#1378 = ( GEOMETRIC_REPRESENTATION_CONTEXT(2) 
PARAMETRIC_REPRESENTATION_CONTEXT() REPRESENTATION_CONTEXT('2D SPACE',''
  ) );
#1379 = ADVANCED_FACE('',(#1380),#45,.F.);
#1380 = FACE_BOUND('',#1381,.F.);
#1381 = EDGE_LOOP('',(#1382,#1383,#1404));
#1382 = ORIENTED_EDGE('',*,*,#21,.F.);
#1383 = ORIENTED_EDGE('',*,*,#1384,.T.);
#1384 = EDGE_CURVE('',#22,#113,#1385,.T.);
#1385 = SURFACE_CURVE('',#1386,(#1390,#1397),.PCURVE_S1.);
#1386 = LINE('',#1387,#1388);
#1387 = CARTESIAN_POINT('',(37.5,-19.49358868961,16.5));
#1388 = VECTOR('',#1389,1.);
#1389 = DIRECTION('',(0.,1.,-2.22044604925E-16));
#1390 = PCURVE('',#45,#1391);
#1391 = DEFINITIONAL_REPRESENTATION('',(#1392),#1396);
#1392 = LINE('',#1393,#1394);
#1393 = CARTESIAN_POINT('',(2.,-16.50641131038));
#1394 = VECTOR('',#1395,1.);
#1395 = DIRECTION('',(0.,-1.));
#1396 = ( GEOMETRIC_REPRESENTATION_CONTEXT(2) 
PARAMETRIC_REPRESENTATION_CONTEXT() REPRESENTATION_CONTEXT('2D SPACE',''
  ) );
#1397 = PCURVE('',#214,#1398);
#1398 = DEFINITIONAL_REPRESENTATION('',(#1399),#1403);
#1399 = LINE('',#1400,#1401);
#1400 = CARTESIAN_POINT('',(0.,0.));
#1401 = VECTOR('',#1402,1.);
#1402 = DIRECTION('',(0.,1.));
#1403 = ( GEOMETRIC_REPRESENTATION_CONTEXT(2) 
PARAMETRIC_REPRESENTATION_CONTEXT() REPRESENTATION_CONTEXT('2D SPACE',''
  ) );
#1404 = ORIENTED_EDGE('',*,*,#112,.F.);
#1405 = ADVANCED_FACE('',(#1406),#214,.F.);
#1406 = FACE_BOUND('',#1407,.F.);
#1407 = EDGE_LOOP('',(#1408,#1409,#1430,#1431));
#1408 = ORIENTED_EDGE('',*,*,#635,.T.);
#1409 = ORIENTED_EDGE('',*,*,#1410,.T.);
#1410 = EDGE_CURVE('',#613,#141,#1411,.T.);
#1411 = SURFACE_CURVE('',#1412,(#1416,#1423),.PCURVE_S1.);
#1412 = LINE('',#1413,#1414);
#1413 = CARTESIAN_POINT('',(35.5,-19.49358868961,18.5));
#1414 = VECTOR('',#1415,1.);
#1415 = DIRECTION('',(0.,1.,-2.22044604925E-16));
#1416 = PCURVE('',#214,#1417);
#1417 = DEFINITIONAL_REPRESENTATION('',(#1418),#1422);
#1418 = LINE('',#1419,#1420);
#1419 = CARTESIAN_POINT('',(1.570796326795,0.));
#1420 = VECTOR('',#1421,1.);
#1421 = DIRECTION('',(0.,1.));
#1422 = ( GEOMETRIC_REPRESENTATION_CONTEXT(2) 
PARAMETRIC_REPRESENTATION_CONTEXT() REPRESENTATION_CONTEXT('2D SPACE',''
  ) );
#1423 = PCURVE('',#271,#1424);
#1424 = DEFINITIONAL_REPRESENTATION('',(#1425),#1429);
#1425 = LINE('',#1426,#1427);
#1426 = CARTESIAN_POINT('',(25.,-16.50641131038));
#1427 = VECTOR('',#1428,1.);
#1428 = DIRECTION('',(-4.930380657631E-32,-1.));
#1429 = ( GEOMETRIC_REPRESENTATION_CONTEXT(2) 
PARAMETRIC_REPRESENTATION_CONTEXT() REPRESENTATION_CONTEXT('2D SPACE',''
  ) );
#1430 = ORIENTED_EDGE('',*,*,#140,.F.);
#1431 = ORIENTED_EDGE('',*,*,#1384,.F.);
#1432 = ADVANCED_FACE('',(#1433,#1459),#271,.F.);
#1433 = FACE_BOUND('',#1434,.F.);
#1434 = EDGE_LOOP('',(#1435,#1436,#1457,#1458));
#1435 = ORIENTED_EDGE('',*,*,#612,.T.);
#1436 = ORIENTED_EDGE('',*,*,#1437,.T.);
#1437 = EDGE_CURVE('',#503,#256,#1438,.T.);
#1438 = SURFACE_CURVE('',#1439,(#1443,#1450),.PCURVE_S1.);
#1439 = LINE('',#1440,#1441);
#1440 = CARTESIAN_POINT('',(35.5,-19.49358868961,41.5));
#1441 = VECTOR('',#1442,1.);
#1442 = DIRECTION('',(0.,1.,-2.22044604925E-16));
#1443 = PCURVE('',#271,#1444);
#1444 = DEFINITIONAL_REPRESENTATION('',(#1445),#1449);
#1445 = LINE('',#1446,#1447);
#1446 = CARTESIAN_POINT('',(2.,-16.50641131038));
#1447 = VECTOR('',#1448,1.);
#1448 = DIRECTION('',(-4.930380657631E-32,-1.));
#1449 = ( GEOMETRIC_REPRESENTATION_CONTEXT(2) 
PARAMETRIC_REPRESENTATION_CONTEXT() REPRESENTATION_CONTEXT('2D SPACE',''
  ) );
#1450 = PCURVE('',#357,#1451);
#1451 = DEFINITIONAL_REPRESENTATION('',(#1452),#1456);
#1452 = LINE('',#1453,#1454);
#1453 = CARTESIAN_POINT('',(0.,0.));
#1454 = VECTOR('',#1455,1.);
#1455 = DIRECTION('',(0.,1.));
#1456 = ( GEOMETRIC_REPRESENTATION_CONTEXT(2) 
PARAMETRIC_REPRESENTATION_CONTEXT() REPRESENTATION_CONTEXT('2D SPACE',''
  ) );
#1457 = ORIENTED_EDGE('',*,*,#255,.F.);
#1458 = ORIENTED_EDGE('',*,*,#1410,.F.);
#1459 = FACE_BOUND('',#1460,.F.);
#1460 = EDGE_LOOP('',(#1461));
#1461 = ORIENTED_EDGE('',*,*,#1462,.T.);
#1462 = EDGE_CURVE('',#1463,#1463,#1465,.T.);
#1463 = VERTEX_POINT('',#1464);
#1464 = CARTESIAN_POINT('',(35.5,1.577721810442E-30,41.));
#1465 = SURFACE_CURVE('',#1466,(#1471,#1482),.PCURVE_S1.);
#1466 = CIRCLE('',#1467,11.);
#1467 = AXIS2_PLACEMENT_3D('',#1468,#1469,#1470);
#1468 = CARTESIAN_POINT('',(35.5,1.676329423595E-30,30.));
#1469 = DIRECTION('',(1.,-1.094764425254E-47,-2.22044604925E-16));
#1470 = DIRECTION('',(2.22044604925E-16,4.930380657631E-32,1.));
#1471 = PCURVE('',#271,#1472);
#1472 = DEFINITIONAL_REPRESENTATION('',(#1473),#1481);
#1473 = ( BOUNDED_CURVE() B_SPLINE_CURVE(2,(#1474,#1475,#1476,#1477,
#1478,#1479,#1480),.UNSPECIFIED.,.T.,.F.) B_SPLINE_CURVE_WITH_KNOTS((1,2
    ,2,2,2,1),(-2.094395102393,0.,2.094395102393,4.188790204786,
6.28318530718,8.377580409573),.UNSPECIFIED.) CURVE() 
GEOMETRIC_REPRESENTATION_ITEM() RATIONAL_B_SPLINE_CURVE((1.,0.5,1.,0.5,
1.,0.5,1.)) REPRESENTATION_ITEM('') );
#1474 = CARTESIAN_POINT('',(2.5,-36.));
#1475 = CARTESIAN_POINT('',(2.5,-16.94744111674));
#1476 = CARTESIAN_POINT('',(19.,-26.47372055837));
#1477 = CARTESIAN_POINT('',(35.5,-36.));
#1478 = CARTESIAN_POINT('',(19.,-45.52627944162));
#1479 = CARTESIAN_POINT('',(2.5,-55.05255888325));
#1480 = CARTESIAN_POINT('',(2.5,-36.));
#1481 = ( GEOMETRIC_REPRESENTATION_CONTEXT(2) 
PARAMETRIC_REPRESENTATION_CONTEXT() REPRESENTATION_CONTEXT('2D SPACE',''
  ) );
#1482 = PCURVE('',#1483,#1488);
#1483 = CYLINDRICAL_SURFACE('',#1484,11.);
#1484 = AXIS2_PLACEMENT_3D('',#1485,#1486,#1487);
#1485 = CARTESIAN_POINT('',(35.5,1.577721810442E-30,30.));
#1486 = DIRECTION('',(1.,-1.094764425254E-47,-2.22044604925E-16));
#1487 = DIRECTION('',(2.22044604925E-16,4.930380657631E-32,1.));
#1488 = DEFINITIONAL_REPRESENTATION('',(#1489),#1493);
#1489 = LINE('',#1490,#1491);
#1490 = CARTESIAN_POINT('',(0.,0.));
#1491 = VECTOR('',#1492,1.);
#1492 = DIRECTION('',(1.,0.));
#1493 = ( GEOMETRIC_REPRESENTATION_CONTEXT(2) 
PARAMETRIC_REPRESENTATION_CONTEXT() REPRESENTATION_CONTEXT('2D SPACE',''
  ) );
#1494 = ADVANCED_FACE('',(#1495,#1737),#99,.T.);
#1495 = FACE_BOUND('',#1496,.F.);
#1496 = EDGE_LOOP('',(#1497,#1527,#1556,#1584,#1617,#1645,#1678,#1706));
#1497 = ORIENTED_EDGE('',*,*,#1498,.F.);
#1498 = EDGE_CURVE('',#1499,#1501,#1503,.T.);
#1499 = VERTEX_POINT('',#1500);
#1500 = CARTESIAN_POINT('',(-4.5,-36.,2.04281036531E-14));
#1501 = VERTEX_POINT('',#1502);
#1502 = CARTESIAN_POINT('',(4.5,-36.,1.731947918415E-14));
#1503 = SURFACE_CURVE('',#1504,(#1508,#1515),.PCURVE_S1.);
#1504 = LINE('',#1505,#1506);
#1505 = CARTESIAN_POINT('',(-14.5,-36.,7.105427357601E-15));
#1506 = VECTOR('',#1507,1.);
#1507 = DIRECTION('',(1.,0.,0.));
#1508 = PCURVE('',#99,#1509);
#1509 = DEFINITIONAL_REPRESENTATION('',(#1510),#1514);
#1510 = LINE('',#1511,#1512);
#1511 = CARTESIAN_POINT('',(-14.5,36.));
#1512 = VECTOR('',#1513,1.);
#1513 = DIRECTION('',(1.,-0.));
#1514 = ( GEOMETRIC_REPRESENTATION_CONTEXT(2) 
PARAMETRIC_REPRESENTATION_CONTEXT() REPRESENTATION_CONTEXT('2D SPACE',''
  ) );
#1515 = PCURVE('',#1516,#1521);
#1516 = PLANE('',#1517);
#1517 = AXIS2_PLACEMENT_3D('',#1518,#1519,#1520);
#1518 = CARTESIAN_POINT('',(0.,-36.,26.545945945946));
#1519 = DIRECTION('',(0.,1.,-9.860761315263E-32));
#1520 = DIRECTION('',(0.,9.860761315263E-32,1.));
#1521 = DEFINITIONAL_REPRESENTATION('',(#1522),#1526);
#1522 = LINE('',#1523,#1524);
#1523 = CARTESIAN_POINT('',(-26.54594594594,-14.5));
#1524 = VECTOR('',#1525,1.);
#1525 = DIRECTION('',(0.,1.));
#1526 = ( GEOMETRIC_REPRESENTATION_CONTEXT(2) 
PARAMETRIC_REPRESENTATION_CONTEXT() REPRESENTATION_CONTEXT('2D SPACE',''
  ) );
#1527 = ORIENTED_EDGE('',*,*,#1528,.T.);
#1528 = EDGE_CURVE('',#1499,#1529,#1531,.T.);
#1529 = VERTEX_POINT('',#1530);
#1530 = CARTESIAN_POINT('',(-14.5,-26.,1.554312234475E-14));
#1531 = SURFACE_CURVE('',#1532,(#1537,#1544),.PCURVE_S1.);
#1532 = CIRCLE('',#1533,10.);
#1533 = AXIS2_PLACEMENT_3D('',#1534,#1535,#1536);
#1534 = CARTESIAN_POINT('',(-4.5,-26.,8.437694987151E-15));
#1535 = DIRECTION('',(0.,-2.22044604925E-16,-1.));
#1536 = DIRECTION('',(0.,1.,-2.22044604925E-16));
#1537 = PCURVE('',#99,#1538);
#1538 = DEFINITIONAL_REPRESENTATION('',(#1539),#1543);
#1539 = CIRCLE('',#1540,10.);
#1540 = AXIS2_PLACEMENT_2D('',#1541,#1542);
#1541 = CARTESIAN_POINT('',(-4.5,26.));
#1542 = DIRECTION('',(-0.,-1.));
#1543 = ( GEOMETRIC_REPRESENTATION_CONTEXT(2) 
PARAMETRIC_REPRESENTATION_CONTEXT() REPRESENTATION_CONTEXT('2D SPACE',''
  ) );
#1544 = PCURVE('',#1545,#1550);
#1545 = CYLINDRICAL_SURFACE('',#1546,10.);
#1546 = AXIS2_PLACEMENT_3D('',#1547,#1548,#1549);
#1547 = CARTESIAN_POINT('',(-4.5,-26.,42.));
#1548 = DIRECTION('',(0.,-2.22044604925E-16,-1.));
#1549 = DIRECTION('',(0.,-1.,2.22044604925E-16));
#1550 = DEFINITIONAL_REPRESENTATION('',(#1551),#1555);
#1551 = LINE('',#1552,#1553);
#1552 = CARTESIAN_POINT('',(-3.14159265359,42.));
#1553 = VECTOR('',#1554,1.);
#1554 = DIRECTION('',(1.,0.));
#1555 = ( GEOMETRIC_REPRESENTATION_CONTEXT(2) 
PARAMETRIC_REPRESENTATION_CONTEXT() REPRESENTATION_CONTEXT('2D SPACE',''
  ) );
#1556 = ORIENTED_EDGE('',*,*,#1557,.T.);
#1557 = EDGE_CURVE('',#1529,#1558,#1560,.T.);
#1558 = VERTEX_POINT('',#1559);
#1559 = CARTESIAN_POINT('',(-14.5,26.,-1.33226762955E-15));
#1560 = SURFACE_CURVE('',#1561,(#1565,#1572),.PCURVE_S1.);
#1561 = LINE('',#1562,#1563);
#1562 = CARTESIAN_POINT('',(-14.5,-36.,7.993605777301E-15));
#1563 = VECTOR('',#1564,1.);
#1564 = DIRECTION('',(0.,1.,-2.22044604925E-16));
#1565 = PCURVE('',#99,#1566);
#1566 = DEFINITIONAL_REPRESENTATION('',(#1567),#1571);
#1567 = LINE('',#1568,#1569);
#1568 = CARTESIAN_POINT('',(-14.5,36.));
#1569 = VECTOR('',#1570,1.);
#1570 = DIRECTION('',(-0.,-1.));
#1571 = ( GEOMETRIC_REPRESENTATION_CONTEXT(2) 
PARAMETRIC_REPRESENTATION_CONTEXT() REPRESENTATION_CONTEXT('2D SPACE',''
  ) );
#1572 = PCURVE('',#1573,#1578);
#1573 = PLANE('',#1574);
#1574 = AXIS2_PLACEMENT_3D('',#1575,#1576,#1577);
#1575 = CARTESIAN_POINT('',(-14.5,-36.,42.));
#1576 = DIRECTION('',(-1.,0.,-0.));
#1577 = DIRECTION('',(0.,-2.22044604925E-16,-1.));
#1578 = DEFINITIONAL_REPRESENTATION('',(#1579),#1583);
#1579 = LINE('',#1580,#1581);
#1580 = CARTESIAN_POINT('',(42.,4.884981308351E-15));
#1581 = VECTOR('',#1582,1.);
#1582 = DIRECTION('',(0.,-1.));
#1583 = ( GEOMETRIC_REPRESENTATION_CONTEXT(2) 
PARAMETRIC_REPRESENTATION_CONTEXT() REPRESENTATION_CONTEXT('2D SPACE',''
  ) );
#1584 = ORIENTED_EDGE('',*,*,#1585,.F.);
#1585 = EDGE_CURVE('',#1586,#1558,#1588,.T.);
#1586 = VERTEX_POINT('',#1587);
#1587 = CARTESIAN_POINT('',(-4.5,36.,-6.217248937901E-15));
#1588 = SURFACE_CURVE('',#1589,(#1594,#1605),.PCURVE_S1.);
#1589 = CIRCLE('',#1590,10.);
#1590 = AXIS2_PLACEMENT_3D('',#1591,#1592,#1593);
#1591 = CARTESIAN_POINT('',(-4.5,26.,-8.437694987151E-15));
#1592 = DIRECTION('',(0.,2.22044604925E-16,1.));
#1593 = DIRECTION('',(0.,1.,-2.22044604925E-16));
#1594 = PCURVE('',#99,#1595);
#1595 = DEFINITIONAL_REPRESENTATION('',(#1596),#1604);
#1596 = ( BOUNDED_CURVE() B_SPLINE_CURVE(2,(#1597,#1598,#1599,#1600,
#1601,#1602,#1603),.UNSPECIFIED.,.T.,.F.) B_SPLINE_CURVE_WITH_KNOTS((1,2
    ,2,2,2,1),(-2.094395102393,0.,2.094395102393,4.188790204786,
6.28318530718,8.377580409573),.UNSPECIFIED.) CURVE() 
GEOMETRIC_REPRESENTATION_ITEM() RATIONAL_B_SPLINE_CURVE((1.,0.5,1.,0.5,
1.,0.5,1.)) REPRESENTATION_ITEM('') );
#1597 = CARTESIAN_POINT('',(-4.5,-36.));
#1598 = CARTESIAN_POINT('',(-21.82050807568,-36.));
#1599 = CARTESIAN_POINT('',(-13.16025403784,-21.));
#1600 = CARTESIAN_POINT('',(-4.5,-6.));
#1601 = CARTESIAN_POINT('',(4.160254037844,-21.));
#1602 = CARTESIAN_POINT('',(12.820508075689,-36.));
#1603 = CARTESIAN_POINT('',(-4.5,-36.));
#1604 = ( GEOMETRIC_REPRESENTATION_CONTEXT(2) 
PARAMETRIC_REPRESENTATION_CONTEXT() REPRESENTATION_CONTEXT('2D SPACE',''
  ) );
#1605 = PCURVE('',#1606,#1611);
#1606 = CYLINDRICAL_SURFACE('',#1607,10.);
#1607 = AXIS2_PLACEMENT_3D('',#1608,#1609,#1610);
#1608 = CARTESIAN_POINT('',(-4.5,26.,42.));
#1609 = DIRECTION('',(0.,-2.22044604925E-16,-1.));
#1610 = DIRECTION('',(0.,1.,-2.22044604925E-16));
#1611 = DEFINITIONAL_REPRESENTATION('',(#1612),#1616);
#1612 = LINE('',#1613,#1614);
#1613 = CARTESIAN_POINT('',(-0.,42.));
#1614 = VECTOR('',#1615,1.);
#1615 = DIRECTION('',(-1.,0.));
#1616 = ( GEOMETRIC_REPRESENTATION_CONTEXT(2) 
PARAMETRIC_REPRESENTATION_CONTEXT() REPRESENTATION_CONTEXT('2D SPACE',''
  ) );
#1617 = ORIENTED_EDGE('',*,*,#1618,.T.);
#1618 = EDGE_CURVE('',#1586,#1619,#1621,.T.);
#1619 = VERTEX_POINT('',#1620);
#1620 = CARTESIAN_POINT('',(4.5,36.,-3.10862446895E-15));
#1621 = SURFACE_CURVE('',#1622,(#1626,#1633),.PCURVE_S1.);
#1622 = LINE('',#1623,#1624);
#1623 = CARTESIAN_POINT('',(-14.5,36.,-7.105427357601E-15));
#1624 = VECTOR('',#1625,1.);
#1625 = DIRECTION('',(1.,0.,0.));
#1626 = PCURVE('',#99,#1627);
#1627 = DEFINITIONAL_REPRESENTATION('',(#1628),#1632);
#1628 = LINE('',#1629,#1630);
#1629 = CARTESIAN_POINT('',(-14.5,-36.));
#1630 = VECTOR('',#1631,1.);
#1631 = DIRECTION('',(1.,-0.));
#1632 = ( GEOMETRIC_REPRESENTATION_CONTEXT(2) 
PARAMETRIC_REPRESENTATION_CONTEXT() REPRESENTATION_CONTEXT('2D SPACE',''
  ) );
#1633 = PCURVE('',#1634,#1639);
#1634 = PLANE('',#1635);
#1635 = AXIS2_PLACEMENT_3D('',#1636,#1637,#1638);
#1636 = CARTESIAN_POINT('',(0.,36.,26.545945945946));
#1637 = DIRECTION('',(0.,1.,-9.860761315263E-32));
#1638 = DIRECTION('',(0.,9.860761315263E-32,1.));
#1639 = DEFINITIONAL_REPRESENTATION('',(#1640),#1644);
#1640 = LINE('',#1641,#1642);
#1641 = CARTESIAN_POINT('',(-26.54594594594,-14.5));
#1642 = VECTOR('',#1643,1.);
#1643 = DIRECTION('',(0.,1.));
#1644 = ( GEOMETRIC_REPRESENTATION_CONTEXT(2) 
PARAMETRIC_REPRESENTATION_CONTEXT() REPRESENTATION_CONTEXT('2D SPACE',''
  ) );
#1645 = ORIENTED_EDGE('',*,*,#1646,.F.);
#1646 = EDGE_CURVE('',#1647,#1619,#1649,.T.);
#1647 = VERTEX_POINT('',#1648);
#1648 = CARTESIAN_POINT('',(14.5,26.,-5.773159728051E-15));
#1649 = SURFACE_CURVE('',#1650,(#1655,#1666),.PCURVE_S1.);
#1650 = CIRCLE('',#1651,10.);
#1651 = AXIS2_PLACEMENT_3D('',#1652,#1653,#1654);
#1652 = CARTESIAN_POINT('',(4.5,26.,-5.773159728051E-15));
#1653 = DIRECTION('',(-0.,2.22044604925E-16,1.));
#1654 = DIRECTION('',(0.,-1.,2.22044604925E-16));
#1655 = PCURVE('',#99,#1656);
#1656 = DEFINITIONAL_REPRESENTATION('',(#1657),#1665);
#1657 = ( BOUNDED_CURVE() B_SPLINE_CURVE(2,(#1658,#1659,#1660,#1661,
#1662,#1663,#1664),.UNSPECIFIED.,.T.,.F.) B_SPLINE_CURVE_WITH_KNOTS((1,2
    ,2,2,2,1),(-2.094395102393,0.,2.094395102393,4.188790204786,
6.28318530718,8.377580409573),.UNSPECIFIED.) CURVE() 
GEOMETRIC_REPRESENTATION_ITEM() RATIONAL_B_SPLINE_CURVE((1.,0.5,1.,0.5,
1.,0.5,1.)) REPRESENTATION_ITEM('') );
#1658 = CARTESIAN_POINT('',(4.5,-16.));
#1659 = CARTESIAN_POINT('',(21.820508075689,-16.));
#1660 = CARTESIAN_POINT('',(13.160254037844,-31.));
#1661 = CARTESIAN_POINT('',(4.5,-46.));
#1662 = CARTESIAN_POINT('',(-4.160254037844,-31.));
#1663 = CARTESIAN_POINT('',(-12.82050807568,-16.));
#1664 = CARTESIAN_POINT('',(4.5,-16.));
#1665 = ( GEOMETRIC_REPRESENTATION_CONTEXT(2) 
PARAMETRIC_REPRESENTATION_CONTEXT() REPRESENTATION_CONTEXT('2D SPACE',''
  ) );
#1666 = PCURVE('',#1667,#1672);
#1667 = CYLINDRICAL_SURFACE('',#1668,10.);
#1668 = AXIS2_PLACEMENT_3D('',#1669,#1670,#1671);
#1669 = CARTESIAN_POINT('',(4.5,26.,-7.993605777301E-15));
#1670 = DIRECTION('',(0.,2.22044604925E-16,1.));
#1671 = DIRECTION('',(1.,0.,0.));
#1672 = DEFINITIONAL_REPRESENTATION('',(#1673),#1677);
#1673 = LINE('',#1674,#1675);
#1674 = CARTESIAN_POINT('',(-1.570796326795,2.22044604925E-15));
#1675 = VECTOR('',#1676,1.);
#1676 = DIRECTION('',(1.,0.));
#1677 = ( GEOMETRIC_REPRESENTATION_CONTEXT(2) 
PARAMETRIC_REPRESENTATION_CONTEXT() REPRESENTATION_CONTEXT('2D SPACE',''
  ) );
#1678 = ORIENTED_EDGE('',*,*,#1679,.F.);
#1679 = EDGE_CURVE('',#1680,#1647,#1682,.T.);
#1680 = VERTEX_POINT('',#1681);
#1681 = CARTESIAN_POINT('',(14.5,-26.,5.773159728051E-15));
#1682 = SURFACE_CURVE('',#1683,(#1687,#1694),.PCURVE_S1.);
#1683 = LINE('',#1684,#1685);
#1684 = CARTESIAN_POINT('',(14.5,-36.,7.993605777301E-15));
#1685 = VECTOR('',#1686,1.);
#1686 = DIRECTION('',(0.,1.,-2.22044604925E-16));
#1687 = PCURVE('',#99,#1688);
#1688 = DEFINITIONAL_REPRESENTATION('',(#1689),#1693);
#1689 = LINE('',#1690,#1691);
#1690 = CARTESIAN_POINT('',(14.5,36.));
#1691 = VECTOR('',#1692,1.);
#1692 = DIRECTION('',(-0.,-1.));
#1693 = ( GEOMETRIC_REPRESENTATION_CONTEXT(2) 
PARAMETRIC_REPRESENTATION_CONTEXT() REPRESENTATION_CONTEXT('2D SPACE',''
  ) );
#1694 = PCURVE('',#1695,#1700);
#1695 = PLANE('',#1696);
#1696 = AXIS2_PLACEMENT_3D('',#1697,#1698,#1699);
#1697 = CARTESIAN_POINT('',(14.5,-36.,7.993605777301E-15));
#1698 = DIRECTION('',(1.,0.,0.));
#1699 = DIRECTION('',(0.,2.22044604925E-16,1.));
#1700 = DEFINITIONAL_REPRESENTATION('',(#1701),#1705);
#1701 = LINE('',#1702,#1703);
#1702 = CARTESIAN_POINT('',(0.,0.));
#1703 = VECTOR('',#1704,1.);
#1704 = DIRECTION('',(0.,-1.));
#1705 = ( GEOMETRIC_REPRESENTATION_CONTEXT(2) 
PARAMETRIC_REPRESENTATION_CONTEXT() REPRESENTATION_CONTEXT('2D SPACE',''
  ) );
#1706 = ORIENTED_EDGE('',*,*,#1707,.F.);
#1707 = EDGE_CURVE('',#1501,#1680,#1708,.T.);
#1708 = SURFACE_CURVE('',#1709,(#1714,#1725),.PCURVE_S1.);
#1709 = CIRCLE('',#1710,10.);
#1710 = AXIS2_PLACEMENT_3D('',#1711,#1712,#1713);
#1711 = CARTESIAN_POINT('',(4.5,-26.,5.773159728051E-15));
#1712 = DIRECTION('',(-0.,2.22044604925E-16,1.));
#1713 = DIRECTION('',(0.,-1.,2.22044604925E-16));
#1714 = PCURVE('',#99,#1715);
#1715 = DEFINITIONAL_REPRESENTATION('',(#1716),#1724);
#1716 = ( BOUNDED_CURVE() B_SPLINE_CURVE(2,(#1717,#1718,#1719,#1720,
#1721,#1722,#1723),.UNSPECIFIED.,.T.,.F.) B_SPLINE_CURVE_WITH_KNOTS((1,2
    ,2,2,2,1),(-2.094395102393,0.,2.094395102393,4.188790204786,
6.28318530718,8.377580409573),.UNSPECIFIED.) CURVE() 
GEOMETRIC_REPRESENTATION_ITEM() RATIONAL_B_SPLINE_CURVE((1.,0.5,1.,0.5,
1.,0.5,1.)) REPRESENTATION_ITEM('') );
#1717 = CARTESIAN_POINT('',(4.5,36.));
#1718 = CARTESIAN_POINT('',(21.820508075689,36.));
#1719 = CARTESIAN_POINT('',(13.160254037844,21.));
#1720 = CARTESIAN_POINT('',(4.5,6.));
#1721 = CARTESIAN_POINT('',(-4.160254037844,21.));
#1722 = CARTESIAN_POINT('',(-12.82050807568,36.));
#1723 = CARTESIAN_POINT('',(4.5,36.));
#1724 = ( GEOMETRIC_REPRESENTATION_CONTEXT(2) 
PARAMETRIC_REPRESENTATION_CONTEXT() REPRESENTATION_CONTEXT('2D SPACE',''
  ) );
#1725 = PCURVE('',#1726,#1731);
#1726 = CYLINDRICAL_SURFACE('',#1727,10.);
#1727 = AXIS2_PLACEMENT_3D('',#1728,#1729,#1730);
#1728 = CARTESIAN_POINT('',(4.5,-26.,7.993605777301E-15));
#1729 = DIRECTION('',(0.,2.22044604925E-16,1.));
#1730 = DIRECTION('',(0.,-1.,2.22044604925E-16));
#1731 = DEFINITIONAL_REPRESENTATION('',(#1732),#1736);
#1732 = LINE('',#1733,#1734);
#1733 = CARTESIAN_POINT('',(0.,-2.22044604925E-15));
#1734 = VECTOR('',#1735,1.);
#1735 = DIRECTION('',(1.,0.));
#1736 = ( GEOMETRIC_REPRESENTATION_CONTEXT(2) 
PARAMETRIC_REPRESENTATION_CONTEXT() REPRESENTATION_CONTEXT('2D SPACE',''
  ) );
#1737 = FACE_BOUND('',#1738,.F.);
#1738 = EDGE_LOOP('',(#1739));
#1739 = ORIENTED_EDGE('',*,*,#84,.F.);
#1740 = ADVANCED_FACE('',(#1741),#357,.F.);
#1741 = FACE_BOUND('',#1742,.F.);
#1742 = EDGE_LOOP('',(#1743,#1744,#1765,#1766));
#1743 = ORIENTED_EDGE('',*,*,#502,.T.);
#1744 = ORIENTED_EDGE('',*,*,#1745,.T.);
#1745 = EDGE_CURVE('',#479,#284,#1746,.T.);
#1746 = SURFACE_CURVE('',#1747,(#1751,#1758),.PCURVE_S1.);
#1747 = LINE('',#1748,#1749);
#1748 = CARTESIAN_POINT('',(37.5,-19.49358868961,43.5));
#1749 = VECTOR('',#1750,1.);
#1750 = DIRECTION('',(0.,1.,-2.22044604925E-16));
#1751 = PCURVE('',#357,#1752);
#1752 = DEFINITIONAL_REPRESENTATION('',(#1753),#1757);
#1753 = LINE('',#1754,#1755);
#1754 = CARTESIAN_POINT('',(1.570796326795,0.));
#1755 = VECTOR('',#1756,1.);
#1756 = DIRECTION('',(0.,1.));
#1757 = ( GEOMETRIC_REPRESENTATION_CONTEXT(2) 
PARAMETRIC_REPRESENTATION_CONTEXT() REPRESENTATION_CONTEXT('2D SPACE',''
  ) );
#1758 = PCURVE('',#415,#1759);
#1759 = DEFINITIONAL_REPRESENTATION('',(#1760),#1764);
#1760 = LINE('',#1761,#1762);
#1761 = CARTESIAN_POINT('',(28.,-16.50641131038));
#1762 = VECTOR('',#1763,1.);
#1763 = DIRECTION('',(-0.,-1.));
#1764 = ( GEOMETRIC_REPRESENTATION_CONTEXT(2) 
PARAMETRIC_REPRESENTATION_CONTEXT() REPRESENTATION_CONTEXT('2D SPACE',''
  ) );
#1765 = ORIENTED_EDGE('',*,*,#283,.F.);
#1766 = ORIENTED_EDGE('',*,*,#1437,.F.);
#1767 = ADVANCED_FACE('',(#1768),#415,.F.);
#1768 = FACE_BOUND('',#1769,.F.);
#1769 = EDGE_LOOP('',(#1770,#1771,#1772));
#1770 = ORIENTED_EDGE('',*,*,#398,.T.);
#1771 = ORIENTED_EDGE('',*,*,#1745,.F.);
#1772 = ORIENTED_EDGE('',*,*,#478,.T.);
#1773 = ADVANCED_FACE('',(#1774,#1777),#465,.T.);
#1774 = FACE_BOUND('',#1775,.F.);
#1775 = EDGE_LOOP('',(#1776));
#1776 = ORIENTED_EDGE('',*,*,#450,.T.);
#1777 = FACE_BOUND('',#1778,.F.);
#1778 = EDGE_LOOP('',(#1779));
#1779 = ORIENTED_EDGE('',*,*,#1780,.F.);
#1780 = EDGE_CURVE('',#1781,#1781,#1783,.T.);
#1781 = VERTEX_POINT('',#1782);
#1782 = CARTESIAN_POINT('',(47.,1.016964290557E-14,45.800000000005));
#1783 = SURFACE_CURVE('',#1784,(#1789,#1796),.PCURVE_S1.);
#1784 = CIRCLE('',#1785,47.);
#1785 = AXIS2_PLACEMENT_3D('',#1786,#1787,#1788);
#1786 = CARTESIAN_POINT('',(0.,1.016964290557E-14,45.800000000005));
#1787 = DIRECTION('',(0.,-2.22044604925E-16,-1.));
#1788 = DIRECTION('',(1.,0.,0.));
#1789 = PCURVE('',#465,#1790);
#1790 = DEFINITIONAL_REPRESENTATION('',(#1791),#1795);
#1791 = CIRCLE('',#1792,47.);
#1792 = AXIS2_PLACEMENT_2D('',#1793,#1794);
#1793 = CARTESIAN_POINT('',(0.,0.));
#1794 = DIRECTION('',(1.,-0.));
#1795 = ( GEOMETRIC_REPRESENTATION_CONTEXT(2) 
PARAMETRIC_REPRESENTATION_CONTEXT() REPRESENTATION_CONTEXT('2D SPACE',''
  ) );
#1796 = PCURVE('',#1797,#1802);
#1797 = CYLINDRICAL_SURFACE('',#1798,47.);
#1798 = AXIS2_PLACEMENT_3D('',#1799,#1800,#1801);
#1799 = CARTESIAN_POINT('',(0.,1.016964290557E-14,45.800000000005));
#1800 = DIRECTION('',(0.,2.22044604925E-16,1.));
#1801 = DIRECTION('',(1.,0.,0.));
#1802 = DEFINITIONAL_REPRESENTATION('',(#1803),#1807);
#1803 = LINE('',#1804,#1805);
#1804 = CARTESIAN_POINT('',(-0.,0.));
#1805 = VECTOR('',#1806,1.);
#1806 = DIRECTION('',(-1.,0.));
#1807 = ( GEOMETRIC_REPRESENTATION_CONTEXT(2) 
PARAMETRIC_REPRESENTATION_CONTEXT() REPRESENTATION_CONTEXT('2D SPACE',''
  ) );
#1808 = ADVANCED_FACE('',(#1809,#1855),#763,.F.);
#1809 = FACE_BOUND('',#1810,.F.);
#1810 = EDGE_LOOP('',(#1811,#1812,#1833,#1834));
#1811 = ORIENTED_EDGE('',*,*,#1069,.F.);
#1812 = ORIENTED_EDGE('',*,*,#1813,.T.);
#1813 = EDGE_CURVE('',#942,#746,#1814,.T.);
#1814 = SURFACE_CURVE('',#1815,(#1819,#1826),.PCURVE_S1.);
#1815 = LINE('',#1816,#1817);
#1816 = CARTESIAN_POINT('',(-35.5,-19.49358868961,18.5));
#1817 = VECTOR('',#1818,1.);
#1818 = DIRECTION('',(0.,1.,-2.22044604925E-16));
#1819 = PCURVE('',#763,#1820);
#1820 = DEFINITIONAL_REPRESENTATION('',(#1821),#1825);
#1821 = LINE('',#1822,#1823);
#1822 = CARTESIAN_POINT('',(2.,-16.50641131038));
#1823 = VECTOR('',#1824,1.);
#1824 = DIRECTION('',(4.930380657631E-32,-1.));
#1825 = ( GEOMETRIC_REPRESENTATION_CONTEXT(2) 
PARAMETRIC_REPRESENTATION_CONTEXT() REPRESENTATION_CONTEXT('2D SPACE',''
  ) );
#1826 = PCURVE('',#861,#1827);
#1827 = DEFINITIONAL_REPRESENTATION('',(#1828),#1832);
#1828 = LINE('',#1829,#1830);
#1829 = CARTESIAN_POINT('',(0.,0.));
#1830 = VECTOR('',#1831,1.);
#1831 = DIRECTION('',(0.,1.));
#1832 = ( GEOMETRIC_REPRESENTATION_CONTEXT(2) 
PARAMETRIC_REPRESENTATION_CONTEXT() REPRESENTATION_CONTEXT('2D SPACE',''
  ) );
#1833 = ORIENTED_EDGE('',*,*,#745,.T.);
#1834 = ORIENTED_EDGE('',*,*,#1835,.F.);
#1835 = EDGE_CURVE('',#1070,#748,#1836,.T.);
#1836 = SURFACE_CURVE('',#1837,(#1841,#1848),.PCURVE_S1.);
#1837 = LINE('',#1838,#1839);
#1838 = CARTESIAN_POINT('',(-35.5,-19.49358868961,41.5));
#1839 = VECTOR('',#1840,1.);
#1840 = DIRECTION('',(0.,1.,-2.22044604925E-16));
#1841 = PCURVE('',#763,#1842);
#1842 = DEFINITIONAL_REPRESENTATION('',(#1843),#1847);
#1843 = LINE('',#1844,#1845);
#1844 = CARTESIAN_POINT('',(25.,-16.50641131038));
#1845 = VECTOR('',#1846,1.);
#1846 = DIRECTION('',(4.930380657631E-32,-1.));
#1847 = ( GEOMETRIC_REPRESENTATION_CONTEXT(2) 
PARAMETRIC_REPRESENTATION_CONTEXT() REPRESENTATION_CONTEXT('2D SPACE',''
  ) );
#1848 = PCURVE('',#1178,#1849);
#1849 = DEFINITIONAL_REPRESENTATION('',(#1850),#1854);
#1850 = LINE('',#1851,#1852);
#1851 = CARTESIAN_POINT('',(-0.,0.));
#1852 = VECTOR('',#1853,1.);
#1853 = DIRECTION('',(-0.,1.));
#1854 = ( GEOMETRIC_REPRESENTATION_CONTEXT(2) 
PARAMETRIC_REPRESENTATION_CONTEXT() REPRESENTATION_CONTEXT('2D SPACE',''
  ) );
#1855 = FACE_BOUND('',#1856,.F.);
#1856 = EDGE_LOOP('',(#1857));
#1857 = ORIENTED_EDGE('',*,*,#1858,.F.);
#1858 = EDGE_CURVE('',#1859,#1859,#1861,.T.);
#1859 = VERTEX_POINT('',#1860);
#1860 = CARTESIAN_POINT('',(-35.5,1.577721810442E-30,41.));
#1861 = SURFACE_CURVE('',#1862,(#1867,#1874),.PCURVE_S1.);
#1862 = CIRCLE('',#1863,11.);
#1863 = AXIS2_PLACEMENT_3D('',#1864,#1865,#1866);
#1864 = CARTESIAN_POINT('',(-35.5,1.577721810442E-30,30.));
#1865 = DIRECTION('',(1.,-1.094764425254E-47,-2.22044604925E-16));
#1866 = DIRECTION('',(2.22044604925E-16,4.930380657631E-32,1.));
#1867 = PCURVE('',#763,#1868);
#1868 = DEFINITIONAL_REPRESENTATION('',(#1869),#1873);
#1869 = CIRCLE('',#1870,11.);
#1870 = AXIS2_PLACEMENT_2D('',#1871,#1872);
#1871 = CARTESIAN_POINT('',(13.5,-36.));
#1872 = DIRECTION('',(1.,2.22044604925E-16));
#1873 = ( GEOMETRIC_REPRESENTATION_CONTEXT(2) 
PARAMETRIC_REPRESENTATION_CONTEXT() REPRESENTATION_CONTEXT('2D SPACE',''
  ) );
#1874 = PCURVE('',#1875,#1880);
#1875 = CYLINDRICAL_SURFACE('',#1876,11.);
#1876 = AXIS2_PLACEMENT_3D('',#1877,#1878,#1879);
#1877 = CARTESIAN_POINT('',(35.5,1.577721810442E-30,30.));
#1878 = DIRECTION('',(1.,-1.094764425254E-47,-2.22044604925E-16));
#1879 = DIRECTION('',(2.22044604925E-16,4.930380657631E-32,1.));
#1880 = DEFINITIONAL_REPRESENTATION('',(#1881),#1885);
#1881 = LINE('',#1882,#1883);
#1882 = CARTESIAN_POINT('',(0.,-71.));
#1883 = VECTOR('',#1884,1.);
#1884 = DIRECTION('',(1.,0.));
#1885 = ( GEOMETRIC_REPRESENTATION_CONTEXT(2) 
PARAMETRIC_REPRESENTATION_CONTEXT() REPRESENTATION_CONTEXT('2D SPACE',''
  ) );
#1886 = ADVANCED_FACE('',(#1887),#861,.F.);
#1887 = FACE_BOUND('',#1888,.F.);
#1888 = EDGE_LOOP('',(#1889,#1890,#1911,#1912));
#1889 = ORIENTED_EDGE('',*,*,#941,.T.);
#1890 = ORIENTED_EDGE('',*,*,#1891,.T.);
#1891 = EDGE_CURVE('',#909,#776,#1892,.T.);
#1892 = SURFACE_CURVE('',#1893,(#1897,#1904),.PCURVE_S1.);
#1893 = LINE('',#1894,#1895);
#1894 = CARTESIAN_POINT('',(-37.5,-19.49358868961,16.5));
#1895 = VECTOR('',#1896,1.);
#1896 = DIRECTION('',(0.,1.,-2.22044604925E-16));
#1897 = PCURVE('',#861,#1898);
#1898 = DEFINITIONAL_REPRESENTATION('',(#1899),#1903);
#1899 = LINE('',#1900,#1901);
#1900 = CARTESIAN_POINT('',(1.570796326795,0.));
#1901 = VECTOR('',#1902,1.);
#1902 = DIRECTION('',(0.,1.));
#1903 = ( GEOMETRIC_REPRESENTATION_CONTEXT(2) 
PARAMETRIC_REPRESENTATION_CONTEXT() REPRESENTATION_CONTEXT('2D SPACE',''
  ) );
#1904 = PCURVE('',#925,#1905);
#1905 = DEFINITIONAL_REPRESENTATION('',(#1906),#1910);
#1906 = LINE('',#1907,#1908);
#1907 = CARTESIAN_POINT('',(28.,-16.50641131038));
#1908 = VECTOR('',#1909,1.);
#1909 = DIRECTION('',(0.,-1.));
#1910 = ( GEOMETRIC_REPRESENTATION_CONTEXT(2) 
PARAMETRIC_REPRESENTATION_CONTEXT() REPRESENTATION_CONTEXT('2D SPACE',''
  ) );
#1911 = ORIENTED_EDGE('',*,*,#775,.F.);
#1912 = ORIENTED_EDGE('',*,*,#1813,.F.);
#1913 = ADVANCED_FACE('',(#1914),#1178,.F.);
#1914 = FACE_BOUND('',#1915,.T.);
#1915 = EDGE_LOOP('',(#1916,#1917,#1938,#1939));
#1916 = ORIENTED_EDGE('',*,*,#1092,.T.);
#1917 = ORIENTED_EDGE('',*,*,#1918,.T.);
#1918 = EDGE_CURVE('',#1093,#1226,#1919,.T.);
#1919 = SURFACE_CURVE('',#1920,(#1924,#1931),.PCURVE_S1.);
#1920 = LINE('',#1921,#1922);
#1921 = CARTESIAN_POINT('',(-37.5,-19.49358868961,43.5));
#1922 = VECTOR('',#1923,1.);
#1923 = DIRECTION('',(0.,1.,-2.22044604925E-16));
#1924 = PCURVE('',#1178,#1925);
#1925 = DEFINITIONAL_REPRESENTATION('',(#1926),#1930);
#1926 = LINE('',#1927,#1928);
#1927 = CARTESIAN_POINT('',(-1.570796326795,0.));
#1928 = VECTOR('',#1929,1.);
#1929 = DIRECTION('',(-0.,1.));
#1930 = ( GEOMETRIC_REPRESENTATION_CONTEXT(2) 
PARAMETRIC_REPRESENTATION_CONTEXT() REPRESENTATION_CONTEXT('2D SPACE',''
  ) );
#1931 = PCURVE('',#1242,#1932);
#1932 = DEFINITIONAL_REPRESENTATION('',(#1933),#1937);
#1933 = LINE('',#1934,#1935);
#1934 = CARTESIAN_POINT('',(2.,-16.50641131038));
#1935 = VECTOR('',#1936,1.);
#1936 = DIRECTION('',(-0.,-1.));
#1937 = ( GEOMETRIC_REPRESENTATION_CONTEXT(2) 
PARAMETRIC_REPRESENTATION_CONTEXT() REPRESENTATION_CONTEXT('2D SPACE',''
  ) );
#1938 = ORIENTED_EDGE('',*,*,#1254,.F.);
#1939 = ORIENTED_EDGE('',*,*,#1835,.F.);
#1940 = ADVANCED_FACE('',(#1941),#925,.F.);
#1941 = FACE_BOUND('',#1942,.F.);
#1942 = EDGE_LOOP('',(#1943,#1944));
#1943 = ORIENTED_EDGE('',*,*,#908,.F.);
#1944 = ORIENTED_EDGE('',*,*,#1891,.F.);
#1945 = ADVANCED_FACE('',(#1946),#1242,.F.);
#1946 = FACE_BOUND('',#1947,.F.);
#1947 = EDGE_LOOP('',(#1948,#1949));
#1948 = ORIENTED_EDGE('',*,*,#1225,.T.);
#1949 = ORIENTED_EDGE('',*,*,#1918,.T.);
#1950 = ADVANCED_FACE('',(#1951),#1483,.F.);
#1951 = FACE_BOUND('',#1952,.F.);
#1952 = EDGE_LOOP('',(#1953,#1954,#1977,#1999));
#1953 = ORIENTED_EDGE('',*,*,#1462,.F.);
#1954 = ORIENTED_EDGE('',*,*,#1955,.T.);
#1955 = EDGE_CURVE('',#1463,#1956,#1958,.T.);
#1956 = VERTEX_POINT('',#1957);
#1957 = CARTESIAN_POINT('',(14.5,1.577721810442E-30,41.));
#1958 = SEAM_CURVE('',#1959,(#1963,#1970),.PCURVE_S1.);
#1959 = LINE('',#1960,#1961);
#1960 = CARTESIAN_POINT('',(35.5,1.577721810442E-30,41.));
#1961 = VECTOR('',#1962,1.);
#1962 = DIRECTION('',(-1.,1.094764425254E-47,2.22044604925E-16));
#1963 = PCURVE('',#1483,#1964);
#1964 = DEFINITIONAL_REPRESENTATION('',(#1965),#1969);
#1965 = LINE('',#1966,#1967);
#1966 = CARTESIAN_POINT('',(6.28318530718,0.));
#1967 = VECTOR('',#1968,1.);
#1968 = DIRECTION('',(0.,-1.));
#1969 = ( GEOMETRIC_REPRESENTATION_CONTEXT(2) 
PARAMETRIC_REPRESENTATION_CONTEXT() REPRESENTATION_CONTEXT('2D SPACE',''
  ) );
#1970 = PCURVE('',#1483,#1971);
#1971 = DEFINITIONAL_REPRESENTATION('',(#1972),#1976);
#1972 = LINE('',#1973,#1974);
#1973 = CARTESIAN_POINT('',(0.,0.));
#1974 = VECTOR('',#1975,1.);
#1975 = DIRECTION('',(0.,-1.));
#1976 = ( GEOMETRIC_REPRESENTATION_CONTEXT(2) 
PARAMETRIC_REPRESENTATION_CONTEXT() REPRESENTATION_CONTEXT('2D SPACE',''
  ) );
#1977 = ORIENTED_EDGE('',*,*,#1978,.T.);
#1978 = EDGE_CURVE('',#1956,#1956,#1979,.T.);
#1979 = SURFACE_CURVE('',#1980,(#1985,#1992),.PCURVE_S1.);
#1980 = CIRCLE('',#1981,11.);
#1981 = AXIS2_PLACEMENT_3D('',#1982,#1983,#1984);
#1982 = CARTESIAN_POINT('',(14.5,1.577721810442E-30,30.));
#1983 = DIRECTION('',(1.,-1.094764425254E-47,-2.22044604925E-16));
#1984 = DIRECTION('',(2.22044604925E-16,4.930380657631E-32,1.));
#1985 = PCURVE('',#1483,#1986);
#1986 = DEFINITIONAL_REPRESENTATION('',(#1987),#1991);
#1987 = LINE('',#1988,#1989);
#1988 = CARTESIAN_POINT('',(0.,-21.));
#1989 = VECTOR('',#1990,1.);
#1990 = DIRECTION('',(1.,0.));
#1991 = ( GEOMETRIC_REPRESENTATION_CONTEXT(2) 
PARAMETRIC_REPRESENTATION_CONTEXT() REPRESENTATION_CONTEXT('2D SPACE',''
  ) );
#1992 = PCURVE('',#1695,#1993);
#1993 = DEFINITIONAL_REPRESENTATION('',(#1994),#1998);
#1994 = CIRCLE('',#1995,11.);
#1995 = AXIS2_PLACEMENT_2D('',#1996,#1997);
#1996 = CARTESIAN_POINT('',(30.,-36.));
#1997 = DIRECTION('',(1.,2.22044604925E-16));
#1998 = ( GEOMETRIC_REPRESENTATION_CONTEXT(2) 
PARAMETRIC_REPRESENTATION_CONTEXT() REPRESENTATION_CONTEXT('2D SPACE',''
  ) );
#1999 = ORIENTED_EDGE('',*,*,#1955,.F.);
#2000 = ADVANCED_FACE('',(#2001),#1516,.T.);
#2001 = FACE_BOUND('',#2002,.T.);
#2002 = EDGE_LOOP('',(#2003,#2004,#2027,#2055));
#2003 = ORIENTED_EDGE('',*,*,#1498,.F.);
#2004 = ORIENTED_EDGE('',*,*,#2005,.F.);
#2005 = EDGE_CURVE('',#2006,#1499,#2008,.T.);
#2006 = VERTEX_POINT('',#2007);
#2007 = CARTESIAN_POINT('',(-4.5,-36.,42.));
#2008 = SURFACE_CURVE('',#2009,(#2013,#2020),.PCURVE_S1.);
#2009 = LINE('',#2010,#2011);
#2010 = CARTESIAN_POINT('',(-4.5,-36.,42.));
#2011 = VECTOR('',#2012,1.);
#2012 = DIRECTION('',(0.,-2.22044604925E-16,-1.));
#2013 = PCURVE('',#1516,#2014);
#2014 = DEFINITIONAL_REPRESENTATION('',(#2015),#2019);
#2015 = LINE('',#2016,#2017);
#2016 = CARTESIAN_POINT('',(15.454054054054,-4.5));
#2017 = VECTOR('',#2018,1.);
#2018 = DIRECTION('',(-1.,0.));
#2019 = ( GEOMETRIC_REPRESENTATION_CONTEXT(2) 
PARAMETRIC_REPRESENTATION_CONTEXT() REPRESENTATION_CONTEXT('2D SPACE',''
  ) );
#2020 = PCURVE('',#1545,#2021);
#2021 = DEFINITIONAL_REPRESENTATION('',(#2022),#2026);
#2022 = LINE('',#2023,#2024);
#2023 = CARTESIAN_POINT('',(0.,0.));
#2024 = VECTOR('',#2025,1.);
#2025 = DIRECTION('',(0.,1.));
#2026 = ( GEOMETRIC_REPRESENTATION_CONTEXT(2) 
PARAMETRIC_REPRESENTATION_CONTEXT() REPRESENTATION_CONTEXT('2D SPACE',''
  ) );
#2027 = ORIENTED_EDGE('',*,*,#2028,.F.);
#2028 = EDGE_CURVE('',#2029,#2006,#2031,.T.);
#2029 = VERTEX_POINT('',#2030);
#2030 = CARTESIAN_POINT('',(4.5,-36.,42.));
#2031 = SURFACE_CURVE('',#2032,(#2036,#2043),.PCURVE_S1.);
#2032 = LINE('',#2033,#2034);
#2033 = CARTESIAN_POINT('',(14.5,-36.,42.));
#2034 = VECTOR('',#2035,1.);
#2035 = DIRECTION('',(-1.,0.,0.));
#2036 = PCURVE('',#1516,#2037);
#2037 = DEFINITIONAL_REPRESENTATION('',(#2038),#2042);
#2038 = LINE('',#2039,#2040);
#2039 = CARTESIAN_POINT('',(15.454054054054,14.5));
#2040 = VECTOR('',#2041,1.);
#2041 = DIRECTION('',(-0.,-1.));
#2042 = ( GEOMETRIC_REPRESENTATION_CONTEXT(2) 
PARAMETRIC_REPRESENTATION_CONTEXT() REPRESENTATION_CONTEXT('2D SPACE',''
  ) );
#2043 = PCURVE('',#2044,#2049);
#2044 = PLANE('',#2045);
#2045 = AXIS2_PLACEMENT_3D('',#2046,#2047,#2048);
#2046 = CARTESIAN_POINT('',(14.5,-36.,42.));
#2047 = DIRECTION('',(0.,2.22044604925E-16,1.));
#2048 = DIRECTION('',(-1.,0.,0.));
#2049 = DEFINITIONAL_REPRESENTATION('',(#2050),#2054);
#2050 = LINE('',#2051,#2052);
#2051 = CARTESIAN_POINT('',(0.,7.105427357601E-15));
#2052 = VECTOR('',#2053,1.);
#2053 = DIRECTION('',(1.,0.));
#2054 = ( GEOMETRIC_REPRESENTATION_CONTEXT(2) 
PARAMETRIC_REPRESENTATION_CONTEXT() REPRESENTATION_CONTEXT('2D SPACE',''
  ) );
#2055 = ORIENTED_EDGE('',*,*,#2056,.F.);
#2056 = EDGE_CURVE('',#1501,#2029,#2057,.T.);
#2057 = SURFACE_CURVE('',#2058,(#2062,#2069),.PCURVE_S1.);
#2058 = LINE('',#2059,#2060);
#2059 = CARTESIAN_POINT('',(4.5,-36.,1.021405182655E-14));
#2060 = VECTOR('',#2061,1.);
#2061 = DIRECTION('',(0.,2.22044604925E-16,1.));
#2062 = PCURVE('',#1516,#2063);
#2063 = DEFINITIONAL_REPRESENTATION('',(#2064),#2068);
#2064 = LINE('',#2065,#2066);
#2065 = CARTESIAN_POINT('',(-26.54594594594,4.5));
#2066 = VECTOR('',#2067,1.);
#2067 = DIRECTION('',(1.,0.));
#2068 = ( GEOMETRIC_REPRESENTATION_CONTEXT(2) 
PARAMETRIC_REPRESENTATION_CONTEXT() REPRESENTATION_CONTEXT('2D SPACE',''
  ) );
#2069 = PCURVE('',#1726,#2070);
#2070 = DEFINITIONAL_REPRESENTATION('',(#2071),#2075);
#2071 = LINE('',#2072,#2073);
#2072 = CARTESIAN_POINT('',(0.,0.));
#2073 = VECTOR('',#2074,1.);
#2074 = DIRECTION('',(0.,1.));
#2075 = ( GEOMETRIC_REPRESENTATION_CONTEXT(2) 
PARAMETRIC_REPRESENTATION_CONTEXT() REPRESENTATION_CONTEXT('2D SPACE',''
  ) );
#2076 = ADVANCED_FACE('',(#2077),#1545,.F.);
#2077 = FACE_BOUND('',#2078,.F.);
#2078 = EDGE_LOOP('',(#2079,#2107,#2128,#2129));
#2079 = ORIENTED_EDGE('',*,*,#2080,.T.);
#2080 = EDGE_CURVE('',#2006,#2081,#2083,.T.);
#2081 = VERTEX_POINT('',#2082);
#2082 = CARTESIAN_POINT('',(-14.5,-26.,42.));
#2083 = SURFACE_CURVE('',#2084,(#2089,#2096),.PCURVE_S1.);
#2084 = CIRCLE('',#2085,10.);
#2085 = AXIS2_PLACEMENT_3D('',#2086,#2087,#2088);
#2086 = CARTESIAN_POINT('',(-4.5,-26.,42.));
#2087 = DIRECTION('',(0.,-2.22044604925E-16,-1.));
#2088 = DIRECTION('',(0.,1.,-2.22044604925E-16));
#2089 = PCURVE('',#1545,#2090);
#2090 = DEFINITIONAL_REPRESENTATION('',(#2091),#2095);
#2091 = LINE('',#2092,#2093);
#2092 = CARTESIAN_POINT('',(-3.14159265359,0.));
#2093 = VECTOR('',#2094,1.);
#2094 = DIRECTION('',(1.,0.));
#2095 = ( GEOMETRIC_REPRESENTATION_CONTEXT(2) 
PARAMETRIC_REPRESENTATION_CONTEXT() REPRESENTATION_CONTEXT('2D SPACE',''
  ) );
#2096 = PCURVE('',#2044,#2097);
#2097 = DEFINITIONAL_REPRESENTATION('',(#2098),#2106);
#2098 = ( BOUNDED_CURVE() B_SPLINE_CURVE(2,(#2099,#2100,#2101,#2102,
#2103,#2104,#2105),.UNSPECIFIED.,.T.,.F.) B_SPLINE_CURVE_WITH_KNOTS((1,2
    ,2,2,2,1),(-2.094395102393,0.,2.094395102393,4.188790204786,
6.28318530718,8.377580409573),.UNSPECIFIED.) CURVE() 
GEOMETRIC_REPRESENTATION_ITEM() RATIONAL_B_SPLINE_CURVE((1.,0.5,1.,0.5,
1.,0.5,1.)) REPRESENTATION_ITEM('') );
#2099 = CARTESIAN_POINT('',(19.,-20.));
#2100 = CARTESIAN_POINT('',(1.679491924311,-20.));
#2101 = CARTESIAN_POINT('',(10.339745962156,-5.));
#2102 = CARTESIAN_POINT('',(19.,10.));
#2103 = CARTESIAN_POINT('',(27.660254037844,-5.));
#2104 = CARTESIAN_POINT('',(36.320508075689,-20.));
#2105 = CARTESIAN_POINT('',(19.,-20.));
#2106 = ( GEOMETRIC_REPRESENTATION_CONTEXT(2) 
PARAMETRIC_REPRESENTATION_CONTEXT() REPRESENTATION_CONTEXT('2D SPACE',''
  ) );
#2107 = ORIENTED_EDGE('',*,*,#2108,.T.);
#2108 = EDGE_CURVE('',#2081,#1529,#2109,.T.);
#2109 = SURFACE_CURVE('',#2110,(#2114,#2121),.PCURVE_S1.);
#2110 = LINE('',#2111,#2112);
#2111 = CARTESIAN_POINT('',(-14.5,-26.,42.));
#2112 = VECTOR('',#2113,1.);
#2113 = DIRECTION('',(0.,-2.22044604925E-16,-1.));
#2114 = PCURVE('',#1545,#2115);
#2115 = DEFINITIONAL_REPRESENTATION('',(#2116),#2120);
#2116 = LINE('',#2117,#2118);
#2117 = CARTESIAN_POINT('',(1.570796326795,0.));
#2118 = VECTOR('',#2119,1.);
#2119 = DIRECTION('',(0.,1.));
#2120 = ( GEOMETRIC_REPRESENTATION_CONTEXT(2) 
PARAMETRIC_REPRESENTATION_CONTEXT() REPRESENTATION_CONTEXT('2D SPACE',''
  ) );
#2121 = PCURVE('',#1573,#2122);
#2122 = DEFINITIONAL_REPRESENTATION('',(#2123),#2127);
#2123 = LINE('',#2124,#2125);
#2124 = CARTESIAN_POINT('',(-2.22044604925E-15,-10.));
#2125 = VECTOR('',#2126,1.);
#2126 = DIRECTION('',(1.,-4.930380657631E-32));
#2127 = ( GEOMETRIC_REPRESENTATION_CONTEXT(2) 
PARAMETRIC_REPRESENTATION_CONTEXT() REPRESENTATION_CONTEXT('2D SPACE',''
  ) );
#2128 = ORIENTED_EDGE('',*,*,#1528,.F.);
#2129 = ORIENTED_EDGE('',*,*,#2005,.F.);
#2130 = ADVANCED_FACE('',(#2131),#1726,.F.);
#2131 = FACE_BOUND('',#2132,.F.);
#2132 = EDGE_LOOP('',(#2133,#2134,#2157,#2179));
#2133 = ORIENTED_EDGE('',*,*,#1707,.T.);
#2134 = ORIENTED_EDGE('',*,*,#2135,.T.);
#2135 = EDGE_CURVE('',#1680,#2136,#2138,.T.);
#2136 = VERTEX_POINT('',#2137);
#2137 = CARTESIAN_POINT('',(14.5,-26.,42.));
#2138 = SURFACE_CURVE('',#2139,(#2143,#2150),.PCURVE_S1.);
#2139 = LINE('',#2140,#2141);
#2140 = CARTESIAN_POINT('',(14.5,-26.,7.993605777301E-15));
#2141 = VECTOR('',#2142,1.);
#2142 = DIRECTION('',(0.,2.22044604925E-16,1.));
#2143 = PCURVE('',#1726,#2144);
#2144 = DEFINITIONAL_REPRESENTATION('',(#2145),#2149);
#2145 = LINE('',#2146,#2147);
#2146 = CARTESIAN_POINT('',(1.570796326795,0.));
#2147 = VECTOR('',#2148,1.);
#2148 = DIRECTION('',(0.,1.));
#2149 = ( GEOMETRIC_REPRESENTATION_CONTEXT(2) 
PARAMETRIC_REPRESENTATION_CONTEXT() REPRESENTATION_CONTEXT('2D SPACE',''
  ) );
#2150 = PCURVE('',#1695,#2151);
#2151 = DEFINITIONAL_REPRESENTATION('',(#2152),#2156);
#2152 = LINE('',#2153,#2154);
#2153 = CARTESIAN_POINT('',(2.22044604925E-15,-10.));
#2154 = VECTOR('',#2155,1.);
#2155 = DIRECTION('',(1.,4.930380657631E-32));
#2156 = ( GEOMETRIC_REPRESENTATION_CONTEXT(2) 
PARAMETRIC_REPRESENTATION_CONTEXT() REPRESENTATION_CONTEXT('2D SPACE',''
  ) );
#2157 = ORIENTED_EDGE('',*,*,#2158,.F.);
#2158 = EDGE_CURVE('',#2029,#2136,#2159,.T.);
#2159 = SURFACE_CURVE('',#2160,(#2165,#2172),.PCURVE_S1.);
#2160 = CIRCLE('',#2161,10.);
#2161 = AXIS2_PLACEMENT_3D('',#2162,#2163,#2164);
#2162 = CARTESIAN_POINT('',(4.5,-26.,42.));
#2163 = DIRECTION('',(-0.,2.22044604925E-16,1.));
#2164 = DIRECTION('',(0.,-1.,2.22044604925E-16));
#2165 = PCURVE('',#1726,#2166);
#2166 = DEFINITIONAL_REPRESENTATION('',(#2167),#2171);
#2167 = LINE('',#2168,#2169);
#2168 = CARTESIAN_POINT('',(0.,42.));
#2169 = VECTOR('',#2170,1.);
#2170 = DIRECTION('',(1.,0.));
#2171 = ( GEOMETRIC_REPRESENTATION_CONTEXT(2) 
PARAMETRIC_REPRESENTATION_CONTEXT() REPRESENTATION_CONTEXT('2D SPACE',''
  ) );
#2172 = PCURVE('',#2044,#2173);
#2173 = DEFINITIONAL_REPRESENTATION('',(#2174),#2178);
#2174 = CIRCLE('',#2175,10.);
#2175 = AXIS2_PLACEMENT_2D('',#2176,#2177);
#2176 = CARTESIAN_POINT('',(10.,-10.));
#2177 = DIRECTION('',(0.,1.));
#2178 = ( GEOMETRIC_REPRESENTATION_CONTEXT(2) 
PARAMETRIC_REPRESENTATION_CONTEXT() REPRESENTATION_CONTEXT('2D SPACE',''
  ) );
#2179 = ORIENTED_EDGE('',*,*,#2056,.F.);
#2180 = ADVANCED_FACE('',(#2181,#2229),#1573,.F.);
#2181 = FACE_BOUND('',#2182,.F.);
#2182 = EDGE_LOOP('',(#2183,#2206,#2227,#2228));
#2183 = ORIENTED_EDGE('',*,*,#2184,.T.);
#2184 = EDGE_CURVE('',#2081,#2185,#2187,.T.);
#2185 = VERTEX_POINT('',#2186);
#2186 = CARTESIAN_POINT('',(-14.5,26.,42.));
#2187 = SURFACE_CURVE('',#2188,(#2192,#2199),.PCURVE_S1.);
#2188 = LINE('',#2189,#2190);
#2189 = CARTESIAN_POINT('',(-14.5,-36.,42.));
#2190 = VECTOR('',#2191,1.);
#2191 = DIRECTION('',(0.,1.,-2.22044604925E-16));
#2192 = PCURVE('',#1573,#2193);
#2193 = DEFINITIONAL_REPRESENTATION('',(#2194),#2198);
#2194 = LINE('',#2195,#2196);
#2195 = CARTESIAN_POINT('',(0.,0.));
#2196 = VECTOR('',#2197,1.);
#2197 = DIRECTION('',(0.,-1.));
#2198 = ( GEOMETRIC_REPRESENTATION_CONTEXT(2) 
PARAMETRIC_REPRESENTATION_CONTEXT() REPRESENTATION_CONTEXT('2D SPACE',''
  ) );
#2199 = PCURVE('',#2044,#2200);
#2200 = DEFINITIONAL_REPRESENTATION('',(#2201),#2205);
#2201 = LINE('',#2202,#2203);
#2202 = CARTESIAN_POINT('',(29.,0.));
#2203 = VECTOR('',#2204,1.);
#2204 = DIRECTION('',(-0.,-1.));
#2205 = ( GEOMETRIC_REPRESENTATION_CONTEXT(2) 
PARAMETRIC_REPRESENTATION_CONTEXT() REPRESENTATION_CONTEXT('2D SPACE',''
  ) );
#2206 = ORIENTED_EDGE('',*,*,#2207,.T.);
#2207 = EDGE_CURVE('',#2185,#1558,#2208,.T.);
#2208 = SURFACE_CURVE('',#2209,(#2213,#2220),.PCURVE_S1.);
#2209 = LINE('',#2210,#2211);
#2210 = CARTESIAN_POINT('',(-14.5,26.,42.));
#2211 = VECTOR('',#2212,1.);
#2212 = DIRECTION('',(0.,-2.22044604925E-16,-1.));
#2213 = PCURVE('',#1573,#2214);
#2214 = DEFINITIONAL_REPRESENTATION('',(#2215),#2219);
#2215 = LINE('',#2216,#2217);
#2216 = CARTESIAN_POINT('',(4.440892098501E-16,-62.));
#2217 = VECTOR('',#2218,1.);
#2218 = DIRECTION('',(1.,-4.930380657631E-32));
#2219 = ( GEOMETRIC_REPRESENTATION_CONTEXT(2) 
PARAMETRIC_REPRESENTATION_CONTEXT() REPRESENTATION_CONTEXT('2D SPACE',''
  ) );
#2220 = PCURVE('',#1606,#2221);
#2221 = DEFINITIONAL_REPRESENTATION('',(#2222),#2226);
#2222 = LINE('',#2223,#2224);
#2223 = CARTESIAN_POINT('',(-1.570796326795,0.));
#2224 = VECTOR('',#2225,1.);
#2225 = DIRECTION('',(-0.,1.));
#2226 = ( GEOMETRIC_REPRESENTATION_CONTEXT(2) 
PARAMETRIC_REPRESENTATION_CONTEXT() REPRESENTATION_CONTEXT('2D SPACE',''
  ) );
#2227 = ORIENTED_EDGE('',*,*,#1557,.F.);
#2228 = ORIENTED_EDGE('',*,*,#2108,.F.);
#2229 = FACE_BOUND('',#2230,.F.);
#2230 = EDGE_LOOP('',(#2231));
#2231 = ORIENTED_EDGE('',*,*,#2232,.T.);
#2232 = EDGE_CURVE('',#2233,#2233,#2235,.T.);
#2233 = VERTEX_POINT('',#2234);
#2234 = CARTESIAN_POINT('',(-14.5,1.577721810442E-30,41.));
#2235 = SURFACE_CURVE('',#2236,(#2241,#2252),.PCURVE_S1.);
#2236 = CIRCLE('',#2237,11.);
#2237 = AXIS2_PLACEMENT_3D('',#2238,#2239,#2240);
#2238 = CARTESIAN_POINT('',(-14.5,1.577721810442E-30,30.));
#2239 = DIRECTION('',(1.,-1.094764425254E-47,-2.22044604925E-16));
#2240 = DIRECTION('',(2.22044604925E-16,4.930380657631E-32,1.));
#2241 = PCURVE('',#1573,#2242);
#2242 = DEFINITIONAL_REPRESENTATION('',(#2243),#2251);
#2243 = ( BOUNDED_CURVE() B_SPLINE_CURVE(2,(#2244,#2245,#2246,#2247,
#2248,#2249,#2250),.UNSPECIFIED.,.T.,.F.) B_SPLINE_CURVE_WITH_KNOTS((1,2
    ,2,2,2,1),(-2.094395102393,0.,2.094395102393,4.188790204786,
6.28318530718,8.377580409573),.UNSPECIFIED.) CURVE() 
GEOMETRIC_REPRESENTATION_ITEM() RATIONAL_B_SPLINE_CURVE((1.,0.5,1.,0.5,
1.,0.5,1.)) REPRESENTATION_ITEM('') );
#2244 = CARTESIAN_POINT('',(1.,-36.));
#2245 = CARTESIAN_POINT('',(1.,-16.94744111674));
#2246 = CARTESIAN_POINT('',(17.5,-26.47372055837));
#2247 = CARTESIAN_POINT('',(34.,-36.));
#2248 = CARTESIAN_POINT('',(17.5,-45.52627944162));
#2249 = CARTESIAN_POINT('',(1.,-55.05255888325));
#2250 = CARTESIAN_POINT('',(1.,-36.));
#2251 = ( GEOMETRIC_REPRESENTATION_CONTEXT(2) 
PARAMETRIC_REPRESENTATION_CONTEXT() REPRESENTATION_CONTEXT('2D SPACE',''
  ) );
#2252 = PCURVE('',#1875,#2253);
#2253 = DEFINITIONAL_REPRESENTATION('',(#2254),#2258);
#2254 = LINE('',#2255,#2256);
#2255 = CARTESIAN_POINT('',(0.,-50.));
#2256 = VECTOR('',#2257,1.);
#2257 = DIRECTION('',(1.,0.));
#2258 = ( GEOMETRIC_REPRESENTATION_CONTEXT(2) 
PARAMETRIC_REPRESENTATION_CONTEXT() REPRESENTATION_CONTEXT('2D SPACE',''
  ) );
#2259 = ADVANCED_FACE('',(#2260,#2308),#1695,.F.);
#2260 = FACE_BOUND('',#2261,.F.);
#2261 = EDGE_LOOP('',(#2262,#2263,#2286,#2307));
#2262 = ORIENTED_EDGE('',*,*,#1679,.T.);
#2263 = ORIENTED_EDGE('',*,*,#2264,.T.);
#2264 = EDGE_CURVE('',#1647,#2265,#2267,.T.);
#2265 = VERTEX_POINT('',#2266);
#2266 = CARTESIAN_POINT('',(14.5,26.,42.));
#2267 = SURFACE_CURVE('',#2268,(#2272,#2279),.PCURVE_S1.);
#2268 = LINE('',#2269,#2270);
#2269 = CARTESIAN_POINT('',(14.5,26.,-7.993605777301E-15));
#2270 = VECTOR('',#2271,1.);
#2271 = DIRECTION('',(0.,2.22044604925E-16,1.));
#2272 = PCURVE('',#1695,#2273);
#2273 = DEFINITIONAL_REPRESENTATION('',(#2274),#2278);
#2274 = LINE('',#2275,#2276);
#2275 = CARTESIAN_POINT('',(-2.22044604925E-15,-62.));
#2276 = VECTOR('',#2277,1.);
#2277 = DIRECTION('',(1.,4.930380657631E-32));
#2278 = ( GEOMETRIC_REPRESENTATION_CONTEXT(2) 
PARAMETRIC_REPRESENTATION_CONTEXT() REPRESENTATION_CONTEXT('2D SPACE',''
  ) );
#2279 = PCURVE('',#1667,#2280);
#2280 = DEFINITIONAL_REPRESENTATION('',(#2281),#2285);
#2281 = LINE('',#2282,#2283);
#2282 = CARTESIAN_POINT('',(0.,0.));
#2283 = VECTOR('',#2284,1.);
#2284 = DIRECTION('',(0.,1.));
#2285 = ( GEOMETRIC_REPRESENTATION_CONTEXT(2) 
PARAMETRIC_REPRESENTATION_CONTEXT() REPRESENTATION_CONTEXT('2D SPACE',''
  ) );
#2286 = ORIENTED_EDGE('',*,*,#2287,.F.);
#2287 = EDGE_CURVE('',#2136,#2265,#2288,.T.);
#2288 = SURFACE_CURVE('',#2289,(#2293,#2300),.PCURVE_S1.);
#2289 = LINE('',#2290,#2291);
#2290 = CARTESIAN_POINT('',(14.5,-36.,42.));
#2291 = VECTOR('',#2292,1.);
#2292 = DIRECTION('',(0.,1.,-2.22044604925E-16));
#2293 = PCURVE('',#1695,#2294);
#2294 = DEFINITIONAL_REPRESENTATION('',(#2295),#2299);
#2295 = LINE('',#2296,#2297);
#2296 = CARTESIAN_POINT('',(42.,-4.884981308351E-15));
#2297 = VECTOR('',#2298,1.);
#2298 = DIRECTION('',(0.,-1.));
#2299 = ( GEOMETRIC_REPRESENTATION_CONTEXT(2) 
PARAMETRIC_REPRESENTATION_CONTEXT() REPRESENTATION_CONTEXT('2D SPACE',''
  ) );
#2300 = PCURVE('',#2044,#2301);
#2301 = DEFINITIONAL_REPRESENTATION('',(#2302),#2306);
#2302 = LINE('',#2303,#2304);
#2303 = CARTESIAN_POINT('',(0.,0.));
#2304 = VECTOR('',#2305,1.);
#2305 = DIRECTION('',(-0.,-1.));
#2306 = ( GEOMETRIC_REPRESENTATION_CONTEXT(2) 
PARAMETRIC_REPRESENTATION_CONTEXT() REPRESENTATION_CONTEXT('2D SPACE',''
  ) );
#2307 = ORIENTED_EDGE('',*,*,#2135,.F.);
#2308 = FACE_BOUND('',#2309,.F.);
#2309 = EDGE_LOOP('',(#2310));
#2310 = ORIENTED_EDGE('',*,*,#1978,.F.);
#2311 = ADVANCED_FACE('',(#2312),#1606,.F.);
#2312 = FACE_BOUND('',#2313,.T.);
#2313 = EDGE_LOOP('',(#2314,#2338,#2339,#2340));
#2314 = ORIENTED_EDGE('',*,*,#2315,.T.);
#2315 = EDGE_CURVE('',#2316,#2185,#2318,.T.);
#2316 = VERTEX_POINT('',#2317);
#2317 = CARTESIAN_POINT('',(-4.5,36.,42.));
#2318 = SURFACE_CURVE('',#2319,(#2324,#2331),.PCURVE_S1.);
#2319 = CIRCLE('',#2320,10.);
#2320 = AXIS2_PLACEMENT_3D('',#2321,#2322,#2323);
#2321 = CARTESIAN_POINT('',(-4.5,26.,42.));
#2322 = DIRECTION('',(0.,2.22044604925E-16,1.));
#2323 = DIRECTION('',(0.,1.,-2.22044604925E-16));
#2324 = PCURVE('',#1606,#2325);
#2325 = DEFINITIONAL_REPRESENTATION('',(#2326),#2330);
#2326 = LINE('',#2327,#2328);
#2327 = CARTESIAN_POINT('',(-0.,0.));
#2328 = VECTOR('',#2329,1.);
#2329 = DIRECTION('',(-1.,0.));
#2330 = ( GEOMETRIC_REPRESENTATION_CONTEXT(2) 
PARAMETRIC_REPRESENTATION_CONTEXT() REPRESENTATION_CONTEXT('2D SPACE',''
  ) );
#2331 = PCURVE('',#2044,#2332);
#2332 = DEFINITIONAL_REPRESENTATION('',(#2333),#2337);
#2333 = CIRCLE('',#2334,10.);
#2334 = AXIS2_PLACEMENT_2D('',#2335,#2336);
#2335 = CARTESIAN_POINT('',(19.,-62.));
#2336 = DIRECTION('',(-0.,-1.));
#2337 = ( GEOMETRIC_REPRESENTATION_CONTEXT(2) 
PARAMETRIC_REPRESENTATION_CONTEXT() REPRESENTATION_CONTEXT('2D SPACE',''
  ) );
#2338 = ORIENTED_EDGE('',*,*,#2207,.T.);
#2339 = ORIENTED_EDGE('',*,*,#1585,.F.);
#2340 = ORIENTED_EDGE('',*,*,#2341,.F.);
#2341 = EDGE_CURVE('',#2316,#1586,#2342,.T.);
#2342 = SURFACE_CURVE('',#2343,(#2347,#2354),.PCURVE_S1.);
#2343 = LINE('',#2344,#2345);
#2344 = CARTESIAN_POINT('',(-4.5,36.,42.));
#2345 = VECTOR('',#2346,1.);
#2346 = DIRECTION('',(0.,-2.22044604925E-16,-1.));
#2347 = PCURVE('',#1606,#2348);
#2348 = DEFINITIONAL_REPRESENTATION('',(#2349),#2353);
#2349 = LINE('',#2350,#2351);
#2350 = CARTESIAN_POINT('',(-0.,0.));
#2351 = VECTOR('',#2352,1.);
#2352 = DIRECTION('',(-0.,1.));
#2353 = ( GEOMETRIC_REPRESENTATION_CONTEXT(2) 
PARAMETRIC_REPRESENTATION_CONTEXT() REPRESENTATION_CONTEXT('2D SPACE',''
  ) );
#2354 = PCURVE('',#1634,#2355);
#2355 = DEFINITIONAL_REPRESENTATION('',(#2356),#2360);
#2356 = LINE('',#2357,#2358);
#2357 = CARTESIAN_POINT('',(15.454054054054,-4.5));
#2358 = VECTOR('',#2359,1.);
#2359 = DIRECTION('',(-1.,0.));
#2360 = ( GEOMETRIC_REPRESENTATION_CONTEXT(2) 
PARAMETRIC_REPRESENTATION_CONTEXT() REPRESENTATION_CONTEXT('2D SPACE',''
  ) );
#2361 = ADVANCED_FACE('',(#2362),#1667,.F.);
#2362 = FACE_BOUND('',#2363,.F.);
#2363 = EDGE_LOOP('',(#2364,#2365,#2388,#2410));
#2364 = ORIENTED_EDGE('',*,*,#1646,.T.);
#2365 = ORIENTED_EDGE('',*,*,#2366,.T.);
#2366 = EDGE_CURVE('',#1619,#2367,#2369,.T.);
#2367 = VERTEX_POINT('',#2368);
#2368 = CARTESIAN_POINT('',(4.5,36.,42.));
#2369 = SURFACE_CURVE('',#2370,(#2374,#2381),.PCURVE_S1.);
#2370 = LINE('',#2371,#2372);
#2371 = CARTESIAN_POINT('',(4.5,36.,-1.021405182655E-14));
#2372 = VECTOR('',#2373,1.);
#2373 = DIRECTION('',(0.,2.22044604925E-16,1.));
#2374 = PCURVE('',#1667,#2375);
#2375 = DEFINITIONAL_REPRESENTATION('',(#2376),#2380);
#2376 = LINE('',#2377,#2378);
#2377 = CARTESIAN_POINT('',(1.570796326795,0.));
#2378 = VECTOR('',#2379,1.);
#2379 = DIRECTION('',(0.,1.));
#2380 = ( GEOMETRIC_REPRESENTATION_CONTEXT(2) 
PARAMETRIC_REPRESENTATION_CONTEXT() REPRESENTATION_CONTEXT('2D SPACE',''
  ) );
#2381 = PCURVE('',#1634,#2382);
#2382 = DEFINITIONAL_REPRESENTATION('',(#2383),#2387);
#2383 = LINE('',#2384,#2385);
#2384 = CARTESIAN_POINT('',(-26.54594594594,4.5));
#2385 = VECTOR('',#2386,1.);
#2386 = DIRECTION('',(1.,0.));
#2387 = ( GEOMETRIC_REPRESENTATION_CONTEXT(2) 
PARAMETRIC_REPRESENTATION_CONTEXT() REPRESENTATION_CONTEXT('2D SPACE',''
  ) );
#2388 = ORIENTED_EDGE('',*,*,#2389,.F.);
#2389 = EDGE_CURVE('',#2265,#2367,#2390,.T.);
#2390 = SURFACE_CURVE('',#2391,(#2396,#2403),.PCURVE_S1.);
#2391 = CIRCLE('',#2392,10.);
#2392 = AXIS2_PLACEMENT_3D('',#2393,#2394,#2395);
#2393 = CARTESIAN_POINT('',(4.5,26.,42.));
#2394 = DIRECTION('',(-0.,2.22044604925E-16,1.));
#2395 = DIRECTION('',(0.,-1.,2.22044604925E-16));
#2396 = PCURVE('',#1667,#2397);
#2397 = DEFINITIONAL_REPRESENTATION('',(#2398),#2402);
#2398 = LINE('',#2399,#2400);
#2399 = CARTESIAN_POINT('',(-1.570796326795,42.));
#2400 = VECTOR('',#2401,1.);
#2401 = DIRECTION('',(1.,0.));
#2402 = ( GEOMETRIC_REPRESENTATION_CONTEXT(2) 
PARAMETRIC_REPRESENTATION_CONTEXT() REPRESENTATION_CONTEXT('2D SPACE',''
  ) );
#2403 = PCURVE('',#2044,#2404);
#2404 = DEFINITIONAL_REPRESENTATION('',(#2405),#2409);
#2405 = CIRCLE('',#2406,10.);
#2406 = AXIS2_PLACEMENT_2D('',#2407,#2408);
#2407 = CARTESIAN_POINT('',(10.,-62.));
#2408 = DIRECTION('',(0.,1.));
#2409 = ( GEOMETRIC_REPRESENTATION_CONTEXT(2) 
PARAMETRIC_REPRESENTATION_CONTEXT() REPRESENTATION_CONTEXT('2D SPACE',''
  ) );
#2410 = ORIENTED_EDGE('',*,*,#2264,.F.);
#2411 = ADVANCED_FACE('',(#2412),#1634,.F.);
#2412 = FACE_BOUND('',#2413,.F.);
#2413 = EDGE_LOOP('',(#2414,#2415,#2416,#2437));
#2414 = ORIENTED_EDGE('',*,*,#1618,.F.);
#2415 = ORIENTED_EDGE('',*,*,#2341,.F.);
#2416 = ORIENTED_EDGE('',*,*,#2417,.F.);
#2417 = EDGE_CURVE('',#2367,#2316,#2418,.T.);
#2418 = SURFACE_CURVE('',#2419,(#2423,#2430),.PCURVE_S1.);
#2419 = LINE('',#2420,#2421);
#2420 = CARTESIAN_POINT('',(14.5,36.,42.));
#2421 = VECTOR('',#2422,1.);
#2422 = DIRECTION('',(-1.,0.,0.));
#2423 = PCURVE('',#1634,#2424);
#2424 = DEFINITIONAL_REPRESENTATION('',(#2425),#2429);
#2425 = LINE('',#2426,#2427);
#2426 = CARTESIAN_POINT('',(15.454054054054,14.5));
#2427 = VECTOR('',#2428,1.);
#2428 = DIRECTION('',(-0.,-1.));
#2429 = ( GEOMETRIC_REPRESENTATION_CONTEXT(2) 
PARAMETRIC_REPRESENTATION_CONTEXT() REPRESENTATION_CONTEXT('2D SPACE',''
  ) );
#2430 = PCURVE('',#2044,#2431);
#2431 = DEFINITIONAL_REPRESENTATION('',(#2432),#2436);
#2432 = LINE('',#2433,#2434);
#2433 = CARTESIAN_POINT('',(-0.,-72.));
#2434 = VECTOR('',#2435,1.);
#2435 = DIRECTION('',(1.,0.));
#2436 = ( GEOMETRIC_REPRESENTATION_CONTEXT(2) 
PARAMETRIC_REPRESENTATION_CONTEXT() REPRESENTATION_CONTEXT('2D SPACE',''
  ) );
#2437 = ORIENTED_EDGE('',*,*,#2366,.F.);
#2438 = ADVANCED_FACE('',(#2439),#1797,.T.);
#2439 = FACE_BOUND('',#2440,.F.);
#2440 = EDGE_LOOP('',(#2441,#2442,#2465,#2492));
#2441 = ORIENTED_EDGE('',*,*,#1780,.T.);
#2442 = ORIENTED_EDGE('',*,*,#2443,.T.);
#2443 = EDGE_CURVE('',#1781,#2444,#2446,.T.);
#2444 = VERTEX_POINT('',#2445);
#2445 = CARTESIAN_POINT('',(47.,1.09467990228E-14,49.3));
#2446 = SEAM_CURVE('',#2447,(#2451,#2458),.PCURVE_S1.);
#2447 = LINE('',#2448,#2449);
#2448 = CARTESIAN_POINT('',(47.,1.016964290557E-14,45.800000000005));
#2449 = VECTOR('',#2450,1.);
#2450 = DIRECTION('',(0.,2.22044604925E-16,1.));
#2451 = PCURVE('',#1797,#2452);
#2452 = DEFINITIONAL_REPRESENTATION('',(#2453),#2457);
#2453 = LINE('',#2454,#2455);
#2454 = CARTESIAN_POINT('',(-0.,0.));
#2455 = VECTOR('',#2456,1.);
#2456 = DIRECTION('',(-0.,1.));
#2457 = ( GEOMETRIC_REPRESENTATION_CONTEXT(2) 
PARAMETRIC_REPRESENTATION_CONTEXT() REPRESENTATION_CONTEXT('2D SPACE',''
  ) );
#2458 = PCURVE('',#1797,#2459);
#2459 = DEFINITIONAL_REPRESENTATION('',(#2460),#2464);
#2460 = LINE('',#2461,#2462);
#2461 = CARTESIAN_POINT('',(-6.28318530718,0.));
#2462 = VECTOR('',#2463,1.);
#2463 = DIRECTION('',(-0.,1.));
#2464 = ( GEOMETRIC_REPRESENTATION_CONTEXT(2) 
PARAMETRIC_REPRESENTATION_CONTEXT() REPRESENTATION_CONTEXT('2D SPACE',''
  ) );
#2465 = ORIENTED_EDGE('',*,*,#2466,.F.);
#2466 = EDGE_CURVE('',#2444,#2444,#2467,.T.);
#2467 = SURFACE_CURVE('',#2468,(#2473,#2480),.PCURVE_S1.);
#2468 = CIRCLE('',#2469,47.);
#2469 = AXIS2_PLACEMENT_3D('',#2470,#2471,#2472);
#2470 = CARTESIAN_POINT('',(0.,1.09467990228E-14,49.3));
#2471 = DIRECTION('',(0.,-2.22044604925E-16,-1.));
#2472 = DIRECTION('',(1.,0.,0.));
#2473 = PCURVE('',#1797,#2474);
#2474 = DEFINITIONAL_REPRESENTATION('',(#2475),#2479);
#2475 = LINE('',#2476,#2477);
#2476 = CARTESIAN_POINT('',(-0.,3.499999999995));
#2477 = VECTOR('',#2478,1.);
#2478 = DIRECTION('',(-1.,0.));
#2479 = ( GEOMETRIC_REPRESENTATION_CONTEXT(2) 
PARAMETRIC_REPRESENTATION_CONTEXT() REPRESENTATION_CONTEXT('2D SPACE',''
  ) );
#2480 = PCURVE('',#2481,#2486);
#2481 = PLANE('',#2482);
#2482 = AXIS2_PLACEMENT_3D('',#2483,#2484,#2485);
#2483 = CARTESIAN_POINT('',(0.,1.09467990228E-14,49.3));
#2484 = DIRECTION('',(0.,-2.22044604925E-16,-1.));
#2485 = DIRECTION('',(1.,0.,0.));
#2486 = DEFINITIONAL_REPRESENTATION('',(#2487),#2491);
#2487 = CIRCLE('',#2488,47.);
#2488 = AXIS2_PLACEMENT_2D('',#2489,#2490);
#2489 = CARTESIAN_POINT('',(0.,0.));
#2490 = DIRECTION('',(1.,-0.));
#2491 = ( GEOMETRIC_REPRESENTATION_CONTEXT(2) 
PARAMETRIC_REPRESENTATION_CONTEXT() REPRESENTATION_CONTEXT('2D SPACE',''
  ) );
#2492 = ORIENTED_EDGE('',*,*,#2443,.F.);
#2493 = ADVANCED_FACE('',(#2494),#1875,.F.);
#2494 = FACE_BOUND('',#2495,.F.);
#2495 = EDGE_LOOP('',(#2496,#2497,#2518,#2519));
#2496 = ORIENTED_EDGE('',*,*,#2232,.F.);
#2497 = ORIENTED_EDGE('',*,*,#2498,.T.);
#2498 = EDGE_CURVE('',#2233,#1859,#2499,.T.);
#2499 = SEAM_CURVE('',#2500,(#2504,#2511),.PCURVE_S1.);
#2500 = LINE('',#2501,#2502);
#2501 = CARTESIAN_POINT('',(35.5,1.577721810442E-30,41.));
#2502 = VECTOR('',#2503,1.);
#2503 = DIRECTION('',(-1.,1.094764425254E-47,2.22044604925E-16));
#2504 = PCURVE('',#1875,#2505);
#2505 = DEFINITIONAL_REPRESENTATION('',(#2506),#2510);
#2506 = LINE('',#2507,#2508);
#2507 = CARTESIAN_POINT('',(6.28318530718,0.));
#2508 = VECTOR('',#2509,1.);
#2509 = DIRECTION('',(0.,-1.));
#2510 = ( GEOMETRIC_REPRESENTATION_CONTEXT(2) 
PARAMETRIC_REPRESENTATION_CONTEXT() REPRESENTATION_CONTEXT('2D SPACE',''
  ) );
#2511 = PCURVE('',#1875,#2512);
#2512 = DEFINITIONAL_REPRESENTATION('',(#2513),#2517);
#2513 = LINE('',#2514,#2515);
#2514 = CARTESIAN_POINT('',(0.,0.));
#2515 = VECTOR('',#2516,1.);
#2516 = DIRECTION('',(0.,-1.));
#2517 = ( GEOMETRIC_REPRESENTATION_CONTEXT(2) 
PARAMETRIC_REPRESENTATION_CONTEXT() REPRESENTATION_CONTEXT('2D SPACE',''
  ) );
#2518 = ORIENTED_EDGE('',*,*,#1858,.T.);
#2519 = ORIENTED_EDGE('',*,*,#2498,.F.);
#2520 = ADVANCED_FACE('',(#2521),#2044,.F.);
#2521 = FACE_BOUND('',#2522,.F.);
#2522 = EDGE_LOOP('',(#2523,#2524,#2525,#2526,#2527,#2528,#2529,#2530));
#2523 = ORIENTED_EDGE('',*,*,#2287,.T.);
#2524 = ORIENTED_EDGE('',*,*,#2389,.T.);
#2525 = ORIENTED_EDGE('',*,*,#2417,.T.);
#2526 = ORIENTED_EDGE('',*,*,#2315,.T.);
#2527 = ORIENTED_EDGE('',*,*,#2184,.F.);
#2528 = ORIENTED_EDGE('',*,*,#2080,.F.);
#2529 = ORIENTED_EDGE('',*,*,#2028,.F.);
#2530 = ORIENTED_EDGE('',*,*,#2158,.T.);
#2531 = ADVANCED_FACE('',(#2532,#2563),#2481,.F.);
#2532 = FACE_BOUND('',#2533,.T.);
#2533 = EDGE_LOOP('',(#2534));
#2534 = ORIENTED_EDGE('',*,*,#2535,.T.);
#2535 = EDGE_CURVE('',#2536,#2536,#2538,.T.);
#2536 = VERTEX_POINT('',#2537);
#2537 = CARTESIAN_POINT('',(44.8,1.09467990228E-14,49.3));
#2538 = SURFACE_CURVE('',#2539,(#2544,#2551),.PCURVE_S1.);
#2539 = CIRCLE('',#2540,44.8);
#2540 = AXIS2_PLACEMENT_3D('',#2541,#2542,#2543);
#2541 = CARTESIAN_POINT('',(0.,1.09467990228E-14,49.3));
#2542 = DIRECTION('',(0.,-2.22044604925E-16,-1.));
#2543 = DIRECTION('',(1.,0.,0.));
#2544 = PCURVE('',#2481,#2545);
#2545 = DEFINITIONAL_REPRESENTATION('',(#2546),#2550);
#2546 = CIRCLE('',#2547,44.8);
#2547 = AXIS2_PLACEMENT_2D('',#2548,#2549);
#2548 = CARTESIAN_POINT('',(0.,0.));
#2549 = DIRECTION('',(1.,-0.));
#2550 = ( GEOMETRIC_REPRESENTATION_CONTEXT(2) 
PARAMETRIC_REPRESENTATION_CONTEXT() REPRESENTATION_CONTEXT('2D SPACE',''
  ) );
#2551 = PCURVE('',#2552,#2557);
#2552 = CYLINDRICAL_SURFACE('',#2553,44.8);
#2553 = AXIS2_PLACEMENT_3D('',#2554,#2555,#2556);
#2554 = CARTESIAN_POINT('',(0.,1.143529715364E-14,51.5));
#2555 = DIRECTION('',(0.,-2.22044604925E-16,-1.));
#2556 = DIRECTION('',(1.,0.,0.));
#2557 = DEFINITIONAL_REPRESENTATION('',(#2558),#2562);
#2558 = LINE('',#2559,#2560);
#2559 = CARTESIAN_POINT('',(0.,2.2));
#2560 = VECTOR('',#2561,1.);
#2561 = DIRECTION('',(1.,0.));
#2562 = ( GEOMETRIC_REPRESENTATION_CONTEXT(2) 
PARAMETRIC_REPRESENTATION_CONTEXT() REPRESENTATION_CONTEXT('2D SPACE',''
  ) );
#2563 = FACE_BOUND('',#2564,.T.);
#2564 = EDGE_LOOP('',(#2565));
#2565 = ORIENTED_EDGE('',*,*,#2466,.F.);
#2566 = ADVANCED_FACE('',(#2567),#2552,.T.);
#2567 = FACE_BOUND('',#2568,.T.);
#2568 = EDGE_LOOP('',(#2569,#2598,#2619,#2620));
#2569 = ORIENTED_EDGE('',*,*,#2570,.T.);
#2570 = EDGE_CURVE('',#2571,#2571,#2573,.T.);
#2571 = VERTEX_POINT('',#2572);
#2572 = CARTESIAN_POINT('',(44.8,1.143529715364E-14,51.5));
#2573 = SURFACE_CURVE('',#2574,(#2579,#2586),.PCURVE_S1.);
#2574 = CIRCLE('',#2575,44.8);
#2575 = AXIS2_PLACEMENT_3D('',#2576,#2577,#2578);
#2576 = CARTESIAN_POINT('',(0.,1.143529715364E-14,51.5));
#2577 = DIRECTION('',(0.,-2.22044604925E-16,-1.));
#2578 = DIRECTION('',(1.,0.,0.));
#2579 = PCURVE('',#2552,#2580);
#2580 = DEFINITIONAL_REPRESENTATION('',(#2581),#2585);
#2581 = LINE('',#2582,#2583);
#2582 = CARTESIAN_POINT('',(0.,0.));
#2583 = VECTOR('',#2584,1.);
#2584 = DIRECTION('',(1.,0.));
#2585 = ( GEOMETRIC_REPRESENTATION_CONTEXT(2) 
PARAMETRIC_REPRESENTATION_CONTEXT() REPRESENTATION_CONTEXT('2D SPACE',''
  ) );
#2586 = PCURVE('',#2587,#2592);
#2587 = PLANE('',#2588);
#2588 = AXIS2_PLACEMENT_3D('',#2589,#2590,#2591);
#2589 = CARTESIAN_POINT('',(0.,1.143529715364E-14,51.5));
#2590 = DIRECTION('',(0.,-2.22044604925E-16,-1.));
#2591 = DIRECTION('',(1.,0.,0.));
#2592 = DEFINITIONAL_REPRESENTATION('',(#2593),#2597);
#2593 = CIRCLE('',#2594,44.8);
#2594 = AXIS2_PLACEMENT_2D('',#2595,#2596);
#2595 = CARTESIAN_POINT('',(0.,0.));
#2596 = DIRECTION('',(1.,-0.));
#2597 = ( GEOMETRIC_REPRESENTATION_CONTEXT(2) 
PARAMETRIC_REPRESENTATION_CONTEXT() REPRESENTATION_CONTEXT('2D SPACE',''
  ) );
#2598 = ORIENTED_EDGE('',*,*,#2599,.T.);
#2599 = EDGE_CURVE('',#2571,#2536,#2600,.T.);
#2600 = SEAM_CURVE('',#2601,(#2605,#2612),.PCURVE_S1.);
#2601 = LINE('',#2602,#2603);
#2602 = CARTESIAN_POINT('',(44.8,1.143529715364E-14,51.5));
#2603 = VECTOR('',#2604,1.);
#2604 = DIRECTION('',(0.,-2.22044604925E-16,-1.));
#2605 = PCURVE('',#2552,#2606);
#2606 = DEFINITIONAL_REPRESENTATION('',(#2607),#2611);
#2607 = LINE('',#2608,#2609);
#2608 = CARTESIAN_POINT('',(0.,0.));
#2609 = VECTOR('',#2610,1.);
#2610 = DIRECTION('',(0.,1.));
#2611 = ( GEOMETRIC_REPRESENTATION_CONTEXT(2) 
PARAMETRIC_REPRESENTATION_CONTEXT() REPRESENTATION_CONTEXT('2D SPACE',''
  ) );
#2612 = PCURVE('',#2552,#2613);
#2613 = DEFINITIONAL_REPRESENTATION('',(#2614),#2618);
#2614 = LINE('',#2615,#2616);
#2615 = CARTESIAN_POINT('',(6.28318530718,0.));
#2616 = VECTOR('',#2617,1.);
#2617 = DIRECTION('',(0.,1.));
#2618 = ( GEOMETRIC_REPRESENTATION_CONTEXT(2) 
PARAMETRIC_REPRESENTATION_CONTEXT() REPRESENTATION_CONTEXT('2D SPACE',''
  ) );
#2619 = ORIENTED_EDGE('',*,*,#2535,.F.);
#2620 = ORIENTED_EDGE('',*,*,#2599,.F.);
#2621 = ADVANCED_FACE('',(#2622,#2625),#2587,.T.);
#2622 = FACE_BOUND('',#2623,.F.);
#2623 = EDGE_LOOP('',(#2624));
#2624 = ORIENTED_EDGE('',*,*,#2570,.T.);
#2625 = FACE_BOUND('',#2626,.F.);
#2626 = EDGE_LOOP('',(#2627));
#2627 = ORIENTED_EDGE('',*,*,#2628,.F.);
#2628 = EDGE_CURVE('',#2629,#2629,#2631,.T.);
#2629 = VERTEX_POINT('',#2630);
#2630 = CARTESIAN_POINT('',(47.,1.143529715364E-14,51.5));
#2631 = SURFACE_CURVE('',#2632,(#2637,#2644),.PCURVE_S1.);
#2632 = CIRCLE('',#2633,47.);
#2633 = AXIS2_PLACEMENT_3D('',#2634,#2635,#2636);
#2634 = CARTESIAN_POINT('',(0.,1.143529715364E-14,51.5));
#2635 = DIRECTION('',(0.,-2.22044604925E-16,-1.));
#2636 = DIRECTION('',(1.,0.,0.));
#2637 = PCURVE('',#2587,#2638);
#2638 = DEFINITIONAL_REPRESENTATION('',(#2639),#2643);
#2639 = CIRCLE('',#2640,47.);
#2640 = AXIS2_PLACEMENT_2D('',#2641,#2642);
#2641 = CARTESIAN_POINT('',(0.,0.));
#2642 = DIRECTION('',(1.,-0.));
#2643 = ( GEOMETRIC_REPRESENTATION_CONTEXT(2) 
PARAMETRIC_REPRESENTATION_CONTEXT() REPRESENTATION_CONTEXT('2D SPACE',''
  ) );
#2644 = PCURVE('',#2645,#2650);
#2645 = CYLINDRICAL_SURFACE('',#2646,47.);
#2646 = AXIS2_PLACEMENT_3D('',#2647,#2648,#2649);
#2647 = CARTESIAN_POINT('',(0.,1.143529715364E-14,51.5));
#2648 = DIRECTION('',(0.,2.22044604925E-16,1.));
#2649 = DIRECTION('',(1.,0.,0.));
#2650 = DEFINITIONAL_REPRESENTATION('',(#2651),#2655);
#2651 = LINE('',#2652,#2653);
#2652 = CARTESIAN_POINT('',(-0.,0.));
#2653 = VECTOR('',#2654,1.);
#2654 = DIRECTION('',(-1.,0.));
#2655 = ( GEOMETRIC_REPRESENTATION_CONTEXT(2) 
PARAMETRIC_REPRESENTATION_CONTEXT() REPRESENTATION_CONTEXT('2D SPACE',''
  ) );
#2656 = ADVANCED_FACE('',(#2657),#2645,.T.);
#2657 = FACE_BOUND('',#2658,.F.);
#2658 = EDGE_LOOP('',(#2659,#2660,#2683,#2710));
#2659 = ORIENTED_EDGE('',*,*,#2628,.T.);
#2660 = ORIENTED_EDGE('',*,*,#2661,.T.);
#2661 = EDGE_CURVE('',#2629,#2662,#2664,.T.);
#2662 = VERTEX_POINT('',#2663);
#2663 = CARTESIAN_POINT('',(47.,1.221245327088E-14,54.999999999997));
#2664 = SEAM_CURVE('',#2665,(#2669,#2676),.PCURVE_S1.);
#2665 = LINE('',#2666,#2667);
#2666 = CARTESIAN_POINT('',(47.,1.143529715364E-14,51.5));
#2667 = VECTOR('',#2668,1.);
#2668 = DIRECTION('',(0.,2.22044604925E-16,1.));
#2669 = PCURVE('',#2645,#2670);
#2670 = DEFINITIONAL_REPRESENTATION('',(#2671),#2675);
#2671 = LINE('',#2672,#2673);
#2672 = CARTESIAN_POINT('',(-0.,0.));
#2673 = VECTOR('',#2674,1.);
#2674 = DIRECTION('',(-0.,1.));
#2675 = ( GEOMETRIC_REPRESENTATION_CONTEXT(2) 
PARAMETRIC_REPRESENTATION_CONTEXT() REPRESENTATION_CONTEXT('2D SPACE',''
  ) );
#2676 = PCURVE('',#2645,#2677);
#2677 = DEFINITIONAL_REPRESENTATION('',(#2678),#2682);
#2678 = LINE('',#2679,#2680);
#2679 = CARTESIAN_POINT('',(-6.28318530718,0.));
#2680 = VECTOR('',#2681,1.);
#2681 = DIRECTION('',(-0.,1.));
#2682 = ( GEOMETRIC_REPRESENTATION_CONTEXT(2) 
PARAMETRIC_REPRESENTATION_CONTEXT() REPRESENTATION_CONTEXT('2D SPACE',''
  ) );
#2683 = ORIENTED_EDGE('',*,*,#2684,.F.);
#2684 = EDGE_CURVE('',#2662,#2662,#2685,.T.);
#2685 = SURFACE_CURVE('',#2686,(#2691,#2698),.PCURVE_S1.);
#2686 = CIRCLE('',#2687,47.);
#2687 = AXIS2_PLACEMENT_3D('',#2688,#2689,#2690);
#2688 = CARTESIAN_POINT('',(0.,1.221245327088E-14,54.999999999997));
#2689 = DIRECTION('',(0.,-2.22044604925E-16,-1.));
#2690 = DIRECTION('',(1.,0.,0.));
#2691 = PCURVE('',#2645,#2692);
#2692 = DEFINITIONAL_REPRESENTATION('',(#2693),#2697);
#2693 = LINE('',#2694,#2695);
#2694 = CARTESIAN_POINT('',(-0.,3.499999999997));
#2695 = VECTOR('',#2696,1.);
#2696 = DIRECTION('',(-1.,0.));
#2697 = ( GEOMETRIC_REPRESENTATION_CONTEXT(2) 
PARAMETRIC_REPRESENTATION_CONTEXT() REPRESENTATION_CONTEXT('2D SPACE',''
  ) );
#2698 = PCURVE('',#2699,#2704);
#2699 = PLANE('',#2700);
#2700 = AXIS2_PLACEMENT_3D('',#2701,#2702,#2703);
#2701 = CARTESIAN_POINT('',(0.,1.221245327088E-14,54.999999999997));
#2702 = DIRECTION('',(0.,-2.22044604925E-16,-1.));
#2703 = DIRECTION('',(1.,0.,0.));
#2704 = DEFINITIONAL_REPRESENTATION('',(#2705),#2709);
#2705 = CIRCLE('',#2706,47.);
#2706 = AXIS2_PLACEMENT_2D('',#2707,#2708);
#2707 = CARTESIAN_POINT('',(0.,0.));
#2708 = DIRECTION('',(1.,-0.));
#2709 = ( GEOMETRIC_REPRESENTATION_CONTEXT(2) 
PARAMETRIC_REPRESENTATION_CONTEXT() REPRESENTATION_CONTEXT('2D SPACE',''
  ) );
#2710 = ORIENTED_EDGE('',*,*,#2661,.F.);
#2711 = ADVANCED_FACE('',(#2712,#2743),#2699,.F.);
#2712 = FACE_BOUND('',#2713,.T.);
#2713 = EDGE_LOOP('',(#2714));
#2714 = ORIENTED_EDGE('',*,*,#2715,.T.);
#2715 = EDGE_CURVE('',#2716,#2716,#2718,.T.);
#2716 = VERTEX_POINT('',#2717);
#2717 = CARTESIAN_POINT('',(45.5,1.221245327088E-14,54.999999999997));
#2718 = SURFACE_CURVE('',#2719,(#2724,#2731),.PCURVE_S1.);
#2719 = CIRCLE('',#2720,45.5);
#2720 = AXIS2_PLACEMENT_3D('',#2721,#2722,#2723);
#2721 = CARTESIAN_POINT('',(0.,1.221245327088E-14,54.999999999997));
#2722 = DIRECTION('',(0.,-2.22044604925E-16,-1.));
#2723 = DIRECTION('',(1.,0.,0.));
#2724 = PCURVE('',#2699,#2725);
#2725 = DEFINITIONAL_REPRESENTATION('',(#2726),#2730);
#2726 = CIRCLE('',#2727,45.5);
#2727 = AXIS2_PLACEMENT_2D('',#2728,#2729);
#2728 = CARTESIAN_POINT('',(0.,0.));
#2729 = DIRECTION('',(1.,-0.));
#2730 = ( GEOMETRIC_REPRESENTATION_CONTEXT(2) 
PARAMETRIC_REPRESENTATION_CONTEXT() REPRESENTATION_CONTEXT('2D SPACE',''
  ) );
#2731 = PCURVE('',#2732,#2737);
#2732 = CYLINDRICAL_SURFACE('',#2733,45.5);
#2733 = AXIS2_PLACEMENT_3D('',#2734,#2735,#2736);
#2734 = CARTESIAN_POINT('',(0.,1.254552017826E-14,56.499999999997));
#2735 = DIRECTION('',(0.,-2.22044604925E-16,-1.));
#2736 = DIRECTION('',(1.,0.,0.));
#2737 = DEFINITIONAL_REPRESENTATION('',(#2738),#2742);
#2738 = LINE('',#2739,#2740);
#2739 = CARTESIAN_POINT('',(0.,1.5));
#2740 = VECTOR('',#2741,1.);
#2741 = DIRECTION('',(1.,0.));
#2742 = ( GEOMETRIC_REPRESENTATION_CONTEXT(2) 
PARAMETRIC_REPRESENTATION_CONTEXT() REPRESENTATION_CONTEXT('2D SPACE',''
  ) );
#2743 = FACE_BOUND('',#2744,.T.);
#2744 = EDGE_LOOP('',(#2745));
#2745 = ORIENTED_EDGE('',*,*,#2684,.F.);
#2746 = ADVANCED_FACE('',(#2747),#2732,.T.);
#2747 = FACE_BOUND('',#2748,.T.);
#2748 = EDGE_LOOP('',(#2749,#2778,#2799,#2800));
#2749 = ORIENTED_EDGE('',*,*,#2750,.T.);
#2750 = EDGE_CURVE('',#2751,#2751,#2753,.T.);
#2751 = VERTEX_POINT('',#2752);
#2752 = CARTESIAN_POINT('',(45.5,1.254552017826E-14,56.499999999997));
#2753 = SURFACE_CURVE('',#2754,(#2759,#2766),.PCURVE_S1.);
#2754 = CIRCLE('',#2755,45.5);
#2755 = AXIS2_PLACEMENT_3D('',#2756,#2757,#2758);
#2756 = CARTESIAN_POINT('',(0.,1.254552017826E-14,56.499999999997));
#2757 = DIRECTION('',(0.,-2.22044604925E-16,-1.));
#2758 = DIRECTION('',(1.,0.,0.));
#2759 = PCURVE('',#2732,#2760);
#2760 = DEFINITIONAL_REPRESENTATION('',(#2761),#2765);
#2761 = LINE('',#2762,#2763);
#2762 = CARTESIAN_POINT('',(0.,0.));
#2763 = VECTOR('',#2764,1.);
#2764 = DIRECTION('',(1.,0.));
#2765 = ( GEOMETRIC_REPRESENTATION_CONTEXT(2) 
PARAMETRIC_REPRESENTATION_CONTEXT() REPRESENTATION_CONTEXT('2D SPACE',''
  ) );
#2766 = PCURVE('',#2767,#2772);
#2767 = PLANE('',#2768);
#2768 = AXIS2_PLACEMENT_3D('',#2769,#2770,#2771);
#2769 = CARTESIAN_POINT('',(0.,1.254552017826E-14,56.499999999997));
#2770 = DIRECTION('',(0.,-2.22044604925E-16,-1.));
#2771 = DIRECTION('',(1.,0.,0.));
#2772 = DEFINITIONAL_REPRESENTATION('',(#2773),#2777);
#2773 = CIRCLE('',#2774,45.5);
#2774 = AXIS2_PLACEMENT_2D('',#2775,#2776);
#2775 = CARTESIAN_POINT('',(0.,0.));
#2776 = DIRECTION('',(1.,-0.));
#2777 = ( GEOMETRIC_REPRESENTATION_CONTEXT(2) 
PARAMETRIC_REPRESENTATION_CONTEXT() REPRESENTATION_CONTEXT('2D SPACE',''
  ) );
#2778 = ORIENTED_EDGE('',*,*,#2779,.T.);
#2779 = EDGE_CURVE('',#2751,#2716,#2780,.T.);
#2780 = SEAM_CURVE('',#2781,(#2785,#2792),.PCURVE_S1.);
#2781 = LINE('',#2782,#2783);
#2782 = CARTESIAN_POINT('',(45.5,1.254552017826E-14,56.499999999997));
#2783 = VECTOR('',#2784,1.);
#2784 = DIRECTION('',(0.,-2.22044604925E-16,-1.));
#2785 = PCURVE('',#2732,#2786);
#2786 = DEFINITIONAL_REPRESENTATION('',(#2787),#2791);
#2787 = LINE('',#2788,#2789);
#2788 = CARTESIAN_POINT('',(0.,0.));
#2789 = VECTOR('',#2790,1.);
#2790 = DIRECTION('',(0.,1.));
#2791 = ( GEOMETRIC_REPRESENTATION_CONTEXT(2) 
PARAMETRIC_REPRESENTATION_CONTEXT() REPRESENTATION_CONTEXT('2D SPACE',''
  ) );
#2792 = PCURVE('',#2732,#2793);
#2793 = DEFINITIONAL_REPRESENTATION('',(#2794),#2798);
#2794 = LINE('',#2795,#2796);
#2795 = CARTESIAN_POINT('',(6.28318530718,0.));
#2796 = VECTOR('',#2797,1.);
#2797 = DIRECTION('',(0.,1.));
#2798 = ( GEOMETRIC_REPRESENTATION_CONTEXT(2) 
PARAMETRIC_REPRESENTATION_CONTEXT() REPRESENTATION_CONTEXT('2D SPACE',''
  ) );
#2799 = ORIENTED_EDGE('',*,*,#2715,.F.);
#2800 = ORIENTED_EDGE('',*,*,#2779,.F.);
#2801 = ADVANCED_FACE('',(#2802,#2805),#2767,.T.);
#2802 = FACE_BOUND('',#2803,.F.);
#2803 = EDGE_LOOP('',(#2804));
#2804 = ORIENTED_EDGE('',*,*,#2750,.T.);
#2805 = FACE_BOUND('',#2806,.F.);
#2806 = EDGE_LOOP('',(#2807));
#2807 = ORIENTED_EDGE('',*,*,#2808,.F.);
#2808 = EDGE_CURVE('',#2809,#2809,#2811,.T.);
#2809 = VERTEX_POINT('',#2810);
#2810 = CARTESIAN_POINT('',(47.,1.254552017826E-14,56.499999999997));
#2811 = SURFACE_CURVE('',#2812,(#2817,#2824),.PCURVE_S1.);
#2812 = CIRCLE('',#2813,47.);
#2813 = AXIS2_PLACEMENT_3D('',#2814,#2815,#2816);
#2814 = CARTESIAN_POINT('',(0.,1.254552017826E-14,56.499999999997));
#2815 = DIRECTION('',(0.,-2.22044604925E-16,-1.));
#2816 = DIRECTION('',(1.,0.,0.));
#2817 = PCURVE('',#2767,#2818);
#2818 = DEFINITIONAL_REPRESENTATION('',(#2819),#2823);
#2819 = CIRCLE('',#2820,47.);
#2820 = AXIS2_PLACEMENT_2D('',#2821,#2822);
#2821 = CARTESIAN_POINT('',(0.,0.));
#2822 = DIRECTION('',(1.,-0.));
#2823 = ( GEOMETRIC_REPRESENTATION_CONTEXT(2) 
PARAMETRIC_REPRESENTATION_CONTEXT() REPRESENTATION_CONTEXT('2D SPACE',''
  ) );
#2824 = PCURVE('',#2825,#2830);
#2825 = CYLINDRICAL_SURFACE('',#2826,47.);
#2826 = AXIS2_PLACEMENT_3D('',#2827,#2828,#2829);
#2827 = CARTESIAN_POINT('',(0.,1.254552017826E-14,56.499999999997));
#2828 = DIRECTION('',(0.,2.22044604925E-16,1.));
#2829 = DIRECTION('',(1.,0.,0.));
#2830 = DEFINITIONAL_REPRESENTATION('',(#2831),#2835);
#2831 = LINE('',#2832,#2833);
#2832 = CARTESIAN_POINT('',(-0.,0.));
#2833 = VECTOR('',#2834,1.);
#2834 = DIRECTION('',(-1.,0.));
#2835 = ( GEOMETRIC_REPRESENTATION_CONTEXT(2) 
PARAMETRIC_REPRESENTATION_CONTEXT() REPRESENTATION_CONTEXT('2D SPACE',''
  ) );
#2836 = ADVANCED_FACE('',(#2837),#2825,.T.);
#2837 = FACE_BOUND('',#2838,.F.);
#2838 = EDGE_LOOP('',(#2839,#2840,#2863,#2890));
#2839 = ORIENTED_EDGE('',*,*,#2808,.T.);
#2840 = ORIENTED_EDGE('',*,*,#2841,.T.);
#2841 = EDGE_CURVE('',#2809,#2842,#2844,.T.);
#2842 = VERTEX_POINT('',#2843);
#2843 = CARTESIAN_POINT('',(47.,1.33226762955E-14,60.));
#2844 = SEAM_CURVE('',#2845,(#2849,#2856),.PCURVE_S1.);
#2845 = LINE('',#2846,#2847);
#2846 = CARTESIAN_POINT('',(47.,1.254552017826E-14,56.499999999997));
#2847 = VECTOR('',#2848,1.);
#2848 = DIRECTION('',(0.,2.22044604925E-16,1.));
#2849 = PCURVE('',#2825,#2850);
#2850 = DEFINITIONAL_REPRESENTATION('',(#2851),#2855);
#2851 = LINE('',#2852,#2853);
#2852 = CARTESIAN_POINT('',(-0.,0.));
#2853 = VECTOR('',#2854,1.);
#2854 = DIRECTION('',(-0.,1.));
#2855 = ( GEOMETRIC_REPRESENTATION_CONTEXT(2) 
PARAMETRIC_REPRESENTATION_CONTEXT() REPRESENTATION_CONTEXT('2D SPACE',''
  ) );
#2856 = PCURVE('',#2825,#2857);
#2857 = DEFINITIONAL_REPRESENTATION('',(#2858),#2862);
#2858 = LINE('',#2859,#2860);
#2859 = CARTESIAN_POINT('',(-6.28318530718,0.));
#2860 = VECTOR('',#2861,1.);
#2861 = DIRECTION('',(-0.,1.));
#2862 = ( GEOMETRIC_REPRESENTATION_CONTEXT(2) 
PARAMETRIC_REPRESENTATION_CONTEXT() REPRESENTATION_CONTEXT('2D SPACE',''
  ) );
#2863 = ORIENTED_EDGE('',*,*,#2864,.F.);
#2864 = EDGE_CURVE('',#2842,#2842,#2865,.T.);
#2865 = SURFACE_CURVE('',#2866,(#2871,#2878),.PCURVE_S1.);
#2866 = CIRCLE('',#2867,47.);
#2867 = AXIS2_PLACEMENT_3D('',#2868,#2869,#2870);
#2868 = CARTESIAN_POINT('',(0.,1.33226762955E-14,60.));
#2869 = DIRECTION('',(0.,-2.22044604925E-16,-1.));
#2870 = DIRECTION('',(1.,0.,0.));
#2871 = PCURVE('',#2825,#2872);
#2872 = DEFINITIONAL_REPRESENTATION('',(#2873),#2877);
#2873 = LINE('',#2874,#2875);
#2874 = CARTESIAN_POINT('',(-0.,3.500000000003));
#2875 = VECTOR('',#2876,1.);
#2876 = DIRECTION('',(-1.,0.));
#2877 = ( GEOMETRIC_REPRESENTATION_CONTEXT(2) 
PARAMETRIC_REPRESENTATION_CONTEXT() REPRESENTATION_CONTEXT('2D SPACE',''
  ) );
#2878 = PCURVE('',#2879,#2884);
#2879 = PLANE('',#2880);
#2880 = AXIS2_PLACEMENT_3D('',#2881,#2882,#2883);
#2881 = CARTESIAN_POINT('',(0.,1.33226762955E-14,60.));
#2882 = DIRECTION('',(0.,-2.22044604925E-16,-1.));
#2883 = DIRECTION('',(1.,0.,0.));
#2884 = DEFINITIONAL_REPRESENTATION('',(#2885),#2889);
#2885 = CIRCLE('',#2886,47.);
#2886 = AXIS2_PLACEMENT_2D('',#2887,#2888);
#2887 = CARTESIAN_POINT('',(0.,0.));
#2888 = DIRECTION('',(1.,-0.));
#2889 = ( GEOMETRIC_REPRESENTATION_CONTEXT(2) 
PARAMETRIC_REPRESENTATION_CONTEXT() REPRESENTATION_CONTEXT('2D SPACE',''
  ) );
#2890 = ORIENTED_EDGE('',*,*,#2841,.F.);
#2891 = ADVANCED_FACE('',(#2892,#2923),#2879,.F.);
#2892 = FACE_BOUND('',#2893,.T.);
#2893 = EDGE_LOOP('',(#2894));
#2894 = ORIENTED_EDGE('',*,*,#2895,.T.);
#2895 = EDGE_CURVE('',#2896,#2896,#2898,.T.);
#2896 = VERTEX_POINT('',#2897);
#2897 = CARTESIAN_POINT('',(45.5,1.33226762955E-14,60.));
#2898 = SURFACE_CURVE('',#2899,(#2904,#2911),.PCURVE_S1.);
#2899 = CIRCLE('',#2900,45.5);
#2900 = AXIS2_PLACEMENT_3D('',#2901,#2902,#2903);
#2901 = CARTESIAN_POINT('',(0.,1.33226762955E-14,60.));
#2902 = DIRECTION('',(0.,-2.22044604925E-16,-1.));
#2903 = DIRECTION('',(1.,0.,0.));
#2904 = PCURVE('',#2879,#2905);
#2905 = DEFINITIONAL_REPRESENTATION('',(#2906),#2910);
#2906 = CIRCLE('',#2907,45.5);
#2907 = AXIS2_PLACEMENT_2D('',#2908,#2909);
#2908 = CARTESIAN_POINT('',(0.,0.));
#2909 = DIRECTION('',(1.,-0.));
#2910 = ( GEOMETRIC_REPRESENTATION_CONTEXT(2) 
PARAMETRIC_REPRESENTATION_CONTEXT() REPRESENTATION_CONTEXT('2D SPACE',''
  ) );
#2911 = PCURVE('',#2912,#2917);
#2912 = CYLINDRICAL_SURFACE('',#2913,45.5);
#2913 = AXIS2_PLACEMENT_3D('',#2914,#2915,#2916);
#2914 = CARTESIAN_POINT('',(0.,1.365574320289E-14,61.5));
#2915 = DIRECTION('',(0.,-2.22044604925E-16,-1.));
#2916 = DIRECTION('',(1.,0.,0.));
#2917 = DEFINITIONAL_REPRESENTATION('',(#2918),#2922);
#2918 = LINE('',#2919,#2920);
#2919 = CARTESIAN_POINT('',(0.,1.5));
#2920 = VECTOR('',#2921,1.);
#2921 = DIRECTION('',(1.,0.));
#2922 = ( GEOMETRIC_REPRESENTATION_CONTEXT(2) 
PARAMETRIC_REPRESENTATION_CONTEXT() REPRESENTATION_CONTEXT('2D SPACE',''
  ) );
#2923 = FACE_BOUND('',#2924,.T.);
#2924 = EDGE_LOOP('',(#2925));
#2925 = ORIENTED_EDGE('',*,*,#2864,.F.);
#2926 = ADVANCED_FACE('',(#2927),#2912,.T.);
#2927 = FACE_BOUND('',#2928,.T.);
#2928 = EDGE_LOOP('',(#2929,#2958,#2979,#2980));
#2929 = ORIENTED_EDGE('',*,*,#2930,.T.);
#2930 = EDGE_CURVE('',#2931,#2931,#2933,.T.);
#2931 = VERTEX_POINT('',#2932);
#2932 = CARTESIAN_POINT('',(45.5,1.365574320289E-14,61.5));
#2933 = SURFACE_CURVE('',#2934,(#2939,#2946),.PCURVE_S1.);
#2934 = CIRCLE('',#2935,45.5);
#2935 = AXIS2_PLACEMENT_3D('',#2936,#2937,#2938);
#2936 = CARTESIAN_POINT('',(0.,1.365574320289E-14,61.5));
#2937 = DIRECTION('',(0.,-2.22044604925E-16,-1.));
#2938 = DIRECTION('',(1.,0.,0.));
#2939 = PCURVE('',#2912,#2940);
#2940 = DEFINITIONAL_REPRESENTATION('',(#2941),#2945);
#2941 = LINE('',#2942,#2943);
#2942 = CARTESIAN_POINT('',(0.,0.));
#2943 = VECTOR('',#2944,1.);
#2944 = DIRECTION('',(1.,0.));
#2945 = ( GEOMETRIC_REPRESENTATION_CONTEXT(2) 
PARAMETRIC_REPRESENTATION_CONTEXT() REPRESENTATION_CONTEXT('2D SPACE',''
  ) );
#2946 = PCURVE('',#2947,#2952);
#2947 = PLANE('',#2948);
#2948 = AXIS2_PLACEMENT_3D('',#2949,#2950,#2951);
#2949 = CARTESIAN_POINT('',(0.,1.365574320289E-14,61.5));
#2950 = DIRECTION('',(0.,-2.22044604925E-16,-1.));
#2951 = DIRECTION('',(1.,0.,0.));
#2952 = DEFINITIONAL_REPRESENTATION('',(#2953),#2957);
#2953 = CIRCLE('',#2954,45.5);
#2954 = AXIS2_PLACEMENT_2D('',#2955,#2956);
#2955 = CARTESIAN_POINT('',(0.,0.));
#2956 = DIRECTION('',(1.,-0.));
#2957 = ( GEOMETRIC_REPRESENTATION_CONTEXT(2) 
PARAMETRIC_REPRESENTATION_CONTEXT() REPRESENTATION_CONTEXT('2D SPACE',''
  ) );
#2958 = ORIENTED_EDGE('',*,*,#2959,.T.);
#2959 = EDGE_CURVE('',#2931,#2896,#2960,.T.);
#2960 = SEAM_CURVE('',#2961,(#2965,#2972),.PCURVE_S1.);
#2961 = LINE('',#2962,#2963);
#2962 = CARTESIAN_POINT('',(45.5,1.365574320289E-14,61.5));
#2963 = VECTOR('',#2964,1.);
#2964 = DIRECTION('',(0.,-2.22044604925E-16,-1.));
#2965 = PCURVE('',#2912,#2966);
#2966 = DEFINITIONAL_REPRESENTATION('',(#2967),#2971);
#2967 = LINE('',#2968,#2969);
#2968 = CARTESIAN_POINT('',(0.,0.));
#2969 = VECTOR('',#2970,1.);
#2970 = DIRECTION('',(0.,1.));
#2971 = ( GEOMETRIC_REPRESENTATION_CONTEXT(2) 
PARAMETRIC_REPRESENTATION_CONTEXT() REPRESENTATION_CONTEXT('2D SPACE',''
  ) );
#2972 = PCURVE('',#2912,#2973);
#2973 = DEFINITIONAL_REPRESENTATION('',(#2974),#2978);
#2974 = LINE('',#2975,#2976);
#2975 = CARTESIAN_POINT('',(6.28318530718,0.));
#2976 = VECTOR('',#2977,1.);
#2977 = DIRECTION('',(0.,1.));
#2978 = ( GEOMETRIC_REPRESENTATION_CONTEXT(2) 
PARAMETRIC_REPRESENTATION_CONTEXT() REPRESENTATION_CONTEXT('2D SPACE',''
  ) );
#2979 = ORIENTED_EDGE('',*,*,#2895,.F.);
#2980 = ORIENTED_EDGE('',*,*,#2959,.F.);
#2981 = ADVANCED_FACE('',(#2982,#2985),#2947,.T.);
#2982 = FACE_BOUND('',#2983,.F.);
#2983 = EDGE_LOOP('',(#2984));
#2984 = ORIENTED_EDGE('',*,*,#2930,.T.);
#2985 = FACE_BOUND('',#2986,.F.);
#2986 = EDGE_LOOP('',(#2987));
#2987 = ORIENTED_EDGE('',*,*,#2988,.F.);
#2988 = EDGE_CURVE('',#2989,#2989,#2991,.T.);
#2989 = VERTEX_POINT('',#2990);
#2990 = CARTESIAN_POINT('',(47.,1.365574320289E-14,61.5));
#2991 = SURFACE_CURVE('',#2992,(#2997,#3004),.PCURVE_S1.);
#2992 = CIRCLE('',#2993,47.);
#2993 = AXIS2_PLACEMENT_3D('',#2994,#2995,#2996);
#2994 = CARTESIAN_POINT('',(0.,1.365574320289E-14,61.5));
#2995 = DIRECTION('',(0.,-2.22044604925E-16,-1.));
#2996 = DIRECTION('',(1.,0.,0.));
#2997 = PCURVE('',#2947,#2998);
#2998 = DEFINITIONAL_REPRESENTATION('',(#2999),#3003);
#2999 = CIRCLE('',#3000,47.);
#3000 = AXIS2_PLACEMENT_2D('',#3001,#3002);
#3001 = CARTESIAN_POINT('',(0.,0.));
#3002 = DIRECTION('',(1.,-0.));
#3003 = ( GEOMETRIC_REPRESENTATION_CONTEXT(2) 
PARAMETRIC_REPRESENTATION_CONTEXT() REPRESENTATION_CONTEXT('2D SPACE',''
  ) );
#3004 = PCURVE('',#3005,#3010);
#3005 = CYLINDRICAL_SURFACE('',#3006,47.);
#3006 = AXIS2_PLACEMENT_3D('',#3007,#3008,#3009);
#3007 = CARTESIAN_POINT('',(0.,1.365574320289E-14,61.5));
#3008 = DIRECTION('',(0.,2.22044604925E-16,1.));
#3009 = DIRECTION('',(1.,0.,0.));
#3010 = DEFINITIONAL_REPRESENTATION('',(#3011),#3015);
#3011 = LINE('',#3012,#3013);
#3012 = CARTESIAN_POINT('',(-0.,0.));
#3013 = VECTOR('',#3014,1.);
#3014 = DIRECTION('',(-1.,0.));
#3015 = ( GEOMETRIC_REPRESENTATION_CONTEXT(2) 
PARAMETRIC_REPRESENTATION_CONTEXT() REPRESENTATION_CONTEXT('2D SPACE',''
  ) );
#3016 = ADVANCED_FACE('',(#3017),#3005,.T.);
#3017 = FACE_BOUND('',#3018,.F.);
#3018 = EDGE_LOOP('',(#3019,#3020,#3043,#3070));
#3019 = ORIENTED_EDGE('',*,*,#2988,.T.);
#3020 = ORIENTED_EDGE('',*,*,#3021,.T.);
#3021 = EDGE_CURVE('',#2989,#3022,#3024,.T.);
#3022 = VERTEX_POINT('',#3023);
#3023 = CARTESIAN_POINT('',(47.,1.443289932013E-14,65.));
#3024 = SEAM_CURVE('',#3025,(#3029,#3036),.PCURVE_S1.);
#3025 = LINE('',#3026,#3027);
#3026 = CARTESIAN_POINT('',(47.,1.365574320289E-14,61.5));
#3027 = VECTOR('',#3028,1.);
#3028 = DIRECTION('',(0.,2.22044604925E-16,1.));
#3029 = PCURVE('',#3005,#3030);
#3030 = DEFINITIONAL_REPRESENTATION('',(#3031),#3035);
#3031 = LINE('',#3032,#3033);
#3032 = CARTESIAN_POINT('',(-0.,0.));
#3033 = VECTOR('',#3034,1.);
#3034 = DIRECTION('',(-0.,1.));
#3035 = ( GEOMETRIC_REPRESENTATION_CONTEXT(2) 
PARAMETRIC_REPRESENTATION_CONTEXT() REPRESENTATION_CONTEXT('2D SPACE',''
  ) );
#3036 = PCURVE('',#3005,#3037);
#3037 = DEFINITIONAL_REPRESENTATION('',(#3038),#3042);
#3038 = LINE('',#3039,#3040);
#3039 = CARTESIAN_POINT('',(-6.28318530718,0.));
#3040 = VECTOR('',#3041,1.);
#3041 = DIRECTION('',(-0.,1.));
#3042 = ( GEOMETRIC_REPRESENTATION_CONTEXT(2) 
PARAMETRIC_REPRESENTATION_CONTEXT() REPRESENTATION_CONTEXT('2D SPACE',''
  ) );
#3043 = ORIENTED_EDGE('',*,*,#3044,.F.);
#3044 = EDGE_CURVE('',#3022,#3022,#3045,.T.);
#3045 = SURFACE_CURVE('',#3046,(#3051,#3058),.PCURVE_S1.);
#3046 = CIRCLE('',#3047,47.);
#3047 = AXIS2_PLACEMENT_3D('',#3048,#3049,#3050);
#3048 = CARTESIAN_POINT('',(0.,1.443289932013E-14,65.));
#3049 = DIRECTION('',(0.,-2.22044604925E-16,-1.));
#3050 = DIRECTION('',(1.,0.,0.));
#3051 = PCURVE('',#3005,#3052);
#3052 = DEFINITIONAL_REPRESENTATION('',(#3053),#3057);
#3053 = LINE('',#3054,#3055);
#3054 = CARTESIAN_POINT('',(-0.,3.5));
#3055 = VECTOR('',#3056,1.);
#3056 = DIRECTION('',(-1.,0.));
#3057 = ( GEOMETRIC_REPRESENTATION_CONTEXT(2) 
PARAMETRIC_REPRESENTATION_CONTEXT() REPRESENTATION_CONTEXT('2D SPACE',''
  ) );
#3058 = PCURVE('',#3059,#3064);
#3059 = PLANE('',#3060);
#3060 = AXIS2_PLACEMENT_3D('',#3061,#3062,#3063);
#3061 = CARTESIAN_POINT('',(0.,1.443289932013E-14,65.));
#3062 = DIRECTION('',(0.,-2.22044604925E-16,-1.));
#3063 = DIRECTION('',(1.,0.,0.));
#3064 = DEFINITIONAL_REPRESENTATION('',(#3065),#3069);
#3065 = CIRCLE('',#3066,47.);
#3066 = AXIS2_PLACEMENT_2D('',#3067,#3068);
#3067 = CARTESIAN_POINT('',(0.,0.));
#3068 = DIRECTION('',(1.,0.));
#3069 = ( GEOMETRIC_REPRESENTATION_CONTEXT(2) 
PARAMETRIC_REPRESENTATION_CONTEXT() REPRESENTATION_CONTEXT('2D SPACE',''
  ) );
#3070 = ORIENTED_EDGE('',*,*,#3021,.F.);
#3071 = ADVANCED_FACE('',(#3072),#3059,.F.);
#3072 = FACE_BOUND('',#3073,.F.);
#3073 = EDGE_LOOP('',(#3074));
#3074 = ORIENTED_EDGE('',*,*,#3044,.T.);
#3075 = ( GEOMETRIC_REPRESENTATION_CONTEXT(3) 
GLOBAL_UNCERTAINTY_ASSIGNED_CONTEXT((#3079)) 
GLOBAL_UNIT_ASSIGNED_CONTEXT((#3076,#3077,#3078)) REPRESENTATION_CONTEXT
('Context #1','3D Context with UNIT and UNCERTAINTY') );
#3076 = ( LENGTH_UNIT() NAMED_UNIT(*) SI_UNIT(.MILLI.,.METRE.) );
#3077 = ( NAMED_UNIT(*) PLANE_ANGLE_UNIT() SI_UNIT($,.RADIAN.) );
#3078 = ( NAMED_UNIT(*) SI_UNIT($,.STERADIAN.) SOLID_ANGLE_UNIT() );
#3079 = UNCERTAINTY_MEASURE_WITH_UNIT(LENGTH_MEASURE(1.E-07),#3076,
  'distance_accuracy_value','confusion accuracy');
#3080 = PRODUCT_RELATED_PRODUCT_CATEGORY('part',$,(#7));
#3081 = MECHANICAL_DESIGN_GEOMETRIC_PRESENTATION_REPRESENTATION('',(
    #3082),#3075);
#3082 = STYLED_ITEM('color',(#3083),#15);
#3083 = PRESENTATION_STYLE_ASSIGNMENT((#3084,#3090));
#3084 = SURFACE_STYLE_USAGE(.BOTH.,#3085);
#3085 = SURFACE_SIDE_STYLE('',(#3086));
#3086 = SURFACE_STYLE_FILL_AREA(#3087);
#3087 = FILL_AREA_STYLE('',(#3088));
#3088 = FILL_AREA_STYLE_COLOUR('',#3089);
#3089 = COLOUR_RGB('',0.447059003357,0.474510015008,0.501960993452);
#3090 = CURVE_STYLE('',#3091,POSITIVE_LENGTH_MEASURE(0.1),#3092);
#3091 = DRAUGHTING_PRE_DEFINED_CURVE_FONT('continuous');
#3092 = COLOUR_RGB('',9.803921802644E-02,9.803921802644E-02,
  9.803921802644E-02);
ENDSEC;
END-ISO-10303-21;
